gain_error,resp_dev_lf,resp_min_hf,resp_max_hf,impulse_offset_uv,impulse_slope_uvs,cmrr_db,noise_uvpp,zin_drop,offset_gain_error,input_range_mv,ok_gain_error,ok_resp_dev_lf,ok_resp_min_hf,ok_resp_max_hf,ok_impulse_offset_uv,ok_impulse_slope_uvs,ok_cmrr_db,ok_noise_uvpp,ok_zin_drop,ok_offset_gain_error,ok_input_range_mv,compliant,violated,electrode_type
0.009270482002353031,0.0035019208716635664,0.8052603660333654,0.996265353436072,77.60781731821179,19.728295846721988,121.54049996351566,5.390898435595854,0.029927601707514517,3.552713678800501e-14,5.613686601187525,True,True,True,True,True,True,True,True,True,True,True,True,,gel
0.010660444274531056,0.0057322931875772865,0.8083479291602775,0.993934978242343,71.6442949555375,16.83285625276041,121.80088409698158,5.371281604160544,0.029816600606832333,1.354472090042691e-14,5.6829662761558115,True,True,True,True,True,True,True,True,True,True,True,True,,gel
0.0026826392788035225,0.0035761089511505695,0.8315835515501397,0.9962003403934798,72.05087313396287,17.0255735287103,121.63087502948251,5.412949324781049,0.030427743286522424,5.484501741648273e-14,5.676445018025778,True,True,True,True,True,True,True,True,True,True,True,True,,dry
0.011879188348892677,0.0016435507365072377,0.8268822913671701,0.9984977366358435,71.95675027124783,16.98397532308601,121.32098299380907,5.432098402805353,0.030701485615327373,5.551115123125783e-15,5.627372979536964,True,True,True,True,True,True,True,True,True,True,True,True,,dry
0.0084321660508766,0.004620786567271162,0.8068289068928233,0.9950962635328151,72.85629271626068,17.40385882629794,121.31164758154011,5.376563955856426,0.02996138710762819,4.007905118896815e-14,5.68009516129672,True,True,True,True,True,True,True,True,True,True,True,True,,gel
0.012986772253328782,0.0019812887328829465,0.8479271790930523,0.9990737042743366,78.25601660485576,20.060003699885524,121.41597824606194,5.4636262197686545,0.030855691530614515,3.68594044175552e-14,5.767813516162206,True,True,True,True,True,True,True,True,True,True,True,True,,gel
0.001801682264143234,0.002678547317946256,0.8173782843470341,0.9971323694604871,74.03675187299618,17.9699753905002,121.15329340995933,5.415821713119417,0.029988977538259243,2.4424906541753444e-14,5.700014635362624,True,True,True,True,True,True,True,True,True,True,True,True,,dry
0.005032409147930128,0.001698360933157561,0.8459696286617258,0.9984919391345324,73.37087048741593,17.65240324117175,121.3190384509099,5.451816711164219,0.030621901569504395,3.219646771412954e-14,5.649420960123229,True,True,True,True,True,True,True,True,True,True,True,True,,dry
0.0022573529495442113,0.0018244142195266155,0.8447488329319944,0.9989951736377873,75.22126259904039,18.546944042214644,121.07331931843426,5.456359538939607,0.031422744783653145,4.707345624410664e-14,5.693641969477602,True,True,True,True,True,True,True,True,True,True,True,True,,dry
0.0044683061511853195,0.0033752895488361467,0.832140420394726,0.9964105936576052,72.65393376738974,17.309672567159613,121.46770939312177,5.419245301957412,0.030427888912316403,3.574918139293004e-14,5.77798320974921,True,True,True,True,True,True,True,True,True,True,True,True,,gel
0.01279425892063546,0.005913027121651537,0.7963495773490852,0.9937399856787915,77.29643520819306,19.568383530809648,121.20660616351968,5.361447659213147,0.030022065597883674,2.886579864025407e-14,5.699021553146966,True,True,True,True,True,True,True,True,True,True,True,True,,gel
0.002355953999072957,0.0020337487018662337,0.8475304097771008,0.9978204080394433,78.35186693478589,20.107199695110868,121.72922666608423,5.4424144079031835,0.02983066236780829,4.374278717023117e-14,5.721349831509523,True,True,True,True,True,True,True,True,True,True,True,True,,dry
0.015049055270192957,0.0030867398581810868,0.8409547687429115,0.9967162802274746,72.98228777499365,17.465405304172243,121.81612255851022,5.439066336202617,0.029852454162657915,3.008704396734174e-14,5.833510655755717,True,True,True,True,True,True,True,True,True,True,True,True,,dry
0.009319041899101155,0.003981467412144002,0.8167601318880573,0.9957695142656817,77.73293718746007,19.79077266222557,121.41985830388174,5.396023743565831,0.030121971442627515,1.9539925233402755e-14,5.725549848674886,True,True,True,True,True,True,True,True,True,True,True,True,,gel
0.002496461460534505,0.003335796926271284,0.835623950742468,0.9964534573450292,73.08751906007548,17.515180512296993,121.18306596344246,5.4275738296622125,0.03014350541673083,3.8191672047105385e-14,5.696983514238622,True,True,True,True,True,True,True,True,True,True,True,True,,gel
0.0023293192533687668,0.004799538985700846,0.8026344967622863,0.99490728171573,73.06643116289386,17.503343960766156,122.06077411876387,5.380947650104252,0.029732880330137212,2.2648549702353193e-14,5.739286923656792,True,True,True,True,True,True,True,True,True,True,True,True,,gel
0.007868537418728172,0.005777424453867641,0.7996246531335787,0.9938834360600353,74.02453374382678,17.960259971564458,121.7413680311845,5.363447727402332,0.029903260203112625,4.285460875053104e-14,5.708335974829066,True,True,True,True,True,True,True,True,True,True,True,True,,gel
0.0036126203953263936,0.001991549956078309,0.8591596843181443,1.0010455467327624,75.9054166588846,18.885600092820518,121.1816337723745,5.4948997532760195,0.03277383371331577,2.375877272697835e-14,5.686525414921574,True,True,True,True,True,True,True,True,True,True,True,True,,gel
0.007072338262185451,0.0017678349276036842,0.8567607096358818,1.0005130289236963,72.02927333453596,17.02035962953793,121.36763250065471,5.489465399774919,0.03216130320074484,2.375877272697835e-14,5.7841327945266405,True,True,True,True,True,True,True,True,True,True,True,True,,gel
0.004734853673900252,0.0017572793703709566,0.8464476821511193,0.9998894977625122,72.5837274592996,17.28041058179476,121.29668935066307,5.468794496275679,0.031544088591746955,3.730349362740526e-14,5.633705390499999,True,True,True,True,True,True,True,True,True,True,True,True,,dry
0.003163842080278756,0.005083232301787977,0.7990392558258815,0.9946088440578592,75.73214425932419,18.791998334585536,121.39536228309825,5.367734625266557,0.030338355260535188,4.0190073491430667e-14,5.690777278639909,True,True,True,True,True,True,True,True,True,True,True,True,,gel
0.0028259658240117336,0.006298375675950929,0.7996106816637278,0.9933388258105633,77.99746217113307,19.921156932600024,121.70696295717772,5.35439619728362,0.03039211658379426,2.7977620220553945e-14,5.696049859311389,True,True,True,True,True,True,True,True,True,True,True,True,,dry
0.0010075555070501174,0.0045934453430023225,0.819469013393033,0.9951309113425948,77.5836357695283,19.714562785753227,121.12468963429197,5.391817680469801,0.03019875385950721,4.1744385725905886e-14,5.753382105756891,True,True,True,True,True,True,True,True,True,True,True,True,,dry
0.0056399229682746466,0.0020416697513315762,0.8319404580734006,0.9978052846622264,72.59229601950595,17.282113164968163,121.6319590752412,5.4302617018442465,0.029967329053505076,1.7763568394002505e-14,5.684330393213921,True,True,True,True,True,True,True,True,True,True,True,True,,dry
0.0028865481396072035,0.0023309130383326604,0.8429871450869527,0.9975076243576134,77.9180606283965,19.88659038844514,121.13899545691444,5.438679135082647,0.03007279646451222,3.086420008457935e-14,5.739559189016485,True,True,True,True,True,True,True,True,True,True,True,True,,dry
0.0016692879115092207,0.0020839910354336633,0.83257259549757,0.9977612839725203,74.8661573376907,18.372284195264452,121.47562470562167,5.4336511233105655,0.02990121816757585,2.6867397195928788e-14,5.7163858453221,True,True,True,True,True,True,True,True,True,True,True,True,,gel
0.0065899709444190435,0.0020787936825040765,0.8172311085179617,0.9977595428779212,77.30059006818166,19.575719131762305,121.47425406196861,5.413429259272102,0.03010057680257794,4.3520742565306136e-14,5.728309477767775,True,True,True,True,True,True,True,True,True,True,True,True,,gel
0.011909256871119434,0.0038483528114836574,0.8197026708497978,0.9959101473895108,73.1747287988203,17.556015278870426,121.6013928294893,5.409407077494512,0.03023154421688956,2.1760371282653068e-14,5.607232167669963,True,True,True,True,True,True,True,True,True,True,True,True,,gel
0.00729233448089861,0.0023519916115321005,0.8361640628772482,0.9974826019056909,73.78563859320211,17.849750801254377,121.04783996088229,5.43247589733099,0.03024166657019889,1.3655743202889425e-14,5.625747476465382,True,True,True,True,True,True,True,True,True,True,True,True,,gel
0.015231336110806515,0.006049599740355793,0.7940560160853857,0.9935960546761691,76.14693483416912,18.99540597106058,121.17630372431725,5.353016184763042,0.02993597084326538,2.375877272697835e-14,5.5986192813139475,True,True,True,True,True,True,True,True,True,True,True,True,,gel
0.007287601344810657,0.0029869805133433402,0.8390623698990131,0.9968197672665686,74.14210162998073,18.02042091693417,120.97475595860467,5.429355918309906,0.030100969769949804,1.0769163338864018e-14,5.716546064312913,True,True,True,True,True,True,True,True,True,True,True,True,,dry
0.0006174684043219747,0.005585619299426914,0.8060812077053194,0.9940871592102609,75.60148669760885,18.727226383163355,121.56504682942102,5.368252113631095,0.029833210187412806,2.1094237467877974e-14,5.7418130409647965,True,True,True,True,True,True,True,True,True,True,True,True,,dry
0.00522650938598912,0.0029841416774244456,0.8073132098045592,0.9968078877315018,72.34504509612495,17.16441859703846,121.63515700478496,5.396912620984019,0.030429997848031465,3.68594044175552e-14,5.724762800025882,True,True,True,True,True,True,True,True,True,True,True,True,,dry
0.010412540081158994,0.0018758692375504538,0.832757740598297,0.9980121791627605,77.45290863001345,19.652751021699444,121.6727986277478,5.431868707795917,0.030093391798090008,1.3988810110276972e-14,5.648845691328251,True,True,True,True,True,True,True,True,True,True,True,True,,dry
0.005989714180254513,0.0049718105485316855,0.8015259261776952,0.9947265706667293,77.62951824276696,19.737174568296624,121.21389720860763,5.378047086164944,0.029712684921641253,2.1760371282653068e-14,5.667732638364912,True,True,True,True,True,True,True,True,True,True,True,True,,dry
0.003492127235378173,0.002027604406001693,0.8278417430067256,0.9978180886888867,75.80707648447692,18.833068365893347,121.84169451891451,5.41894272224934,0.029924311811375337,2.708944180085382e-14,5.698977561789067,True,True,True,True,True,True,True,True,True,True,True,True,,gel
0.011603655265531199,0.002017407854289499,0.8564346135332307,1.0004500546870656,77.20145713166505,19.52940747388951,122.02621959222624,5.480781041649166,0.032553034932742975,1.0880185641326534e-14,5.619474721615597,True,True,True,True,True,True,True,True,True,True,True,True,,dry
0.01747194974756161,0.0018691034662949857,0.8420484416432722,0.9979902774553665,74.87448783692349,18.376653885425615,121.25122254022676,5.443681428784597,0.030219169866935958,1.5654144647214707e-14,5.813147070018122,True,True,True,True,True,True,True,True,True,True,True,True,,gel
0.004364029733617603,0.001818867112653888,0.8545119256017882,0.9989750313123227,75.25766294122614,18.564748130104316,121.45906077557308,5.465631072891937,0.03055852506339518,2.9976021664879227e-14,5.69276226750436,True,True,True,True,True,True,True,True,True,True,True,True,,gel
0.00939048609065174,0.00403273933636461,0.8005463654926595,0.9957079793798052,71.80218372764145,16.90852928023538,121.49144037570224,5.379713212806174,0.030544907727410586,1.9761969838327786e-14,5.583725082812835,True,True,True,True,True,True,True,True,True,True,True,True,,dry
0.009911399558938716,0.0024048435643064803,0.8151348315875173,0.9974175496304591,73.73753847075503,17.826588573410564,121.62180755095463,5.414633288809697,0.0301351064013049,1.7541523789077473e-14,5.808191620607653,True,True,True,True,True,True,True,True,True,True,True,True,,dry
0.0002182152404338611,0.0037896949640248145,0.8172692750902343,0.9959703469943769,71.14120745750675,16.6013797996294,121.61365121139637,5.399142751337241,0.029960003045481742,3.019806626980426e-14,5.631652779397169,True,True,True,True,True,True,True,True,True,True,True,True,,dry
0.006422783428667644,0.0017543811867736236,0.8628394498288884,1.0002519909482606,72.20176061798783,17.100935783996626,121.94719034597419,5.4935266168806205,0.03182983758346303,2.042810365310288e-14,5.786289004839236,True,True,True,True,True,True,True,True,True,True,True,True,,gel
0.008503417656256396,0.002021265848936582,0.8532337612809429,1.0008132596919364,76.74539763782312,19.30186483737557,121.56418370238028,5.486452955171818,0.03313809005028967,1.4210854715202004e-14,5.803804607539594,True,True,True,True,True,True,True,True,True,True,True,True,,dry
0.002871128679553081,0.0019789382812759326,0.8507181393297685,0.9999286478653279,77.08635593707785,19.471078651239154,121.67480334795601,5.466835354059326,0.03176000078302421,2.298161660974074e-14,5.765410427737046,True,True,True,True,True,True,True,True,True,True,True,True,,gel
0.0014988811419147652,0.004151965025352644,0.8040485204391427,0.9955850438189549,75.70363517650654,18.779229559343033,121.6391245203736,5.389281812550186,0.030275903374822666,1.687538997430238e-14,5.7343818683997485,True,True,True,True,True,True,True,True,True,True,True,True,,dry
0.005552447430212548,0.00195766188194868,0.8557246920245576,0.9986699014923527,78.4328042279113,20.149443264573293,121.54223081177604,5.46711649912861,0.03114222224446872,3.419486915845482e-14,5.682465172332851,True,True,True,True,True,True,True,True,True,True,True,True,,dry
0.008951199321235559,0.002329559030021855,0.8430220597590508,0.9975090839707077,74.97379387319931,18.424384494664423,121.22813782078082,5.436045536832435,0.030206901777732775,3.086420008457935e-14,5.703112749811611,True,True,True,True,True,True,True,True,True,True,True,True,,dry
0.005829293795506896,0.004350868591184054,0.7989383752780272,0.9953744679288865,78.35946357224432,20.10766104412962,121.27922195035623,5.376497312758205,0.02968530120526014,4.263256414560601e-14,5.747195342225163,True,True,True,True,True,True,True,True,True,True,True,True,,dry
0.004580831800050866,0.0020656215148416868,0.8332959562557577,0.9977808458097268,72.88554746818991,17.42076257902683,120.92589482908807,5.43191744852975,0.030182124762714313,2.708944180085382e-14,5.7324234284315425,True,True,True,True,True,True,True,True,True,True,True,True,,gel
0.0020089413222115216,0.0019615247548508963,0.8460233593524222,0.9978953389628353,74.6558686630221,18.270259894832368,121.15444063253682,5.444622501256892,0.029882629944623984,6.039613253960852e-14,5.709814303382832,True,True,True,True,True,True,True,True,True,True,True,True,,dry
0.006297542393038036,0.005051351296353257,0.8067053430864061,0.994645992064825,78.07979818893163,19.964755477191524,121.24450392659233,5.377285286494225,0.030622246272614118,7.549516567451064e-15,5.628688692615307,True,True,True,True,True,True,True,True,True,True,True,True,,gel
0.005122114418812496,0.0020211649898230766,0.8279459130122017,0.9978249126132708,71.56989035716347,16.80263593819433,121.19751789892368,5.429528688274922,0.03015061425132637,2.1538326677728037e-14,5.72735801338304,True,True,True,True,True,True,True,True,True,True,True,True,,dry
0.00680321190488975,0.001739210798057167,0.8559515826389322,1.0008427635655524,70.92260042252524,16.505709205700708,121.8398425494017,5.481695893702723,0.03281588241329314,2.808864252301646e-14,5.625471728061285,True,True,True,True,True,True,True,True,True,True,True,True,,dry
0.012766360647539554,0.0037857138039416594,0.8257980366418681,0.9959785056341891,72.21879455020866,17.10397091206058,121.65177154126282,5.412274950867797,0.029917962241426177,2.7755575615628914e-14,5.756501344956105,True,True,True,True,True,True,True,True,True,True,True,True,,gel
0.007529554735413835,0.004080869546024712,0.8159404802059589,0.9956651881723324,77.09776228671531,19.471350093273916,121.23996285260846,5.391818611032334,0.029895332864686597,2.786659791809143e-14,5.766819882974278,True,True,True,True,True,True,True,True,True,True,True,True,,gel
0.010200768448521025,0.0025237472377097614,0.8103541728884904,0.9972908694353535,73.31364259060408,17.62382956803888,121.57551890735448,5.40662676764253,0.03033628320045001,1.6653345369377348e-14,5.66350170677271,True,True,True,True,True,True,True,True,True,True,True,True,,gel
0.0001425438787232558,0.0053345442151599975,0.8130800520009798,0.9943530720022982,73.86989211274293,17.886429267467665,121.10936320032548,5.379888369015335,0.029926379298232608,5.551115123125783e-15,5.706963767437267,True,True,True,True,True,True,True,True,True,True,True,True,,gel
0.01125670361432729,0.001668103755040895,0.8314328488488757,0.9987707401536489,72.13795964234355,17.069310335676047,121.41329327696863,5.439842863977099,0.030456949117742327,2.6423307986078726e-14,5.696056839831267,True,True,True,True,True,True,True,True,True,True,True,True,,gel
0.014842377340552049,0.0024006767276801844,0.8164795511023369,0.9974225235337787,77.4592837563825,19.655015214233774,121.56923820407705,5.415964320335243,0.030406572888598715,1.709743457922741e-14,5.837740724079812,True,True,True,True,True,True,True,True,True,True,True,True,,dry
0.017651614836821206,0.00524301831567886,0.8031433047629878,0.9944438736757955,74.45956806530317,18.170890021310708,121.59040481608032,5.379351518666362,0.02973518823412069,1.865174681370263e-14,5.842620281464388,True,True,True,True,True,True,True,True,True,True,True,True,,gel
0.006213378751239396,0.0018400005579153333,0.853093168125661,0.9986871061485657,76.06663955673132,18.962208570828242,121.18874218572627,5.470593345890826,0.03069088626704075,4.107825191113079e-15,5.714213770353725,True,True,True,True,True,True,True,True,True,True,True,True,,gel
0.005876294530756443,0.005828236551489341,0.8031576044328843,0.993832108424221,72.32360568169427,17.150880018380914,121.68439908171356,5.362018676640965,0.029743683126081,2.353672812205332e-14,5.715239969994,True,True,True,True,True,True,True,True,True,True,True,True,,dry
0.010753140550134876,0.0026632937310214766,0.8177742271948235,0.9971484941720059,76.01213050694349,18.933413640541477,121.50685782792823,5.414278210990476,0.029727469276983665,3.4861002973229915e-14,5.622715286959388,True,True,True,True,True,True,True,True,True,True,True,True,,gel
0.010910612328229985,0.00448394352506476,0.8054463447153056,0.9952386039083659,78.20800643424954,20.030621331080408,121.58920884361132,5.38682403614185,0.03015800896052201,3.019806626980426e-14,5.810355887482137,True,True,True,True,True,True,True,True,True,True,True,True,,gel
0.017316158838311058,0.005814692080535422,0.8076797553900632,0.9938484706984468,76.31423498226846,19.07855752078413,121.77422872823273,5.365269554424541,0.030421565228528347,4.618527782440651e-14,5.5804379968481514,True,True,True,True,True,True,True,True,True,True,True,True,,dry
0.011159944562409319,0.0021313406228884446,0.8424459561820288,0.9977161516995305,75.5601601418021,18.711456548011835,121.49111205909338,5.440430243524931,0.030207923269212178,3.83026943495679e-14,5.580607297061366,True,True,True,True,True,True,True,True,True,True,True,True,,dry
0.0011368039207182434,0.004248259412790278,0.8079479647705108,0.9954863116711494,73.84342616347332,17.87514673125531,120.8788118266812,5.384286888409642,0.029879065002039518,4.6407322429331543e-14,5.630998004024397,True,True,True,True,True,True,True,True,True,True,True,True,,gel
0.0027075129237182916,0.00395439988816082,0.8238068110484064,0.9958011317395324,78.69489683685055,20.279306058419778,121.34044431620939,5.408050962495575,0.030447137031329508,3.3084646133829665e-14,5.722442787032577,True,True,True,True,True,True,True,True,True,True,True,True,,dry
0.0036760099504162813,0.005014166235461026,0.8019745211379047,0.9946825172776164,77.45749501032702,19.65052682141797,121.12639279018504,5.369610458618978,0.030120701274218398,2.4424906541753444e-15,5.748123819106795,True,True,True,True,True,True,True,True,True,True,True,True,,dry
0.0019601725279865256,0.004330080206214393,0.8200318674893365,0.995406578270685,74.33933417415324,18.11383607162676,121.82519105656469,5.405968398557369,0.029910378234558777,3.8413716652030416e-14,5.63758583041426,True,True,True,True,True,True,True,True,True,True,True,True,,gel
0.014991998701173292,0.003550969150404093,0.8019781419597579,0.9962124490454881,74.36311952006606,18.12635023832115,121.4154680227039,5.381239726637654,0.030307382580329834,3.397282455352979e-14,5.589509874487111,True,True,True,True,True,True,True,True,True,True,True,True,,dry
0.011062494009435042,0.0016911200359578382,0.8510092290331797,0.9994092961950946,71.94826047164096,16.981069686668835,121.54488806074328,5.4693755415234016,0.031232146386390602,4.374278717023117e-14,5.6645029001187215,True,True,True,True,True,True,True,True,True,True,True,True,,dry
0.0160499291890126,0.00165176722461724,0.8387774958749081,0.9983904233300495,72.45057432342202,17.21577760234795,121.58001509677263,5.449045304344208,0.030071700929453438,1.354472090042691e-14,5.754435745793126,True,True,True,True,True,True,True,True,True,True,True,True,,dry
0.010169082322831091,0.0017748358379644502,0.8291201167692281,0.998239974430558,75.07756545131619,18.475916607670104,121.4877121956041,5.43760037126928,0.030032425301041776,2.2426505097428162e-14,5.80034077334751,True,True,True,True,True,True,True,True,True,True,True,True,,dry
0.0026972794370876407,0.004014247813672989,0.803717499676887,0.9957289084980651,72.09087204187855,17.04372388073474,121.18847841532116,5.385162667210651,0.029654232999777985,3.530509218307998e-14,5.722406609880701,True,True,True,True,True,True,True,True,True,True,True,True,,dry
0.008877563870206662,0.0039060855151911156,0.8257688789783385,0.9958525861181297,75.94679354782018,18.89939259915289,121.92805336962522,5.409077547447189,0.030229947384967426,1.4876988529977098e-14,5.769437815476708,True,True,True,True,True,True,True,True,True,True,True,True,,gel
0.010313463289411295,0.002050652004843445,0.8548469325206316,1.000419541168344,77.87444461892618,19.86846622258525,121.72487966335517,5.483630217604102,0.03229856142597265,1.2989609388114332e-14,5.753522534102374,True,True,True,True,True,True,True,True,True,True,True,True,,gel
0.01752601824630373,0.005610260418704605,0.8015477467552538,0.994059165914771,72.65843136034876,17.30907427321405,121.41392067334748,5.36155247687147,0.030175526393217633,2.353672812205332e-14,5.646871374216294,True,True,True,True,True,True,True,True,True,True,True,True,,dry
0.00702224731728518,0.003971847565779729,0.8047091238730176,0.9957737203032733,74.32612838730883,18.10785704326855,121.37398247868107,5.3854839528519545,0.029617299034072175,1.5210055437364645e-14,5.667648077047143,True,True,True,True,True,True,True,True,True,True,True,True,,gel
0.004359725688673377,0.0033948394160840945,0.8380123953463919,0.9963927214079684,78.73060741664801,20.298245533279474,121.07199673035508,5.422145878494783,0.030153170000219887,3.219646771412954e-14,5.6556922194201,True,True,True,True,True,True,True,True,True,True,True,True,,dry
0.009151691427920716,0.0032860416561337757,0.8232334773417296,0.9964997945680909,76.5663638171404,19.207183869418472,121.8201135257952,5.407194707273302,0.029989167496730862,2.020605904817785e-14,5.709275824750985,True,True,True,True,True,True,True,True,True,True,True,True,,gel
0.005677998311504839,0.0020242456447086,0.8560194117884246,1.00053842605098,77.2111303175109,19.53445877821463,121.65450224925799,5.488852252617488,0.03266154349555306,1.5987211554602254e-14,5.753858212533149,True,True,True,True,True,True,True,True,True,True,True,True,,dry
0.00579152077534939,0.005361597615771374,0.8088528430866244,0.9943226854892353,79.18296631944186,20.5273218654467,121.63624764689067,5.373804170160183,0.029885256126471638,4.2299497238218464e-14,5.661010989282513,True,True,True,True,True,True,True,True,True,True,True,True,,gel
0.006379726554879284,0.0030451498399842736,0.8169701974351925,0.9967487337174781,78.6403482710066,20.25276919062754,121.80398775696973,5.408640527624794,0.029785239213111603,1.9539925233402755e-14,5.686910252526245,True,True,True,True,True,True,True,True,True,True,True,True,,dry
0.001618431603196191,0.0017405234083504029,0.8579631872128325,0.9989980891761129,73.66602993319823,17.794268025650325,121.38192677688663,5.469573854418942,0.03058796364274785,5.395683899678261e-14,5.6440112751827725,True,True,True,True,True,True,True,True,True,True,True,True,,dry
0.015669175848798345,0.0017897607527929127,0.8558672181594498,1.0007343913796234,72.15852063038216,17.081186356871985,121.88933405496354,5.478287629974061,0.032390631016110505,2.731148640577885e-14,5.6317687798808675,True,True,True,True,True,True,True,True,True,True,True,True,,dry
0.008196551067972901,0.0018115825174428446,0.8309059400436555,0.9987540861420127,75.12176095573768,18.49812376133292,121.37119642599666,5.442925173835815,0.030786448685794277,2.375877272697835e-14,5.6606481828161765,True,True,True,True,True,True,True,True,True,True,True,True,,gel
0.016789718733956738,0.006254387388083371,0.8008819805485107,0.9933854968083097,72.56013559486325,17.26177311142837,121.7152843738284,5.358555556433421,0.02976647090920337,3.419486915845482e-14,5.820718111405005,True,True,True,True,True,True,True,True,True,True,True,True,,gel
0.007852271233978803,0.002020999715770855,0.8370448484873652,0.9978291828179895,74.79187484339607,18.336235994976924,121.91448108191217,5.427567068990333,0.029939905889928453,2.6756374893466273e-14,5.557898212589905,True,True,True,True,True,True,True,True,True,True,True,True,,gel
0.002311758489218496,0.0024895339215528223,0.847582965817423,0.9973437488918823,73.62634821111942,17.773189465909624,121.35278330639672,5.4364963028498146,0.03010089816023176,3.26405569239796e-14,5.711658707544399,True,True,True,True,True,True,True,True,True,True,True,True,,gel
0.00865287657360403,0.0018848662315115172,0.8508555009901639,1.0003033902559895,74.68579222370433,18.287618027650137,121.80914730486558,5.470328024489439,0.03200831497614298,3.086420008457935e-14,5.65940117599995,True,True,True,True,True,True,True,True,True,True,True,True,,dry
0.0059846164803532,0.0019825488281889347,0.8322628316481265,0.9978672176087029,78.2621633757603,20.061648774087764,121.84952057288216,5.43086926035982,0.03012668048199363,3.219646771412954e-14,5.692838600685659,True,True,True,True,True,True,True,True,True,True,True,True,,gel
0.009742598264019575,0.002511016199377103,0.8408682718686061,0.9973183482520221,75.41728452712009,18.640908328834932,121.74342218398807,5.435480445642672,0.02972024684047081,1.4988010832439613e-14,5.601142188357518,True,True,True,True,True,True,True,True,True,True,True,True,,gel
0.005960794776315392,0.0068052018822065685,0.7946378368529287,0.992806525792638,78.42480490602847,20.1374517836977,121.02308989985355,5.35290875106907,0.03008916994824551,1.3100631690576847e-14,5.762102863479426,True,True,True,True,True,True,True,True,True,True,True,True,,dry
0.008115093922831829,0.0020320203776095225,0.8495436244306586,1.0006478306172728,77.1384592084035,19.498223289053893,121.80988387461163,5.482004310931529,0.03267593553313908,2.7755575615628914e-14,5.79322062302144,True,True,True,True,True,True,True,True,True,True,True,True,,dry
0.003871945450747205,0.003454773932690891,0.8054458043057944,0.9963147980852988,72.32574668759288,17.15468436975134,121.13994496968121,5.396755421618934,0.02986651936939755,1.1435297153639112e-14,5.668009426154569,True,True,True,True,True,True,True,True,True,True,True,True,,gel
0.0016742896228669757,0.005218738089068586,0.8082449534874788,0.9944717709230297,75.99621652909595,18.922059458393417,121.60224833465662,5.386175506974044,0.030131991157340443,2.8199664825478976e-14,5.624498079684873,True,True,True,True,True,True,True,True,True,True,True,True,,gel
0.008648206235976286,0.0020291880214341473,0.8562795108190575,0.9997836087034175,78.3282527827808,20.09774967454335,121.55106049939872,5.479686106053276,0.032241073673272,5.10702591327572e-15,5.703206588242382,True,True,True,True,True,True,True,True,True,True,True,True,,dry
0.0012167084125407346,0.0018976066332833108,0.8517128063496052,0.9979887881944948,78.14045740333096,19.99992801600071,121.53964568126986,5.458526511213307,0.030344514967299174,6.272760089132134e-14,5.673123353618078,True,True,True,True,True,True,True,True,True,True,True,True,,dry
0.010028113598919308,0.004930533957400174,0.8078509872240655,0.9947729040606009,74.36087341547342,18.12348723653677,121.7461636145367,5.383825992351636,0.02992210784372762,3.863576125695545e-14,5.76307510235626,True,True,True,True,True,True,True,True,True,True,True,True,,dry
0.010183448387837801,0.0019952028585717985,0.8365334831740211,0.9978559113157749,77.66024250483363,19.756784002574534,121.8196037049166,5.4355366913182985,0.029988677212261616,4.374278717023117e-14,5.756578075711886,True,True,True,True,True,True,True,True,True,True,True,True,,gel
0.000805856773181679,0.004804457245800253,0.8135102222784357,0.9949074580338518,76.12849003695858,18.987974894608374,121.81124506252354,5.382845554112157,0.030342441160818412,1.6209256159527285e-14,5.66199652270967,True,True,True,True,True,True,True,True,True,True,True,True,,gel
0.0005405898644259555,0.004966214120246559,0.805691327588811,0.9947345021196202,77.71004345494202,19.777872967554323,121.31746633656164,5.37765179436496,0.03033421262387892,3.3306690738754696e-14,5.734489237683441,True,True,True,True,True,True,True,True,True,True,True,True,,dry
0.006190068191763487,0.005999046215844128,0.8000289836308417,0.9936519215150683,78.91779686497065,20.390327267259885,121.16635552757607,5.366019137006839,0.029894671778804227,2.919886554764162e-14,5.709088977697949,True,True,True,True,True,True,True,True,True,True,True,True,,gel
0.007492571453230568,0.00420084673446075,0.8102698336903346,0.9955369934387428,77.39205236593816,19.618797303001593,121.49584038960334,5.397007452091695,0.029890831664558415,3.175237850427948e-14,5.766858649791145,True,True,True,True,True,True,True,True,True,True,True,True,,gel
0.014839823489884996,0.004609970399892416,0.804691337188096,0.9951064876954471,75.30779698232107,18.58445108653182,121.01314137574262,5.37465108369704,0.030158787281043375,2.731148640577885e-14,5.510915479440787,True,True,True,True,True,True,True,True,True,True,True,True,,gel
0.015559131815760963,0.0036016962571878697,0.8341083522623728,0.9961747118987175,73.18665283324098,17.562009056548856,121.1619720165248,5.4213070075266465,0.03024940044610469,2.90878432451791e-14,5.718396749430723,True,True,True,True,True,True,True,True,True,True,True,True,,gel
0.009609627899483497,0.004185449068433322,0.8244249138634743,0.9955598807440079,72.23100668526452,17.10925462254349,121.12102791594408,5.407584739305009,0.030236479606434163,3.241851231905457e-14,5.722661329775375,True,True,True,True,True,True,True,True,True,True,True,True,,gel
0.011801227496558098,0.0018969333698846125,0.848397960205063,0.9990236523479002,76.67731882172266,19.26561027042437,121.0212993030307,5.460693034232278,0.031108454795645613,3.1308289294429414e-14,5.726371464757925,True,True,True,True,True,True,True,True,True,True,True,True,,gel
0.0009022742109979776,0.0016544643232644374,0.850677379537812,0.9982749901032711,72.83046397479073,17.395323187538867,121.2411639757053,5.456706245978405,0.030250770504270608,3.4861002973229915e-14,5.701916835584838,True,True,True,True,True,True,True,True,True,True,True,True,,gel
0.0035803305091095528,0.0059554924236592255,0.7983705625203571,0.9936966407151121,75.53168873659388,18.692390202967296,121.4253132971961,5.359359306242349,0.029642371804198375,2.4868995751603507e-14,5.712857321434019,True,True,True,True,True,True,True,True,True,True,True,True,,gel
0.0073450235785215146,0.002508769943215916,0.8409120427591603,0.9973207188895492,74.9446780603905,18.409864630284012,121.23356646175763,5.437171798844621,0.03018002886237836,3.530509218307998e-14,5.6724143847689845,True,True,True,True,True,True,True,True,True,True,True,True,,gel
0.0008142669327321217,0.0017842156400712517,0.8295712739629015,0.9989968577876391,74.20338059745484,18.05252816960427,121.10036888553067,5.438735894429515,0.030791971434051102,5.595524044110789e-14,5.6671300359062595,True,True,True,True,True,True,True,True,True,True,True,True,,gel
0.0017454852659020137,0.003564153535096093,0.8212709185895029,0.9962080538018201,75.25461887821099,18.559793240572326,121.33619323729816,5.415578501995135,0.030259565694994772,2.5979218776228663e-14,5.661724577678651,True,True,True,True,True,True,True,True,True,True,True,True,,dry
0.01876315538286999,0.005524491303535495,0.8012926556019152,0.9941486528935688,77.99918642139593,19.92321555240891,121.60515520697041,5.361850604710787,0.029933748546951966,1.3655743202889425e-14,5.567496292473129,True,True,True,True,True,True,True,True,True,True,True,True,,dry
0.02118658512512228,0.0019359530656436474,0.8528006988040089,0.9991884252496064,77.2743424929854,19.564377852520952,121.85473857490295,5.472348172398604,0.03111425513839794,1.4654943925052066e-14,5.82343260554953,True,True,True,True,True,True,True,True,True,True,True,True,,dry
0.002445813449890033,0.002455499570561903,0.8371857491861263,0.997374763654514,77.40382943973927,19.62711689836696,121.54143439471676,5.436744674873982,0.029606448137606822,3.419486915845482e-14,5.669562147634839,True,True,True,True,True,True,True,True,True,True,True,True,,gel
0.003496145317226418,0.0045322124407378706,0.8174691645782592,0.9951940055735348,75.60130669587895,18.728538696604325,121.32990160372294,5.396459338007341,0.030180090292342476,1.1102230246251565e-14,5.7251932197161,True,True,True,True,True,True,True,True,True,True,True,True,,dry
0.0031449593715487945,0.002061765750779876,0.8321193049281927,0.9977843019642866,77.43277125635015,19.6422770082597,121.40468082817593,5.429849098915754,0.02995344603654626,2.886579864025407e-14,5.776895917821871,True,True,True,True,True,True,True,True,True,True,True,True,,gel
0.0032033065207486278,0.0023622964402822966,0.8339605229603194,0.9974707965842922,77.79962148862894,19.826664013616067,121.18703660865569,5.425981940041069,0.029844973762396587,2.0539125955565396e-14,5.716454917958833,True,True,True,True,True,True,True,True,True,True,True,True,,gel
0.00841037088040597,0.005261330994936642,0.8105314309667143,0.9944283626556468,75.57331920731725,18.71382004617661,121.39822956250507,5.376693123594917,0.03008800016292823,1.5765166949677223e-14,5.6764388565572785,True,True,True,True,True,True,True,True,True,True,True,True,,gel
0.006287319816270065,0.0018631727089591932,0.8375487243110588,0.999348094917524,75.41819682663544,18.64379153813191,121.29856177158806,5.454844637240969,0.03152603114039132,3.497202527569243e-14,5.689516349337231,True,True,True,True,True,True,True,True,True,True,True,True,,dry
0.016347305134319368,0.004447962833783681,0.8043369177713924,0.9952757181182263,73.2864211916268,17.60850553027574,121.51831199115381,5.381704787252737,0.030260004249436423,2.2426505097428162e-14,5.799046048681817,True,True,True,True,True,True,True,True,True,True,True,True,,gel
0.015605948209578058,0.003267269949491114,0.8247369315127747,0.9965201438425694,74.95450355466652,18.413697479980883,121.42481957026655,5.411278247715503,0.030523707919047016,2.7533531010703882e-14,5.583068847601749,True,True,True,True,True,True,True,True,True,True,True,True,,dry
0.012850684152477143,0.0019201501717779346,0.8432536728920319,0.997960533032026,78.51425530959561,20.18998296616869,121.2942423002529,5.447905512621766,0.029954324605247717,6.639133687258436e-14,5.736807534570567,True,True,True,True,True,True,True,True,True,True,True,True,,gel
0.006556675425404279,0.0032588235845236735,0.8358687731963232,0.9965340153672033,78.38789844179072,20.123788010605676,121.10720766896625,5.4214929583003455,0.030173579188352173,5.88418203051333e-15,5.680488929431041,True,True,True,True,True,True,True,True,True,True,True,True,,gel
0.011904216649183619,0.001958253434365065,0.8462630032863717,0.9989525963242524,77.9519650457172,19.905719069791502,121.85949601697656,5.459134805514167,0.030923953599330423,3.885780586188048e-14,5.6021303227621635,True,True,True,True,True,True,True,True,True,True,True,True,,gel
0.0056193450460424454,0.0030481006733400484,0.8294726741041694,0.9967515410976718,73.7981478949188,17.85492815357389,121.44036776002481,5.417592923280814,0.03004447647110886,3.2529534621517087e-14,5.7268692325446935,True,True,True,True,True,True,True,True,True,True,True,True,,gel
0.010780393988046866,0.004026205534777283,0.8136563939631855,0.9957212435461115,77.68078175731651,19.764330840227647,121.04002124440149,5.397049469414795,0.03044953012458984,3.341771304121721e-14,5.613765113675465,True,True,True,True,True,True,True,True,True,True,True,True,,gel
0.0066690921832006644,0.005347188683891613,0.8125796223087302,0.9943396243362519,72.3914897677449,17.18341546081604,121.58575799237687,5.3746744544645,0.029916497419774757,6.5503158452884236e-15,5.625751654259647,True,True,True,True,True,True,True,True,True,True,True,True,,gel
0.010443434776497451,0.004368712885512771,0.8179211356245961,0.9953651548904092,77.51921028953592,19.682539260174554,121.59589921308151,5.400353228197563,0.029828010093318036,3.086420008457935e-14,5.696722141822149,True,True,True,True,True,True,True,True,True,True,True,True,,gel
0.010048259284810013,0.004107799205697593,0.8182718227304608,0.9956381396072567,77.396763342129,19.62125597096063,121.28038452795053,5.397579908423379,0.030221516885852173,2.6645352591003757e-14,5.764544123611422,True,True,True,True,True,True,True,True,True,True,True,True,,gel
0.009262070238964082,0.0031675807674604872,0.8072280925769741,0.9966160145320423,71.85071597473744,16.932321672082022,121.28980660654967,5.404424435670629,0.029808903637931983,3.341771304121721e-14,5.736907563099302,True,True,True,True,True,True,True,True,True,True,True,True,,dry
0.013163579747712095,0.0017556406701887406,0.8315565103238293,0.9984138590718384,74.47367300031647,18.1825154591682,121.1621224636145,5.434020385502438,0.030366762706504624,4.418687638008123e-14,5.566414362770766,True,True,True,True,True,True,True,True,True,True,True,True,,gel
0.009729359440568075,0.004814037771524782,0.8113243906760482,0.9948963880173325,75.77082844563155,18.811602257673016,121.58295383565348,5.380937894621758,0.030326652187715242,4.1744385725905886e-14,5.604049396269704,True,True,True,True,True,True,True,True,True,True,True,True,,dry
0.0022443378928875823,0.0022767866194808306,0.8200618545827878,0.9975538514378454,72.61442266020715,17.29219441444186,121.1786980071838,5.411707952094232,0.03024482529915129,1.5765166949677223e-14,5.712981217008532,True,True,True,True,True,True,True,True,True,True,True,True,,gel
0.00035690204708294093,0.00370014139680952,0.8159258779040347,0.9960632988292862,76.7383629625153,19.292236893238588,121.66657709043419,5.397544093185467,0.029929848866521613,7.549516567451064e-15,5.690894764626029,True,True,True,True,True,True,True,True,True,True,True,True,,gel
0.003546486670570337,0.0040169616105975026,0.8027983835205503,0.9957256087540439,72.23784791116516,17.112681113752988,122.00511796478195,5.3841640098196955,0.029974134932157948,5.1958437552457326e-14,5.654286787153049,True,True,True,True,True,True,True,True,True,True,True,True,,dry
0.018598110403921564,0.0020396340354752462,0.8269823524587303,0.9978051119108555,75.66090620625158,18.76110905615953,120.98296414660962,5.428853360609267,0.03003786982712553,3.3084646133829665e-14,5.785523648403509,True,True,True,True,True,True,True,True,True,True,True,True,,gel
0.01917920263116213,0.0036066517044519575,0.8275023763300732,0.9961665073372511,75.66948118188512,18.763284968074085,121.62514773993144,5.412875239882128,0.029969355416491816,1.4210854715202004e-14,5.641808024988228,True,True,True,True,True,True,True,True,True,True,True,True,,gel
0.013421751680090965,0.0027149985730670068,0.82581679770027,0.9970982233358524,73.97772081928473,17.941592993559237,121.11902378350965,5.42313209296258,0.03023799682811934,3.241851231905457e-14,5.586119431594688,True,True,True,True,True,True,True,True,True,True,True,True,,gel
0.0039635511867500695,0.001983709291227931,0.8455664675134645,0.9999350420268148,77.1094417998123,19.482672800071615,121.41752336977261,5.463805287798646,0.03205412569856225,3.774758283725532e-14,5.767828664088021,True,True,True,True,True,True,True,True,True,True,True,True,,dry
0.007721628807011216,0.0017157943893438832,0.8488282551439379,0.9996774416038839,72.04964926526384,17.028796091564427,121.46805401142902,5.46613659720804,0.03128399511025759,2.842170943040401e-14,5.688562193036828,True,True,True,True,True,True,True,True,True,True,True,True,,gel
0.004805173532467677,0.0025807741230904346,0.8358940078615357,0.9972431529739054,78.4930253367678,20.178181292081494,121.33267945282327,5.434434702789375,0.030327323718340904,2.353672812205332e-14,5.741717957378841,True,True,True,True,True,True,True,True,True,True,True,True,,gel
0.010800011865207404,0.0058408994822242155,0.7969840310930173,0.9938156946389664,78.51829123122187,20.186459028280236,121.7639789828555,5.354999405741612,0.029833698920658458,2.9753977059954195e-14,5.682744667936086,True,True,True,True,True,True,True,True,True,True,True,True,,dry
0.005237212212364506,0.0020198616451554408,0.8595293479531061,1.0001017315271477,77.75702244008342,19.808619078624833,121.8545995058851,5.479673791778807,0.03174473734077421,2.55351295663786e-14,5.73017039492169,True,True,True,True,True,True,True,True,True,True,True,True,,gel
0.0036575773036534587,0.0017962395376394102,0.8571734795303415,1.0008356157373315,72.16440581887157,17.084074424975633,121.55680824259298,5.489495517184581,0.03291881762937243,2.4424906541753444e-14,5.700620953357045,True,True,True,True,True,True,True,True,True,True,True,True,,gel
0.007897179444076752,0.0037357386834303563,0.822322388605496,0.9960291243429324,74.86794549647112,18.37103066130608,121.3363921205105,5.4095990505897955,0.029673879524113378,2.042810365310288e-14,5.792634942371193,True,True,True,True,True,True,True,True,True,True,True,True,,gel
0.0029698019215405047,0.0019731703446034254,0.8396603167843758,0.9997466560018781,77.08590281271053,19.470628910833398,121.06295520217398,5.460084436524592,0.03200464858909191,5.551115123125783e-14,5.641084037575074,True,True,True,True,True,True,True,True,True,True,True,True,,dry
0.0104036683250317,0.0019087032606426302,0.8585688864498702,1.0007717420049131,74.60643056302851,18.24970543653474,121.3712940291775,5.4840553684836,0.03276015982678537,1.3988810110276972e-14,5.69546777574827,True,True,True,True,True,True,True,True,True,True,True,True,,gel
0.011886808516197389,0.0019667157917832023,0.8554124407063373,0.9990880057084982,78.0416935797064,19.95138089814386,121.26504116431384,5.466553700522196,0.03125196841518896,3.019806626980426e-14,5.560128949551117,True,True,True,True,True,True,True,True,True,True,True,True,,gel
2.192360207009525e-05,0.004254730232250092,0.8175191143198454,0.9954841967759102,71.83675334100144,16.92449121248833,121.72171585687705,5.398549401879759,0.029959063125315377,1.9539925233402755e-14,5.6077876251097685,True,True,True,True,True,True,True,True,True,True,True,True,,dry
0.01376583476892268,0.0017166438186829724,0.8581002853691259,1.0003028554058164,71.2655686219848,16.6639161688205,121.6718787036805,5.481548263970976,0.03162202322529384,4.4853010194856324e-14,5.656651724998942,True,True,True,True,True,True,True,True,True,True,True,True,,dry
0.012646170542105484,0.002920068544138066,0.8402447357241517,0.996890276833795,73.20167220421736,17.570021370692057,121.14246979005358,5.42966829249511,0.0300255057913702,4.929390229335695e-14,5.616293479380535,True,True,True,True,True,True,True,True,True,True,True,True,,dry
0.0068808400618634025,0.0017959143166015323,0.8362288920219515,0.998571425432988,75.13132374151023,18.50251541441486,121.4780382785827,5.441440515612961,0.03048480626415173,5.395683899678261e-14,5.795250785631936,True,True,True,True,True,True,True,True,True,True,True,True,,dry
0.010851339420850703,0.002104948221960057,0.8376351677745677,0.9977416123803429,77.59852485006189,19.725575828991097,121.64871901245621,5.438665675137629,0.029948424562581955,1.4876988529977098e-14,5.765954934433837,True,True,True,True,True,True,True,True,True,True,True,True,,dry
0.0006701165918767682,0.0018398703292603624,0.8393678730906898,0.998928480461998,75.55789293021195,18.711896259035903,121.5642108286302,5.452905362376178,0.030999770093771417,1.454392162258955e-14,5.751781492210635,True,True,True,True,True,True,True,True,True,True,True,True,,gel
0.020514733858115752,0.0023262281977487476,0.8483457613775801,0.9975148684884194,75.03859687133867,18.455962312199894,121.698924557134,5.444983097055778,0.029969087087691082,9.325873406851315e-15,5.554044297934376,True,True,True,True,True,True,True,True,True,True,True,True,,gel
0.004322052769954565,0.003893372500419545,0.8024649635489881,0.9958546204139772,77.72967722142702,19.789209887850745,121.41894486803633,5.381415357526172,0.029939064909573987,2.353672812205332e-14,5.6463856847664475,True,True,True,True,True,True,True,True,True,True,True,True,,dry
0.008298527161915814,0.00469058245990317,0.8017797873560539,0.9950207752840493,72.09077034795506,17.042822469285092,121.59371382035764,5.376378949580736,0.030010609706759173,8.104628079763643e-15,5.62443039044539,True,True,True,True,True,True,True,True,True,True,True,True,,gel
0.021280890233501992,0.002149041998288692,0.839515829269103,0.9976963802515152,71.84965618329112,16.932906895628605,121.96800529991603,5.431771039010299,0.030052339789363725,3.3084646133829665e-14,5.603716056040447,True,True,True,True,True,True,True,True,True,True,True,True,,gel
0.002411148453203893,0.0034199800472127784,0.8158150022065106,0.9963562578792915,71.94776668782066,16.977399099945803,121.41713976676184,5.407942765410777,0.030015829741126154,1.9761969838327786e-14,5.672720501612523,True,True,True,True,True,True,True,True,True,True,True,True,,gel
0.014075581989348551,0.0052236709476071175,0.8067984705418115,0.9944659397681485,71.95310139452133,16.977667301039016,120.93883182735242,5.378615837321799,0.030229097231979973,4.951594689828198e-14,5.66581119648054,True,True,True,True,True,True,True,True,True,True,True,True,,dry
0.015909839448934315,0.004325123243915319,0.8205502329715384,0.9954120163033017,72.95628982826355,17.45152363708005,121.73249034186264,5.405584688530168,0.029886536302951017,8.992806499463768e-15,5.810152919801738,True,True,True,True,True,True,True,True,True,True,True,True,,gel
0.01173245084084451,0.0018582489611579378,0.8452538706249082,1.000165866496139,74.26570888038842,18.08410431248086,121.81569681030281,5.463781062649165,0.031833963719454794,4.1300296516055823e-14,5.625667515473683,True,True,True,True,True,True,True,True,True,True,True,True,,dry
0.005285887023701807,0.0018704342065924973,0.8216339007819027,0.9979796160761741,72.43634477473258,17.208742063723715,121.1963529739204,5.428006110116664,0.029955674543265087,1.3322676295501878e-14,5.6589023200421265,True,True,True,True,True,True,True,True,True,True,True,True,,dry
0.008119003860358687,0.003702917590563848,0.8091426452045497,0.9960571029576116,76.93368450675494,19.389755572230374,121.72309675570183,5.39812911850638,0.030143583871550583,5.6621374255882984e-14,5.780825994924735,True,True,True,True,True,True,True,True,True,True,True,True,,gel
0.01665201073249656,0.0017762501072696724,0.8244782801133782,0.9980794632276313,72.93006003384356,17.442289078864487,120.9459229557873,5.429958416869268,0.02962450937703409,2.930988785010413e-14,5.8170870511837025,True,True,True,True,True,True,True,True,True,True,True,True,,gel
0.010853127665075846,0.001732073476389262,0.8513052200943854,0.9986797544751336,73.86567302374435,17.88957008875139,121.81379617401369,5.454159686700829,0.03079577154636237,3.497202527569243e-14,5.584079322384735,True,True,True,True,True,True,True,True,True,True,True,True,,dry
0.008192188592209826,0.0019635131886793777,0.8577847306545675,0.9987506418794272,78.460888561815,20.163909092360985,121.72983458387434,5.465680709921208,0.031236064963261923,2.964295475749168e-14,5.696435144092779,True,True,True,True,True,True,True,True,True,True,True,True,,dry
0.014510298580524883,0.003540671287703856,0.8071613632996295,0.9962258179039787,73.22255060767078,17.579160795257163,121.67023550288276,5.392443557429126,0.03016999287473876,3.907985046680551e-14,5.742881576612597,True,True,True,True,True,True,True,True,True,True,True,True,,dry
0.008428669304678782,0.0042665403611892305,0.8066028607162874,0.9954664863004653,78.54243587540388,20.201037362372535,121.9583708489584,5.392754904665482,0.030073469583026702,8.43769498715119e-15,5.774019637469768,True,True,True,True,True,True,True,True,True,True,True,True,,gel
0.003182488730031796,0.006976255126312836,0.7954388791844161,0.9926281702608761,76.58230092939684,19.210013801718357,121.71817303720059,5.346474625433377,0.03013941518330665,2.19824158875781e-14,5.736335384311426,True,True,True,True,True,True,True,True,True,True,True,True,,dry
0.0005463295930535628,0.0017200294159757101,0.8353007043728187,0.9991251728572218,72.76544534458405,17.365510479972865,121.17238464261915,5.454389606421369,0.03104521550976469,5.972999872483342e-14,5.731893927235527,True,True,True,True,True,True,True,True,True,True,True,True,,gel
0.0015303121939198583,0.004911770806259708,0.8052309243974672,0.9947912283703227,74.1379696311091,18.01599225483618,121.56151209805473,5.3815733240111525,0.029955386580473253,1.687538997430238e-14,5.670510486763575,True,True,True,True,True,True,True,True,True,True,True,True,,dry
0.01590498510596139,0.0018467180905249458,0.8464933173145552,0.9987903195822726,75.9769441775525,18.918022261420546,121.69868152704888,5.461361956157206,0.030982035672068697,1.887379141862766e-14,5.819610702485229,True,True,True,True,True,True,True,True,True,True,True,True,,dry
0.0013834580788809614,0.0017239355163530812,0.8505486725975294,0.9981458187799253,72.65381499791664,17.31149904168669,121.63894077141333,5.462782633333932,0.029897912391996462,6.328271240363392e-15,5.694475636489639,True,True,True,True,True,True,True,True,True,True,True,True,,gel
0.0020186041575649405,0.002031617030428534,0.8542009960085034,1.00011642527618,77.90461405333694,19.883239123759534,122.08270253538055,5.481385950925011,0.03241543177500372,1.7208456881689926e-14,5.709562003540426,True,True,True,True,True,True,True,True,True,True,True,True,,gel
0.009445916228611462,0.002359252036850612,0.8309913517498997,0.9974726438637992,76.95403132251776,19.40173060243422,121.64077244259227,5.4284552090201394,0.03025199606159179,2.2093438190040615e-14,5.691889190940846,True,True,True,True,True,True,True,True,True,True,True,True,,dry
0.011738358327412324,0.0018538174483845316,0.8502256120232008,1.0002591588954768,74.10526461007501,18.00680772073086,121.39701592658197,5.479237593459284,0.03242897049757054,4.04121180963557e-14,5.8155707167977475,True,True,True,True,True,True,True,True,True,True,True,True,,gel
0.01173036749498313,0.0035321169158021304,0.8170240106829768,0.9962395702213384,72.39514949513148,17.187252259939605,121.83238846088871,5.403978665225862,0.030358965599412313,2.8976820942716586e-14,5.543760159026926,True,True,True,True,True,True,True,True,True,True,True,True,,gel
0.007690228424484746,0.005948525203023691,0.805735986241917,0.9937076012510019,76.94727513403765,19.393510441585082,121.69775205796068,5.3679730468065205,0.030144760288213557,1.5987211554602254e-14,5.682372331737622,True,True,True,True,True,True,True,True,True,True,True,True,,dry
0.004472355452783239,0.0017361905960647794,0.8452788929814913,0.998739686241471,73.78829222499174,17.852575934209206,121.24268261800793,5.455716134659063,0.030791119692402336,2.731148640577885e-14,5.689618759214228,True,True,True,True,True,True,True,True,True,True,True,True,,dry
0.010847984092683949,0.00219366672585819,0.8277827768579785,0.997644382805566,74.7258252553901,18.30377386514956,121.61125507205556,5.425649456404482,0.02978481068633576,2.7755575615628914e-14,5.773486028383922,True,True,True,True,True,True,True,True,True,True,True,True,,dry
0.0036486285567305377,0.004518048387538998,0.7993533151427368,0.9951999236723245,73.86351223096634,17.88435181212769,121.07377865105045,5.3753695938481,0.02979240383431525,2.3869795029440866e-14,5.685095384768446,True,True,True,True,True,True,True,True,True,True,True,True,,gel
0.005924980902007659,0.004009819778404533,0.7980873503341314,0.9957306406348647,77.33362733943446,19.589612768050042,121.80371917220461,5.3785313840613815,0.03008743961624838,2.531308496145357e-14,5.638690392732329,True,True,True,True,True,True,True,True,True,True,True,True,,gel
0.0043409512983914045,0.0021214552291924926,0.8490578184352476,0.9977293781725332,72.59490316713944,17.283190632455593,121.46761372030116,5.450001638237364,0.029903272831260597,2.930988785010413e-14,5.694881464000843,True,True,True,True,True,True,True,True,True,True,True,True,,dry
0.01269805597995588,0.003108469469790598,0.833022622735268,0.9966900416707236,71.08053368513568,16.574194717115372,121.5470603912702,5.422665465519337,0.029997091084971506,2.19824158875781e-14,5.796386185812844,True,True,True,True,True,True,True,True,True,True,True,True,,dry
0.000965625930273939,0.0030870419027193563,0.8350804940234134,0.9967133421915811,75.1262518392658,18.497689705985405,121.27290826090551,5.4266522993241635,0.030347748698808963,3.6415315207705135e-14,5.642337408038087,True,True,True,True,True,True,True,True,True,True,True,True,,gel
0.0039753034470833,0.004382707708011857,0.8073293337579003,0.995345404939499,76.34086188738321,19.09375570588201,121.65036142656503,5.373451334933192,0.030195782878619237,5.218048215738236e-14,5.719635344825105,True,True,True,True,True,True,True,True,True,True,True,True,,dry
0.0004157675668421401,0.0018486383315554633,0.8249840058706106,0.9981532669762045,76.62240706354042,19.237186369279165,121.2070889015196,5.424817574856127,0.030151740360080947,9.2148511043888e-15,5.62956269885001,True,True,True,True,True,True,True,True,True,True,True,True,,gel
0.008605555076759863,0.002388947097370364,0.846869272932774,0.9974486020213383,78.4571195893518,20.160281497682703,121.64794291261019,5.445667009670944,0.03015875551449987,4.8627768478581856e-14,5.7019515447720694,True,True,True,True,True,True,True,True,True,True,True,True,,dry
0.008013760326522235,0.0023233972847244155,0.8364970701658154,0.9975126497208231,74.56656713207829,18.22642845956545,121.44253783712006,5.433932614730047,0.029803841781108398,2.2870594307278225e-14,5.723888250310415,True,True,True,True,True,True,True,True,True,True,True,True,,dry
0.0014713411010582877,0.001804432031424441,0.8576228498979899,1.000062953771255,73.4579567568226,17.69595583421955,121.86108176445494,5.482240153029284,0.031895109792723586,1.9317880628477724e-14,5.682211354240725,True,True,True,True,True,True,True,True,True,True,True,True,,gel
0.007317906824451104,0.004438749971608313,0.8162854087568858,0.9952911821297493,73.44611568777786,17.684665984620842,121.64097448953974,5.394347980889774,0.029765899717338784,4.04121180963557e-14,5.779238174549575,True,True,True,True,True,True,True,True,True,True,True,True,,dry
0.005644095705199859,0.001986047309068595,0.8366803681878447,0.9978655854624314,74.35110236132428,18.122540327088526,121.57975366510695,5.439181976818446,0.02984632287817557,1.687538997430238e-14,5.7208623952369555,True,True,True,True,True,True,True,True,True,True,True,True,,dry
0.006946212455565592,0.001755042525309336,0.8531437259642183,0.9996532747707069,72.96443698405514,17.4604666292759,121.35876717475021,5.477321260527019,0.031622545893208676,3.108624468950438e-14,5.764511376673189,True,True,True,True,True,True,True,True,True,True,True,True,,gel
0.014760870106074075,0.0025515414261346736,0.8303269266980071,0.997271268099977,72.37360969813709,17.17837606357922,121.55035700927348,5.4256535773579975,0.0298931608040367,2.2426505097428162e-14,5.745155264107964,True,True,True,True,True,True,True,True,True,True,True,True,,gel
0.01065575003953323,0.001922394439154318,0.8483955423550866,0.9980108591200559,78.5509604616341,20.2088065443342,121.09234964569323,5.4549708501261955,0.02973865672242071,5.362377208939506e-14,5.656757876632623,True,True,True,True,True,True,True,True,True,True,True,True,,dry
0.006063234289396258,0.004725908656862954,0.8085888017276084,0.9949872103367753,74.01121217972407,17.95526485772873,120.90668242293468,5.383191245636482,0.030152623087994934,2.353672812205332e-14,5.759823940023578,True,True,True,True,True,True,True,True,True,True,True,True,,gel
0.01254742036678358,0.003721304368691336,0.823012726187642,0.9960445556675951,73.09320430866089,17.517257504460087,121.18327141420544,5.410752989372166,0.03020872369882388,2.1316282072803006e-14,5.724881173290701,True,True,True,True,True,True,True,True,True,True,True,True,,gel
0.008320270963008025,0.0032805460563559707,0.8364253256562445,0.9965115591876426,76.9910800563654,19.419083221345737,121.48938003122522,5.420142124856204,0.030034065323923054,4.418687638008123e-14,5.780096601455113,True,True,True,True,True,True,True,True,True,True,True,True,,gel
0.004686099414193068,0.0030814791634309335,0.8192281963862182,0.9967118698436375,73.11840986917787,17.530189627724837,121.36549552938469,5.4023844149751215,0.030297944215116224,4.463096558993129e-14,5.64688793072821,True,True,True,True,True,True,True,True,True,True,True,True,,gel
0.003871555977706498,0.004731298728822719,0.8161279041027321,0.9949851920325324,77.40727551616567,19.62570180989163,121.64770258233762,5.392029996302994,0.030162010434131803,4.796163466380676e-14,5.690722363664691,True,True,True,True,True,True,True,True,True,True,True,True,,gel
0.003707269818515435,0.004610461928366227,0.798558856319751,0.9951028497432463,78.91708997078351,20.39185017781481,121.5248945483452,5.370309368405843,0.030500723634802496,3.774758283725532e-15,5.663639827075537,True,True,True,True,True,True,True,True,True,True,True,True,,dry
0.001714151516775786,0.0018261964173712508,0.8373213027785867,0.9981458578236668,76.34663289986811,19.10015569469135,121.32105666783474,5.436279875431953,0.030537804397297807,1.7763568394002505e-14,5.729228571445042,True,True,True,True,True,True,True,True,True,True,True,True,,dry
0.0011645908359398938,0.0018019631579323514,0.8304399200032083,0.9989563703435967,74.63497762042654,18.26139284269423,121.24190952226189,5.445756901235389,0.031003170309105377,1.7763568394002505e-14,5.6574132115348545,True,True,True,True,True,True,True,True,True,True,True,True,,gel
0.006917934074652243,0.0037864430308186536,0.8288269320035526,0.9959791307381011,72.91030489717653,17.430395175641625,121.80576190593149,5.411879101692052,0.030090582372693353,1.9761969838327786e-14,5.7000724345240785,True,True,True,True,True,True,True,True,True,True,True,True,,gel
0.011297365607609633,0.003469375417484266,0.8141178970691102,0.9963037877624562,72.05089603891919,17.02566038599392,121.66939071352375,5.3988407696252505,0.03019641166066256,3.2529534621517087e-14,5.568857710611761,True,True,True,True,True,True,True,True,True,True,True,True,,dry
0.011968447144965921,0.0028980407503041983,0.8115552560160287,0.9968999857106762,75.99439271395516,18.92429691331971,121.37773340886335,5.401355361078566,0.02973910898145571,6.816769371198461e-14,5.724986328816412,True,True,True,True,True,True,True,True,True,True,True,True,,gel
0.006016815914936968,0.004040527558438645,0.8082812064319389,0.9957036546008342,77.06259792163287,19.4537144315773,121.41077635698011,5.388055384841395,0.030481984028280396,3.419486915845482e-14,5.726850014224412,True,True,True,True,True,True,True,True,True,True,True,True,,gel
0.003433695689161631,0.002134910714179483,0.8182874616356376,0.9977014009501909,72.49037217039414,17.233828004702623,121.03408489524261,5.4101021041326245,0.030229413766144186,1.432187701766452e-14,5.700766269410901,True,True,True,True,True,True,True,True,True,True,True,True,,dry
0.00440364800837556,0.004364435219901375,0.8164178300456619,0.995368911716102,77.45058824785207,19.647923032740668,121.22162609466588,5.385755848146475,0.02976943797741083,2.631228568361621e-14,5.707596403441731,True,True,True,True,True,True,True,True,True,True,True,True,,gel
0.0008207702993325849,0.0017008759880750013,0.8286868176620268,0.9984425842450215,73.26532659036863,17.602090472758846,121.50176175071066,5.435572703696295,0.030078817597338325,3.197442310920451e-14,5.703140588517025,True,True,True,True,True,True,True,True,True,True,True,True,,gel
0.007384212482379304,0.004686139567078973,0.8145397059973766,0.9950316922151539,72.6465101765687,17.30450690060423,121.73252507835423,5.390590802214885,0.02982627115486003,3.4861002973229915e-14,5.659622423527022,True,True,True,True,True,True,True,True,True,True,True,True,,dry
0.009704956931693598,0.0019495534751150512,0.8575999512807336,0.9990686492053309,77.75898823906022,19.80836468840271,121.55839419793706,5.472841780992836,0.03144528615368458,2.042810365310288e-14,5.615352992715793,True,True,True,True,True,True,True,True,True,True,True,True,,gel
0.006833010768883652,0.0018575328967228577,0.850422686668102,0.9995364348730228,75.2022248424767,18.53832844799736,121.03606885828009,5.468054799481997,0.031618823492327364,1.2989609388114332e-14,5.761993059845579,True,True,True,True,True,True,True,True,True,True,True,True,,dry
0.012435464115083672,0.0019347598884672523,0.8378815297973407,0.9998737343023046,76.12760905186867,18.993968591601046,121.65683414730634,5.4584858754602426,0.032191048556765356,2.886579864025407e-14,5.65493865600315,True,True,True,True,True,True,True,True,True,True,True,True,,dry
0.00593035736221581,0.004733114619133838,0.7995916939397386,0.9949751628228358,76.38317732979311,19.114186864493654,121.71553039497546,5.370620824888534,0.030063146693580678,2.9753977059954195e-14,5.706489731813322,True,True,True,True,True,True,True,True,True,True,True,True,,gel
0.006859371354593025,0.0019419326071691279,0.8532947086538073,1.0000076349372382,76.27635385347135,19.067581781966854,121.47229646567547,5.478866544585329,0.03176503726721425,1.5654144647214707e-14,5.682077146001444,True,True,True,True,True,True,True,True,True,True,True,True,,dry
0.007896543032058223,0.0019623943276086964,0.8669911738187165,1.0015358384820607,74.79692404982221,18.343065684874034,121.74653926595495,5.504336454937254,0.03326335532173985,2.5979218776228663e-14,5.722257010022595,True,True,True,True,True,True,True,True,True,True,True,True,,gel
0.00502753571954262,0.00384536173722827,0.8275965785865206,0.9959169176021819,76.93389513437633,19.38964119803417,121.74201614047881,5.41567961435075,0.030210698283928528,4.618527782440651e-14,5.720921199769443,True,True,True,True,True,True,True,True,True,True,True,True,,dry
6.199270279649838e-05,0.0017230971075667956,0.8556060214153327,0.9990526116585519,73.19741007719139,17.57032635651208,121.49434096452468,5.469287396904192,0.031100784921935465,1.532107773982716e-14,5.684449695257498,True,True,True,True,True,True,True,True,True,True,True,True,,gel
0.005998063088263117,0.004518790805435935,0.8168954459917066,0.9952077841271879,73.48081568379598,17.701066192510186,121.8573190735766,5.396810672244109,0.030223430397774864,2.2426505097428162e-14,5.68357946413558,True,True,True,True,True,True,True,True,True,True,True,True,,dry
0.016027939575526395,0.0017913886164463433,0.8509446729896939,1.0004631642856692,72.5248145263425,17.25331759227139,121.75240550968793,5.4839596143070235,0.03250936324271547,2.842170943040401e-14,5.7896770640985995,True,True,True,True,True,True,True,True,True,True,True,True,,dry
0.0006034593736148341,0.001818319020558512,0.8566720288580881,0.9990391118951523,75.18247209648898,18.52814043210175,121.17224182712016,5.470234777446845,0.03135757654886795,3.219646771412954e-14,5.763579436322166,True,True,True,True,True,True,True,True,True,True,True,True,,gel
0.010263087640297819,0.006228056188676279,0.7949439978700359,0.9934099547391325,77.73197459191466,19.7871522699368,121.12741435877913,5.35589998620718,0.029843894398702275,3.086420008457935e-14,5.685151736237011,True,True,True,True,True,True,True,True,True,True,True,True,,dry
0.00949713011986475,0.0036677400024383022,0.8236502776348492,0.9961008799890493,71.5745734476078,16.80286563946411,121.17409655996063,5.404473977539684,0.030355336016333112,3.175237850427948e-14,5.810592483156671,True,True,True,True,True,True,True,True,True,True,True,True,,gel
0.003232111841362073,0.0016744243518079793,0.8497549745064573,0.9982511570476992,73.26962296422877,17.603880677130178,121.44868227942196,5.4502152401032635,0.030322396416900266,1.2434497875801753e-14,5.697093157521692,True,True,True,True,True,True,True,True,True,True,True,True,,dry
0.0016639374223268444,0.0016471128698436477,0.853553954286576,0.9993137464772595,71.18448342636421,16.62520118716476,121.82072265465443,5.470530881360251,0.03085513841262777,3.2529534621517087e-14,5.658976618482326,True,True,True,True,True,True,True,True,True,True,True,True,,dry
0.011025232962972087,0.0017313765565289962,0.8542021521497783,0.9987911326223563,73.72781355185188,17.82357484716311,121.45927261826857,5.457246585680637,0.030821635888857113,3.552713678800501e-14,5.611443118247787,True,True,True,True,True,True,True,True,True,True,True,True,,dry
0.008033551256957816,0.0019686448230861187,0.8605225715365445,1.0011358778412298,75.33761344266044,18.60654706067341,122.13734081086855,5.490646352690097,0.03325395377722007,1.965094753586527e-14,5.709099361235934,True,True,True,True,True,True,True,True,True,True,True,True,,gel
0.0007665552967591749,0.0027011891702211077,0.8189433877903503,0.9971094492404268,72.51509193761844,17.244880305346555,121.75362298239082,5.413497562488624,0.030512203588371478,3.3306690738754696e-14,5.689711600492861,True,True,True,True,True,True,True,True,True,True,True,True,,gel
0.0004054699286026864,0.0020800605571876796,0.8493859190749373,1.0001643342400188,78.72149932855805,20.298841171396866,121.65366526675221,5.475681278499894,0.03256167929585585,4.6407322429331543e-14,5.7408492442259975,True,True,True,True,True,True,True,True,True,True,True,True,,dry
0.011843247437712923,0.0018183734315605493,0.8575945221322434,1.0010438044558452,72.3340437464424,17.163976882287685,121.32946361726007,5.4899472250432595,0.03267759694982353,2.6645352591003757e-14,5.799582369991637,True,True,True,True,True,True,True,True,True,True,True,True,,gel
0.005149826637144583,0.006593649689033976,0.7974115386242769,0.993029091369163,75.72064044791516,18.78439440644908,121.75986016853066,5.3516170633129025,0.029534756427455955,2.2648549702353193e-14,5.686823897081831,True,True,True,True,True,True,True,True,True,True,True,True,,gel
0.0028625156632862137,0.005597198931457048,0.8030577334910499,0.9940735478498546,75.89631488324812,18.87227125420607,121.43215822979792,5.373315672007129,0.030157117298365788,3.397282455352979e-14,5.72795458532766,True,True,True,True,True,True,True,True,True,True,True,True,,gel
0.007054797917101396,0.0052160369403501106,0.8107306601876286,0.9944758186709235,75.13521076744306,18.499322745077464,121.43213874230626,5.385420286049542,0.029938666495332278,1.554312234475219e-14,5.7294701435463535,True,True,True,True,True,True,True,True,True,True,True,True,,dry
0.0021644814471792895,0.002313155171180914,0.8429736720500041,0.9975261942229409,77.58428433543443,19.718083714468754,121.29106803945426,5.4382229840852565,0.029798414349195834,1.9539925233402755e-14,5.622077322787434,True,True,True,True,True,True,True,True,True,True,True,True,,gel
0.0026658412773485907,0.0016473324548430535,0.8240762295581437,0.9982575289756307,72.34993948431709,17.168304233957425,121.80499237803335,5.435613062686,0.030413006287885014,1.3322676295501878e-14,5.679932976231941,True,True,True,True,True,True,True,True,True,True,True,True,,dry
0.012731589096862672,0.002122898052477895,0.8531570842302832,1.000751994069579,78.80853667859013,20.344133513819145,121.2612387660877,5.480157909815222,0.033069083933983334,1.2878587085651816e-14,5.779855372854334,True,True,True,True,True,True,True,True,True,True,True,True,,dry
0.011300666237406443,0.003715814545636742,0.8189245175411,0.9960483792557586,72.55558421164646,17.262693301240326,121.49454731593153,5.397598244306279,0.02987167272465474,5.684341886080802e-14,5.6409967063956925,True,True,True,True,True,True,True,True,True,True,True,True,,gel
0.011900022672262756,0.002005204702060559,0.8284194368175144,0.9988071972366755,78.83517115209719,20.35507309889777,121.55004334046,5.430899369683183,0.030917901701540074,1.1546319456101628e-14,5.657624463764273,True,True,True,True,True,True,True,True,True,True,True,True,,dry
0.01754547202993828,0.001939727919530565,0.8342363606304848,0.9982101098840427,78.44605010030338,20.155672379071977,120.93099480960389,5.438963447711857,0.03055313361899692,3.042011087472929e-14,5.7952448827188485,True,True,True,True,True,True,True,True,True,True,True,True,,dry
0.003057991079206346,0.0038109716925927017,0.8195830374064097,0.995949176591229,73.6938452302514,17.80402654822442,121.81123290666798,5.407166430484087,0.029764134624088223,2.375877272697835e-14,5.738668638083972,True,True,True,True,True,True,True,True,True,True,True,True,,gel
0.00927648179996543,0.0018078513054925471,0.8301396342818373,0.9985251569578842,75.35793461127885,18.613245098160935,121.27551035529679,5.435229210345977,0.030169146351788356,1.6209256159527285e-14,5.684763921121854,True,True,True,True,True,True,True,True,True,True,True,True,,gel
0.019026650560991287,0.004551364075149555,0.8184502931318951,0.9951744291364276,77.49503779477195,19.669976366262613,121.89345876249388,5.399946969751244,0.030112109924285924,5.551115123125783e-15,5.84063252726099,True,True,True,True,True,True,True,True,True,True,True,True,,gel
0.012906697746802864,0.003417955629932301,0.8236212921312553,0.9963620153341762,77.76934035491225,19.80995357388317,121.6638747706947,5.409530691303257,0.029570868052640087,1.2656542480726785e-14,5.6848504274874605,True,True,True,True,True,True,True,True,True,True,True,True,,gel
0.00502999059035425,0.005264450355769834,0.8071069656972545,0.9944234259918082,75.41083123103252,18.634074118335793,121.51150353094863,5.381369607422858,0.030386787398148818,1.176836406102666e-14,5.775656998441097,True,True,True,True,True,True,True,True,True,True,True,True,,gel
0.013115345486082397,0.0019296711229647157,0.8556607708257266,1.0004567363510748,75.43733945356107,18.65448110404043,121.33043249478399,5.48252033863824,0.032219238122057736,3.7414515929867775e-14,5.676632718989531,True,True,True,True,True,True,True,True,True,True,True,True,,gel
0.0020363946717326664,0.0019361946300442412,0.8415470649373439,0.9981771110271977,78.51199396990441,20.189204939730118,121.2539106415199,5.445890360936635,0.030321195955011815,2.4202861936828413e-14,5.752406181170687,True,True,True,True,True,True,True,True,True,True,True,True,,gel
0.001969138043262264,0.0019990256126927175,0.8623374298363704,1.0003894022168294,76.99041241196265,19.423772252417024,121.33928808499662,5.483257944261227,0.03243135207154202,4.8183679268731794e-14,5.693460120934292,True,True,True,True,True,True,True,True,True,True,True,True,,gel
0.007731548011653766,0.0033659556872820406,0.8098270250462924,0.9964098550683702,71.11997343873298,16.592119309862873,121.58267797792291,5.403694923078753,0.029953821017556392,4.574118861455645e-14,5.593162238233092,True,True,True,True,True,True,True,True,True,True,True,True,,gel
0.005193282652993458,0.0017305242055016823,0.8508884078887148,0.9986845235981965,73.82145535205508,17.8684271909813,121.71583690110694,5.455313399364417,0.0309495374706108,2.1538326677728037e-14,5.659803093817338,True,True,True,True,True,True,True,True,True,True,True,True,,gel
0.003887037657220427,0.0017676399188861769,0.8376929943635382,0.9984309277255419,74.77451141258673,18.328522767649385,121.67122451172928,5.448075552094355,0.03024929634539253,1.0436096431476471e-14,5.721560196200306,True,True,True,True,True,True,True,True,True,True,True,True,,gel
0.005775882185014569,0.0017255173389572054,0.8385831480800303,0.9994651016270834,72.43011011007391,17.207548146049483,121.12858967001715,5.456936518193087,0.03165372082597184,4.907185768843192e-14,5.714591213525545,True,True,True,True,True,True,True,True,True,True,True,True,,dry
0.00936452806569077,0.0018356753899070322,0.8587733488133567,1.0012556150879948,72.41353180744152,17.20166172460116,121.82475503884142,5.496719949825008,0.03281507857588428,3.8413716652030416e-14,5.703361595301046,True,True,True,True,True,True,True,True,True,True,True,True,,gel
0.009299778895453747,0.001822364704675672,0.8436258243871664,0.9985252229365116,75.82283922511508,18.841622239366522,121.33953646801571,5.453647443872403,0.03041969266600353,7.66053886991358e-15,5.709229135434668,True,True,True,True,True,True,True,True,True,True,True,True,,gel
0.006726573818018777,0.003153620857594963,0.8257741132297499,0.9966394866536521,73.55488424150727,17.738188341747094,120.99351801670325,5.420202979588792,0.02986295858226573,5.6066262743570405e-14,5.684334028718453,True,True,True,True,True,True,True,True,True,True,True,True,,dry
0.015563107399058751,0.00405227390086027,0.8267990598868229,0.9957001662022557,79.0938300788996,20.483391743807285,121.44204953262471,5.409825942268146,0.030342083927600738,3.47499806707674e-14,5.849530706883013,True,True,True,True,True,True,True,True,True,True,True,True,,dry
0.006800143722587748,0.002648464740234946,0.8321459768011908,0.9971706967975971,75.53608085290496,18.698954502446345,120.99221563927559,5.419727767405022,0.029976633775160577,8.43769498715119e-15,5.638603550895248,True,True,True,True,True,True,True,True,True,True,True,True,,dry
0.0016251289598534502,0.0025559078596868456,0.811602228104845,0.9972578551987737,72.49531071399512,17.235687542677358,121.87417206752576,5.401988518986241,0.02997557134086526,1.509903313490213e-14,5.737825558160218,True,True,True,True,True,True,True,True,True,True,True,True,,dry
0.012043473194462306,0.0037986164756244056,0.8232190697610865,0.9959637629014283,77.81511050832735,19.83262034130978,121.24769295431607,5.4087030676937555,0.030132200445701307,1.7541523789077473e-14,5.6259221102383625,True,True,True,True,True,True,True,True,True,True,True,True,,gel
0.0056208094735878955,0.00462781663682954,0.8219505773403905,0.9950961579806429,75.51920711472938,18.688096783295375,121.45943395696193,5.403534549762125,0.030073895874078382,3.6415315207705135e-14,5.745190327807321,True,True,True,True,True,True,True,True,True,True,True,True,,dry
0.012612538491429848,0.0032601665845144456,0.8091664135502288,0.9965201371252705,73.25581838756904,17.5953411407336,121.22497620043178,5.395774673303946,0.029899588332061855,2.398081733190338e-14,5.769345373008272,True,True,True,True,True,True,True,True,True,True,True,True,,gel
0.015103477496157591,0.003608742832945433,0.8138499435005268,0.9961578813970761,76.1350501781154,18.992707242693374,121.45256165888284,5.398754185776575,0.030006272377658627,3.0309088572266774e-14,5.777040187598844,True,True,True,True,True,True,True,True,True,True,True,True,,gel
0.006815304253128818,0.003409234752839274,0.8298717374425173,0.9963740247415735,77.06759560054046,19.457003903061835,121.31662754491798,5.421290098298122,0.030300414203440762,1.8318679906315083e-14,5.797744322947188,True,True,True,True,True,True,True,True,True,True,True,True,,gel
0.00852064283468823,0.0019429479008145067,0.8554133146884478,1.000280158936356,75.94552145119539,18.90441630263504,121.203602284994,5.469573051779969,0.03214597045954404,6.017408793468348e-14,5.608719645797616,True,True,True,True,True,True,True,True,True,True,True,True,,gel
0.0048103173879084915,0.0041561070373876685,0.8207996660723246,0.9955888164409131,77.80013829696834,19.82450020739091,121.8638965900623,5.398466695566586,0.029798001413202546,5.262457136723242e-14,5.68716716667886,True,True,True,True,True,True,True,True,True,True,True,True,,dry
0.006214931160924642,0.0024410314172160774,0.8291270970834244,0.9973862893329953,73.3081249140004,17.62129906335549,121.59353427620027,5.4236903213547745,0.029918571267325333,2.5757174171303632e-14,5.682503207430998,True,True,True,True,True,True,True,True,True,True,True,True,,dry
0.0009237946475413317,0.0031708371618185405,0.8273008535200984,0.9966221611301085,76.69533477914165,19.27157263846903,121.81298994867502,5.409576316494033,0.030073212656648973,2.3314683517128287e-14,5.733245965861396,True,True,True,True,True,True,True,True,True,True,True,True,,gel
0.008211817126050791,0.0022036600135736384,0.8425816098400163,0.9976405562333808,76.86162480977488,19.355902918167484,121.32635136786094,5.44028650514735,0.029676966970156538,5.040412531798211e-14,5.607923507441502,True,True,True,True,True,True,True,True,True,True,True,True,,gel
0.007355446763735118,0.0030307868432665197,0.8373475963578103,0.9967731836737347,75.34720291785953,18.605820318248636,121.19985217347573,5.425896824633569,0.030068516467604334,3.863576125695545e-14,5.628779484929516,True,True,True,True,True,True,True,True,True,True,True,True,,gel
0.00601916177522166,0.003910958192436587,0.8200960058537458,0.9958448396391787,76.1943952510778,19.021661964730935,121.73839449889464,5.406191067753482,0.030057917452552263,1.7319479184152442e-14,5.777578947378942,True,True,True,True,True,True,True,True,True,True,True,True,,dry
0.002783532958211099,0.0034557603138766213,0.8305691651118629,0.99632568780851,77.23601724797454,19.54143479146143,121.69432890036761,5.41470584324689,0.030218796076501353,8.659739592076221e-15,5.694057199421765,True,True,True,True,True,True,True,True,True,True,True,True,,gel
0.007689277839529662,0.0019101693984900914,0.83059742186984,0.9987083183151717,77.14838936769452,19.500671448301834,121.7599853269929,5.432466326985674,0.030690002892215684,3.552713678800501e-15,5.593687838488993,True,True,True,True,True,True,True,True,True,True,True,True,,dry
0.003977085190583818,0.0020016025673380566,0.84652559848594,0.9988780360206423,78.89299469344479,20.38485996453058,121.92492977277851,5.4573571553231535,0.031000049527560636,9.992007221626409e-15,5.727251810533257,True,True,True,True,True,True,True,True,True,True,True,True,,gel
0.0019766960789415755,0.005122558425760371,0.8118368390804693,0.9945740873782124,74.6963958793406,18.285760557855962,121.30847360288232,5.376249158980926,0.02995990850798258,2.5091040356528538e-14,5.745780545910691,True,True,True,True,True,True,True,True,True,True,True,True,,gel
0.0028757335540441353,0.0019194661252993628,0.8593469968279935,1.001010287983629,74.49966301664887,18.198278734242063,121.06267923276297,5.486542106192359,0.032743700146191546,1.9539925233402755e-14,5.654111546450247,True,True,True,True,True,True,True,True,True,True,True,True,,dry
0.018420179110291812,0.0033739561823449282,0.8211499127749309,0.9964068979299543,74.65042587706964,18.26574978822738,121.46850073527668,5.409109553148669,0.030184715048720223,2.4202861936828413e-14,5.81968549912865,True,True,True,True,True,True,True,True,True,True,True,True,,dry
0.010168511640435751,0.0039874540238302725,0.8278005463417925,0.9957684692935435,72.4793800269659,17.226377293594833,121.36033699935794,5.409691089146948,0.029717618598773643,3.1530333899354446e-14,5.54288651259129,True,True,True,True,True,True,True,True,True,True,True,True,,dry
0.01144853277525737,0.0020608556578970427,0.8217912109071047,0.9977805033406854,74.36763358016081,18.130460634992428,121.44014613169747,5.418758547031019,0.030216705667859056,4.107825191113079e-14,5.674989808801222,True,True,True,True,True,True,True,True,True,True,True,True,,dry
0.013599264529323918,0.0016804314104180706,0.8309217176575295,0.9988742314894488,72.2395451176566,17.117145338312863,121.94134887709046,5.4464293917193105,0.030718249980007162,7.882583474838611e-15,5.760982274489175,True,True,True,True,True,True,True,True,True,True,True,True,,gel
0.012867950864013489,0.0019745759298369636,0.8482530800804148,0.9991693295532377,78.00091433358656,19.930716814069218,121.91078646054835,5.458120143800166,0.030925943820968027,3.1308289294429414e-14,5.672545413908942,True,True,True,True,True,True,True,True,True,True,True,True,,gel
0.014815057493685169,0.002339015593715188,0.8265802923064614,0.9974917965503484,75.27754771257288,18.572681380428307,121.15844799182759,5.4300934804975585,0.030187384056464817,4.0190073491430667e-14,5.823675277659935,True,True,True,True,True,True,True,True,True,True,True,True,,gel
0.010878555068405404,0.005405996925345158,0.8021331140552398,0.9942730001048311,72.52396056544644,17.245740047804546,121.5872848527504,5.363099388338097,0.029993397449883052,1.5987211554602254e-14,5.64005507466977,True,True,True,True,True,True,True,True,True,True,True,True,,dry
0.008672745962754469,0.001756210822669635,0.8304425523752597,0.9989639787753329,73.6854109384256,17.80347090866729,121.48685920950216,5.434176538810626,0.031182542198526675,2.1760371282653068e-14,5.621199097340845,True,True,True,True,True,True,True,True,True,True,True,True,,gel
0.006378897288882968,0.0034652955454002043,0.8116160306443589,0.9963068110344002,75.042318884099,18.456319397354807,121.94407663447478,5.401028680651285,0.029908186829964767,3.597122599785507e-14,5.663664570454293,True,True,True,True,True,True,True,True,True,True,True,True,,dry
0.0010863839525901975,0.002971227622760142,0.8239042424605435,0.996829320492716,78.36044800868835,20.11023453131532,121.72681341437996,5.422485611501312,0.03022278280797719,2.2426505097428162e-14,5.7357042213845935,True,True,True,True,True,True,True,True,True,True,True,True,,gel
0.01100535714244888,0.0037344241894307073,0.8150512997960517,0.9960270347664725,76.25497523133946,19.052090841415154,121.78249931963514,5.405002714769395,0.03022585948522838,4.141131881851834e-14,5.77351209148843,True,True,True,True,True,True,True,True,True,True,True,True,,gel
0.01417517412748115,0.002822145687434219,0.8119671958146124,0.996979558117264,76.30442505156553,19.077782452220195,121.48365467654942,5.40783458327361,0.029911205334835933,2.3092638912203256e-14,5.827706710750857,True,True,True,True,True,True,True,True,True,True,True,True,,gel
0.0007720787194561707,0.001977389375476424,0.8460616051864327,0.9998583060532572,77.0953267302194,19.47558165152965,121.49031630394595,5.467563795362854,0.031743260317710464,3.7969627442180354e-14,5.6848026195466845,True,True,True,True,True,True,True,True,True,True,True,True,,gel
0.005498596777003817,0.004387853122564844,0.81539331078287,0.9953439285523054,78.43160712674857,20.144249898325945,121.15653295245833,5.3857800920386865,0.03030473541031309,2.90878432451791e-14,5.6526294654711435,True,True,True,True,True,True,True,True,True,True,True,True,,gel
0.013311630317907497,0.0056806147141506,0.8057504121018777,0.9939876509454894,79.3101837014335,20.592223713236372,121.3157549364635,5.364668409767357,0.030004783625786735,5.1958437552457326e-14,5.615247514537576,True,True,True,True,True,True,True,True,True,True,True,True,,gel
0.018268759932298817,0.0029370797212463495,0.8221751930900574,0.9968642356916323,77.21777019531942,19.53307822193208,121.38810199652376,5.42149549455127,0.029922401217355343,1.3766765505351941e-14,5.801523563652429,True,True,True,True,True,True,True,True,True,True,True,True,,gel
0.0029019692769367555,0.001652502458979077,0.8575376709018229,0.9989649572136449,71.86578015694322,16.94207028873255,121.03755787227945,5.4694377184495835,0.03101358632686424,2.142730437526552e-14,5.619628408452392,True,True,True,True,True,True,True,True,True,True,True,True,,dry
0.0021088361998216065,0.004209493495018091,0.808415403245087,0.9955270426469299,77.35750485901411,19.601450194984302,121.13809360069219,5.381227571149388,0.03008794441145235,2.4868995751603507e-14,5.722418626575754,True,True,True,True,True,True,True,True,True,True,True,True,,dry
0.013540322675822392,0.005841836653399102,0.7967029635616025,0.993814606785134,74.75795056868935,18.314757400896422,121.50409501726946,5.359610900518425,0.029895364964788174,3.68594044175552e-14,5.7863444028084645,True,True,True,True,True,True,True,True,True,True,True,True,,gel
0.005821749946849364,0.001878267626731489,0.8421902046632597,0.9979807405651302,76.44368574878487,19.14816939595132,121.35360960197545,5.436434660333423,0.030137209756952887,3.497202527569243e-14,5.699341043186407,True,True,True,True,True,True,True,True,True,True,True,True,,gel
0.009133979603773823,0.002574779567784735,0.8058113061627831,0.9972351992541014,78.44362082062283,20.153098248183,121.07061892164252,5.406404406680737,0.03014824472515598,2.6645352591003757e-15,5.79436776816804,True,True,True,True,True,True,True,True,True,True,True,True,,dry
0.001316731424676254,0.0020181770482281536,0.8577418851273435,0.9993080060607268,78.76844460508597,20.32168106344601,121.76752795172632,5.47475772637245,0.031433415802135656,4.063416270128073e-14,5.741783997937749,True,True,True,True,True,True,True,True,True,True,True,True,,gel
0.006920879622886789,0.002567913545811651,0.840396833517887,0.9972586156166157,76.91934659035924,19.384154060834845,120.98530420767753,5.433348302863139,0.029833961768732875,2.1094237467877974e-14,5.710739509671789,True,True,True,True,True,True,True,True,True,True,True,True,,gel
0.013363834323465107,0.0036962423503117403,0.8057198632860972,0.9960624402866424,71.43032345178835,16.735682178440936,120.89759469083978,5.387542576493911,0.03032497807213963,3.4861002973229915e-14,5.707630226001239,True,True,True,True,True,True,True,True,True,True,True,True,,dry
0.0015921197657640107,0.002798173652328595,0.8061184750576282,0.9970017731810442,73.16204639985061,17.551334723680018,121.40259404191072,5.3943004800655165,0.029962983277738386,1.609823385706477e-14,5.749909740644334,True,True,True,True,True,True,True,True,True,True,True,True,,dry
0.005322282888027052,0.001973625997587991,0.8376517036115602,0.9983823399435588,78.91081735056632,20.393199022571228,121.41965255089957,5.445406996435106,0.030508363367366842,3.852473895449293e-14,5.699848351831392,True,True,True,True,True,True,True,True,True,True,True,True,,dry
0.016022330832366705,0.0023494923546032442,0.833850623429035,0.9974841355435985,77.92888924878544,19.892086800203785,121.64587074774538,5.438829167479184,0.029815726724334413,2.708944180085382e-14,5.844335612588416,True,True,True,True,True,True,True,True,True,True,True,True,,gel
0.0013259493630674024,0.0037189515447010324,0.8275535345075631,0.9960491303634036,71.7993094280298,16.907624734603665,121.29440371177839,5.4115966040366335,0.03000925990851111,4.8405723873656825e-14,5.723687166187971,True,True,True,True,True,True,True,True,True,True,True,True,,dry
0.003980032431047609,0.0023311415514838396,0.8485880802556359,0.9975098330374123,74.93849215692899,18.40714462571068,121.36979021986085,5.438265074102684,0.029817032753701955,4.218847493575595e-15,5.6816717359834215,True,True,True,True,True,True,True,True,True,True,True,True,,gel
0.004510020088903333,0.004540803445763908,0.8123566672889422,0.9951825464427362,78.00572715424254,19.92793779786615,121.3395924807841,5.391846212336252,0.030163382580192133,3.419486915845482e-14,5.661791298517883,True,True,True,True,True,True,True,True,True,True,True,True,,dry
0.005587959224499839,0.006319435556125352,0.8037989217721684,0.9933189324415586,75.66067831152058,18.755285678219302,122.0052578285082,5.3653311895722995,0.029568825459608483,3.6637359812630166e-15,5.6596383522723315,True,True,True,True,True,True,True,True,True,True,True,True,,dry
0.0034082734263187753,0.004037493440895545,0.8014704288712587,0.9957034633207957,73.43571026605589,17.680090452355874,121.5354502143871,5.377790805476282,0.02995119322358264,4.884981308350689e-14,5.645622977562088,True,True,True,True,True,True,True,True,True,True,True,True,,dry
0.002945382858869694,0.0018524931494333652,0.853715116884872,0.998938131888065,75.97512634438816,18.917359250034163,121.40222131181893,5.467417006460703,0.030902699609201667,4.4297898682543746e-14,5.669763840592998,True,True,True,True,True,True,True,True,True,True,True,True,,gel
0.013746746105782082,0.0019063623169972566,0.8379351608431348,0.9981415776680167,77.93743921692726,19.89731103736012,121.85841656237673,5.442686950331405,0.029994352742251706,1.9317880628477724e-14,5.56907313241195,True,True,True,True,True,True,True,True,True,True,True,True,,gel
0.002713735553837804,0.0031445361032478303,0.8293558707953119,0.996650648907538,72.41772164762598,17.198365779968007,121.3593561194767,5.412427372457004,0.029860001745145137,1.6653345369377348e-14,5.696683004911783,True,True,True,True,True,True,True,True,True,True,True,True,,dry
0.008017378545558396,0.0024426111345166035,0.8242054115498715,0.9973823721251669,71.93063438255274,16.970468697499264,121.30725530975386,5.41548137006483,0.03036566957543696,2.6645352591003757e-15,5.653803461858645,True,True,True,True,True,True,True,True,True,True,True,True,,gel
0.005882254714369872,0.005389807132310964,0.7974063747219998,0.9942875385194189,71.82421499293336,16.917238954343382,121.09198258311488,5.364675309225897,0.029853142671202093,2.1316282072803006e-14,5.6706090239874,True,True,True,True,True,True,True,True,True,True,True,True,,gel
0.003710632607844988,0.0019318772591533362,0.8572323683033976,1.000179403306577,75.88505541517725,18.874410547372648,121.3049663685127,5.487885681810784,0.032099378165497794,6.306066779870889e-14,5.736616810872737,True,True,True,True,True,True,True,True,True,True,True,True,,dry
0.005816690714205874,0.004174556542691721,0.8259514903701128,0.9955719655784051,73.55648041703404,17.737743035518697,121.23073970705234,5.406556273742836,0.030455502273785462,2.3092638912203256e-14,5.623405234292845,True,True,True,True,True,True,True,True,True,True,True,True,,gel
0.004298248871596799,0.00178448324468794,0.8376629329135413,0.9980768695663931,72.73758881827956,17.351078729431364,121.90816992068594,5.438320815199553,0.02990554726935346,7.993605777301127e-15,5.599961967511547,True,True,True,True,True,True,True,True,True,True,True,True,,gel
0.01368199972978068,0.005183851125262207,0.7963518535230577,0.9945022959624668,73.6921623436724,17.801426068317465,121.36856074046479,5.367276482993555,0.030156140677423005,2.7644553313166398e-14,5.7547176025944005,True,True,True,True,True,True,True,True,True,True,True,True,,gel
0.009765348705184529,0.0023666728965774375,0.810177842353142,0.9974550162451545,78.0815408439952,19.969441420967247,121.96378404068923,5.401788301733867,0.029686373437740943,6.661338147750939e-15,5.761399471591298,True,True,True,True,True,True,True,True,True,True,True,True,,gel
0.0035103054190535055,0.0030108093470526676,0.8084272747293194,0.9967804890045731,78.84613724778976,20.357806600339416,121.11634938503164,5.398895313471053,0.030340798370126487,3.1530333899354446e-14,5.671881043600013,True,True,True,True,True,True,True,True,True,True,True,True,,dry
0.0029697365985302815,0.0019300555345117543,0.8432103423159876,0.9999650181353813,75.97481586056037,18.91832370295928,121.33342271933964,5.4597440819847405,0.03192839465467312,1.6209256159527285e-14,5.714382611662565,True,True,True,True,True,True,True,True,True,True,True,True,,dry
0.019909936635641223,0.00626572656246871,0.7966001583380976,0.9933714658107511,73.46776425177669,17.69271292430056,121.22953451257138,5.351547316679163,0.030139503579338478,3.219646771412954e-14,5.638238703696414,True,True,True,True,True,True,True,True,True,True,True,True,,gel
0.003653160718035231,0.005680304742971876,0.7959242191216417,0.9939830292523367,78.96080248379029,20.412801249805664,121.10569385379878,5.365213513386857,0.03044211599818103,2.3314683517128287e-14,5.6494930812541515,True,True,True,True,True,True,True,True,True,True,True,True,,gel
0.007259625269502634,0.002211298456854971,0.8336982003959629,0.9976286468175214,73.72060475223711,17.81867960819505,121.65438301888065,5.433709186154231,0.03043538666476797,1.509903313490213e-14,5.720200032346767,True,True,True,True,True,True,True,True,True,True,True,True,,dry
0.0009419196023250365,0.00312537768453669,0.8386847695689919,0.9966748534896577,75.10195002433147,18.485878695584553,121.65736322817645,5.434934927289705,0.029938526033218005,3.175237850427948e-14,5.6646320594149095,True,True,True,True,True,True,True,True,True,True,True,True,,gel
0.017622330467257807,0.001832844737601036,0.8580928362943299,0.9996337997462654,74.65789757171893,18.273316890859572,121.24230896174537,5.485796992126414,0.031794069194757246,4.3520742565306136e-14,5.733372931316942,True,True,True,True,True,True,True,True,True,True,True,True,,gel
0.011377356852932952,0.004054585636639185,0.8089940920789265,0.9956892946947394,78.27396877218334,20.064609892751132,121.59664555106303,5.38354871087752,0.030020411356130094,3.552713678800501e-14,5.565938410083416,True,True,True,True,True,True,True,True,True,True,True,True,,dry
0.010905904053772009,0.0019837040477792556,0.8434639771209035,0.9995704479282856,77.57859585338703,19.717968808951483,121.92327882674013,5.456844171140712,0.0314799636371742,4.574118861455645e-14,5.631677766311581,True,True,True,True,True,True,True,True,True,True,True,True,,dry
0.001222830415351872,0.002039128040484006,0.8604199356168494,1.0007745108090225,77.23423928040981,19.54641320709534,121.27707556790736,5.497003557267587,0.0328422550355254,4.729550084903167e-14,5.751533483646854,True,True,True,True,True,True,True,True,True,True,True,True,,gel
0.005584506286698043,0.0018551384677965022,0.8266910545735591,0.998495013014989,76.30204153760118,19.078446911105683,121.80090675513418,5.436557324758872,0.03070776022558286,2.986499936241671e-14,5.6703167498357905,True,True,True,True,True,True,True,True,True,True,True,True,,dry
0.0027183227138501964,0.001920008709898391,0.8302721568424374,0.9987320458520106,77.30514505320906,19.57926861466539,121.79406972184157,5.436894305822651,0.031041965057109766,8.992806499463768e-15,5.757883782919572,True,True,True,True,True,True,True,True,True,True,True,True,,dry
0.0021743862432000993,0.0019454216305815342,0.832497748908138,0.9983509761432133,78.3449069902759,20.104348390617695,121.81614109050014,5.44105001620804,0.030684607121240326,2.930988785010413e-14,5.737265497608657,True,True,True,True,True,True,True,True,True,True,True,True,,gel
0.007654804164836881,0.001968036212518731,0.838606717001897,0.99950396816524,77.30231162595788,19.578915234338233,121.8624036210045,5.460553139154546,0.03150703125382259,1.3766765505351941e-14,5.686530116215334,True,True,True,True,True,True,True,True,True,True,True,True,,dry
0.007754283832444808,0.0031048339019751348,0.8220007781032977,0.9966887207031132,76.47738996413698,19.16325282630035,121.87147657526944,5.411389376899634,0.030013735630890936,2.3092638912203256e-14,5.756003539837189,True,True,True,True,True,True,True,True,True,True,True,True,,dry
0.01795055476284202,0.0019370159267593223,0.8244962993771261,0.9979112932232277,75.3256090400343,18.596653248410625,121.49636114357088,5.421566886989941,0.030022737600518212,6.106226635438361e-14,5.590483385881662,True,True,True,True,True,True,True,True,True,True,True,True,,gel
0.0077765963009965855,0.003914061238267985,0.8028848036654488,0.9958332393701702,73.26161247243351,17.597241855409546,121.18760932220205,5.386297589029489,0.02989584672793466,1.6431300764452317e-14,5.6106961608378025,True,True,True,True,True,True,True,True,True,True,True,True,,dry
0.008394751434896097,0.004742962155122377,0.8222277289103629,0.9949759067668916,74.45962212343677,18.171572227025216,121.80567226424158,5.388839830571633,0.03013089639750255,1.865174681370263e-14,5.607469312212503,True,True,True,True,True,True,True,True,True,True,True,True,,gel
0.010340292980218102,0.0023520631079797516,0.8265804951972964,0.9974781540058888,75.12264175739664,18.49687383986727,121.49214199269224,5.426619542441933,0.030450111948900238,3.375077994860476e-14,5.639328101677075,True,True,True,True,True,True,True,True,True,True,True,True,,gel
0.014774652938451371,0.00241326662140251,0.8278856881797279,0.9974147565277829,73.77634223631458,17.845255594589158,121.79120265510352,5.423412559980366,0.030400682345238184,1.2878587085651816e-14,5.75954478263743,True,True,True,True,True,True,True,True,True,True,True,True,,dry
0.008683373781912085,0.0027876947867235824,0.823468156635554,0.997021080994211,76.16130517702817,19.006975994227748,121.93036455224613,5.419471194220845,0.02992992783497539,2.2426505097428162e-14,5.6999079895102644,True,True,True,True,True,True,True,True,True,True,True,True,,dry
0.00985987799308663,0.004977520891752074,0.80810371963843,0.9947239291793115,71.46455777595713,16.750098358925296,121.56038828650416,5.374961134546149,0.029776533114503456,2.930988785010413e-14,5.782260560925941,True,True,True,True,True,True,True,True,True,True,True,True,,gel
0.008356151448294824,0.0019492860561305392,0.8371772898336557,0.9979042715280836,72.98040956452756,17.46599773382812,121.17940731010671,5.437669543927575,0.029790608535405827,2.220446049250313e-16,5.652568484692686,True,True,True,True,True,True,True,True,True,True,True,True,,dry
0.0015780545316157468,0.005115941011208935,0.8064617593491559,0.9945783893902246,73.0136731328992,17.47774973177495,121.13374165542027,5.373906715215531,0.030543568608530025,1.021405182655144e-14,5.670590850750912,True,True,True,True,True,True,True,True,True,True,True,True,,gel
0.010817450145812035,0.0017525419843701373,0.8479721821471509,0.9997177209781893,72.75352172591263,17.360462479503937,121.78417401951876,5.468900252595966,0.031607814809441304,6.217248937900877e-15,5.7610716378986275,True,True,True,True,True,True,True,True,True,True,True,True,,gel
0.008583885007163672,0.001940283483911287,0.850812565727693,0.9984927210160526,78.2773580706806,20.070146449994894,121.78452322326878,5.452131956101537,0.030376631455688474,2.1316282072803006e-14,5.785908058234977,True,True,True,True,True,True,True,True,True,True,True,True,,gel
0.002696479887520642,0.004786775014725908,0.816872558896963,0.9949275886705521,72.77489933688406,17.365127655890692,121.37654780998801,5.391644172741483,0.030008526699640492,5.773159728050814e-15,5.66703896415934,True,True,True,True,True,True,True,True,True,True,True,True,,gel
0.0010885529075034261,0.0023936919745478624,0.8478291498991214,0.9974440651858296,77.11232020678467,19.48093263959468,121.07039333687665,5.4461294220061465,0.02980714734219092,6.8833827526759706e-15,5.648072580123835,True,True,True,True,True,True,True,True,True,True,True,True,,dry
0.004542397067812121,0.0019617958759869936,0.853440885967711,0.9994744948812161,77.39948136232509,19.627719714317905,121.04401374111299,5.473928938515921,0.03149361588824329,2.5091040356528538e-14,5.702409772838196,True,True,True,True,True,True,True,True,True,True,True,True,,dry
0.006325266735705881,0.0032056251759979837,0.830610484673095,0.9965872948562366,76.51160786601199,19.180081598309467,121.2423238740779,5.4194641829690156,0.02983710770036696,1.687538997430238e-14,5.699706626537394,True,True,True,True,True,True,True,True,True,True,True,True,,gel
0.021383111146716205,0.0021000492797820236,0.8442472751176227,0.9977496643740648,75.78805682494415,18.823548433425827,121.87241907671097,5.441047643150385,0.029950762876068127,4.618527782440651e-14,5.5633173455731555,True,True,True,True,True,True,True,True,True,True,True,True,,gel
0.004604453469172931,0.0019530952742720098,0.845794839614801,0.9979040512149935,75.19499436151256,18.532840779912956,121.74015083373641,5.453762936839717,0.030122493012628038,3.3306690738754696e-14,5.698499664912144,True,True,True,True,True,True,True,True,True,True,True,True,,gel
0.005637027711146825,0.006544130512378565,0.797359815568988,0.993080847141437,73.28692813324932,17.606059074914278,121.51850521960279,5.353654235394942,0.03033479923658844,2.0650148258027912e-14,5.621678536444874,True,True,True,True,True,True,True,True,True,True,True,True,,gel
0.004697001256464661,0.0023224646194782705,0.8120281741234024,0.9975021830194203,75.88777674609074,18.87240286329688,121.56667673655805,5.400349750516234,0.030156068477751208,3.3306690738754696e-14,5.710212323249724,True,True,True,True,True,True,True,True,True,True,True,True,,dry
0.0024934836826984164,0.0020002932128292406,0.8475308230093062,1.000119493746436,77.2081810245148,19.532485355241082,121.6096101619591,5.465765380204351,0.032234912329981436,1.2212453270876722e-14,5.664330360770518,True,True,True,True,True,True,True,True,True,True,True,True,,dry
0.003211609157786066,0.005568387653431595,0.8008712485518273,0.9941025735230004,75.43235173425411,18.64427409956619,121.59750475894464,5.3708391695560405,0.030208994803362255,2.7755575615628914e-14,5.742331186520662,True,True,True,True,True,True,True,True,True,True,True,True,,dry
0.008477697373180826,0.0017757162185028097,0.843164080298527,0.9981153480334939,75.45233176736232,18.659041876134516,121.46542024547345,5.4486253828958295,0.030263949007717783,3.241851231905457e-14,5.60663373387364,True,True,True,True,True,True,True,True,True,True,True,True,,dry
0.0029111727055173287,0.003135100955258485,0.8139127557225796,0.9966531844536114,79.34474084804667,20.613678407673294,120.94041638867603,5.399541245858762,0.030445565873497338,9.103828801926284e-15,5.691376975706899,True,True,True,True,True,True,True,True,True,True,True,True,,dry
0.006415231902706542,0.003908135177564165,0.8092602340810691,0.9958425800007574,75.8117863023513,18.832897583150686,121.48888131325465,5.393790425845078,0.029938974543961216,2.375877272697835e-14,5.715517860045725,True,True,True,True,True,True,True,True,True,True,True,True,,gel
0.006093177963274243,0.0019049252463507749,0.8338072651679768,0.99908361129728,76.57150603492282,19.213042532527417,121.88118379018142,5.449735791133436,0.030904620272848016,2.5757174171303632e-14,5.708616699567107,True,True,True,True,True,True,True,True,True,True,True,True,,dry
0.0005100823348951344,0.004517797511820909,0.7992320168517175,0.9952001127773002,74.96651566758683,18.417946887032425,121.57515426947452,5.378640186283404,0.030158844489882708,1.5543122344752192e-15,5.698970793729093,True,True,True,True,True,True,True,True,True,True,True,True,,dry
0.003985851915252914,0.0017966017429630332,0.8455378939035492,0.9990436286772305,74.5982256707904,18.243611282479055,121.39136663013656,5.460188961325475,0.03108808744824254,1.0325074129013956e-14,5.761142974988199,True,True,True,True,True,True,True,True,True,True,True,True,,dry
0.007031400862916204,0.0038791013925144613,0.8098255086745261,0.9958732298578005,74.65262878406526,18.266198257243104,121.66054351504354,5.382539644708658,0.029783543490491504,1.199040866595169e-14,5.651192176002029,True,True,True,True,True,True,True,True,True,True,True,True,,gel
0.00051108753221496,0.001969994112114404,0.8530417585367641,0.9989113716834563,78.31549479837365,20.09013198323545,121.74210305753888,5.462105983568776,0.03095747946737548,2.0095036745715333e-14,5.714376600127049,True,True,True,True,True,True,True,True,True,True,True,True,,dry
0.0006287422947566235,0.002628809230241891,0.8413570954968463,0.9971953406774707,77.74060393819819,19.796585531395724,121.5342809595039,5.435463092749593,0.03017677234676308,4.218847493575595e-14,5.662718438234952,True,True,True,True,True,True,True,True,True,True,True,True,,dry
0.015332940239781934,0.0017100638687019831,0.8498672990591358,0.9985991859422647,73.50821499996125,17.71834425039464,121.47039534107071,5.452374131024427,0.030898617047549704,3.9968028886505635e-14,5.58430584612126,True,True,True,True,True,True,True,True,True,True,True,True,,gel
0.010201771706302765,0.0024629504798312496,0.8416588047117329,0.9973689361789431,78.49268496860515,20.178205609026385,121.58397814327077,5.440758890908462,0.029691061085957204,1.6653345369377348e-14,5.633869692155485,True,True,True,True,True,True,True,True,True,True,True,True,,gel
0.0056538952943340215,0.003814215965190937,0.8041321150728273,0.9959382685243791,73.57807929784254,17.74851909433826,121.34377537395295,5.390800791308523,0.030019198136971292,1.8762769116165146e-14,5.667030930062935,True,True,True,True,True,True,True,True,True,True,True,True,,dry
0.009204096897797553,0.0018731621536300924,0.8550536121947183,0.9999655289991058,74.97376603536016,18.427366443841034,121.0853397688557,5.472458184492495,0.0316538490991517,2.631228568361621e-14,5.620224825639012,True,True,True,True,True,True,True,True,True,True,True,True,,dry
0.005463557585188017,0.0018492333421711304,0.842947609636324,0.9984693690972781,76.4277113063411,19.140862360916948,121.35322146636528,5.4527913535716275,0.030855645976509694,2.4424906541753444e-14,5.673489673899934,True,True,True,True,True,True,True,True,True,True,True,True,,dry
0.0030603972384151135,0.0043510641782800175,0.811000166036798,0.9953802839072857,77.11543565200039,19.47966829121361,121.31383397427739,5.390202083815491,0.030181073564378935,2.55351295663786e-14,5.663601464001492,True,True,True,True,True,True,True,True,True,True,True,True,,dry
0.0018201720070858407,0.003765426389837123,0.8026983735211926,0.9959885232997991,77.85760069833131,19.854050710712123,121.87876940279179,5.3898375531682285,0.030097698888496782,3.097522238704187e-14,5.7535203007866045,True,True,True,True,True,True,True,True,True,True,True,True,,dry
0.00406033764666236,0.0031862291436139945,0.8050500181722104,0.9965953753290405,77.69641667099233,19.773381981533394,121.48999268810422,5.3960939141627415,0.029956468943581394,5.5067062021407764e-14,5.591777650239769,True,True,True,True,True,True,True,True,True,True,True,True,,dry
0.0012825123548116935,0.005959908530560054,0.8025101213552398,0.9936941053165506,76.26074596528758,19.05192177148656,121.43346282466896,5.368057263411112,0.030455130055026425,1.7763568394002505e-14,5.649759721182538,True,True,True,True,True,True,True,True,True,True,True,True,,dry
0.004173822840229713,0.0016216402577113875,0.8575751135158483,0.998722837446525,71.56733802508377,16.80253597968723,121.3468967706565,5.4717388062928825,0.030662197068394015,2.1316282072803006e-14,5.641404631364695,True,True,True,True,True,True,True,True,True,True,True,True,,dry
0.005211168693892709,0.0032157756242674473,0.8280925983335089,0.9965755690573387,72.23634533430919,17.112963566350505,121.39071664668708,5.420089098600795,0.030209473660881447,3.275157922644212e-14,5.7128205061983195,True,True,True,True,True,True,True,True,True,True,True,True,,dry
0.004056142187348066,0.005725896183415569,0.7957920885224319,0.9939353661479762,71.89501168464058,16.949926043380895,121.38450983236085,5.360648389649267,0.03048701191190506,7.327471962526033e-15,5.7608921308643435,True,True,True,True,True,True,True,True,True,True,True,True,,gel
0.005227555293161323,0.0018193930535531644,0.8387672341583355,0.9983686115967753,75.92019831681492,18.889448567758034,121.4095452952181,5.440128266652018,0.03025561166877322,1.4210854715202004e-14,5.766279087308043,True,True,True,True,True,True,True,True,True,True,True,True,,dry
0.00944497783401621,0.0017458964886997164,0.8316541813189616,0.9993194387391872,72.97577177986007,17.465336370797022,121.08386441222841,5.441116557890211,0.031055858709902018,1.7985612998927536e-14,5.732123975618586,True,True,True,True,True,True,True,True,True,True,True,True,,dry
0.0061125853187420365,0.0029830758998259377,0.8027992283083242,0.9968066994190122,77.26099299747254,19.554654921178244,121.55051638659285,5.391788593151242,0.02971693485964577,5.750955267558311e-14,5.6474040645131245,True,True,True,True,True,True,True,True,True,True,True,True,,gel
0.013241212332131491,0.0038978874759292292,0.8295736287325105,0.9958628796695027,78.79163822944633,20.328706392831354,121.50848398985438,5.406933685445986,0.02982483929227553,3.175237850427948e-14,5.680379568392689,True,True,True,True,True,True,True,True,True,True,True,True,,dry
0.003137750052795485,0.004848399102407641,0.8077235523015973,0.9948587268056782,73.16053564491479,17.548020100359665,121.11495147016751,5.376181119246998,0.030352974380473907,2.653433028854124e-14,5.706167813117478,True,True,True,True,True,True,True,True,True,True,True,True,,dry
0.009293407533312092,0.0020469577866365496,0.8356694826278984,0.997801431853806,73.06290711121399,17.50500135895682,121.88072549642584,5.433327356055952,0.03024405798764529,5.5289106626332796e-14,5.720806715692362,True,True,True,True,True,True,True,True,True,True,True,True,,dry
0.001319194442519711,0.0017236408200611564,0.846007437011837,0.9983095897804249,74.15444889086146,18.028190967467324,121.78276165863113,5.4478921453793765,0.0305384052616805,2.4646951146678475e-14,5.750093034131385,True,True,True,True,True,True,True,True,True,True,True,True,,dry
0.009031641872259022,0.004345758090913865,0.8217583857442075,0.9953909828766887,75.55969039046258,18.708356884914817,121.1808356482205,5.398835290252803,0.029973616812786874,1.0769163338864018e-14,5.77540749184536,True,True,True,True,True,True,True,True,True,True,True,True,,dry
0.007341966863588456,0.001999609778474354,0.8284720670882013,0.9978476622919206,75.65017132907681,18.755816606473434,121.24646833190448,5.432446235793012,0.030183209915882414,4.75175454539567e-14,5.697277212093539,True,True,True,True,True,True,True,True,True,True,True,True,,gel
0.0018223168827855574,0.0017862055267994226,0.8449080647587212,1.0001444293256208,72.80064087015364,17.383315807385657,121.55979521829522,5.462735408376003,0.03188645524461231,6.328271240363392e-15,5.738743308839561,True,True,True,True,True,True,True,True,True,True,True,True,,dry
0.005632778679179329,0.0019478109550593592,0.8396791257835194,0.9985583743241623,78.20099471186933,20.031481783051003,121.3205874158769,5.4441053968785615,0.030575951109093502,2.886579864025407e-14,5.760789367113256,True,True,True,True,True,True,True,True,True,True,True,True,,gel
0.00039318818415501333,0.00196500500303598,0.848219622142998,0.9992683334732441,77.6798820160904,19.768664302392637,121.19599671657214,5.461538230493251,0.03133628818324319,6.5503158452884236e-15,5.662062746608743,True,True,True,True,True,True,True,True,True,True,True,True,,dry
0.006165174493640957,0.0038562505119265067,0.8279511843708769,0.9959057417457433,71.88140851138118,16.945809899781704,121.51962546116779,5.411789108051474,0.030030639148778238,3.6193270602780103e-14,5.72135537728732,True,True,True,True,True,True,True,True,True,True,True,True,,dry
0.011295497200752624,0.005375823280303171,0.8023316980082582,0.9943046005571432,77.33052612719123,19.58618292695121,121.1376440788425,5.376932106400467,0.029806369555827272,3.8191672047105385e-14,5.72781270279799,True,True,True,True,True,True,True,True,True,True,True,True,,dry
0.013707750892914206,0.0018052505859750267,0.856155869835649,1.0006704083218976,72.58134474614313,17.28016493023788,121.84614875986722,5.478006536326129,0.032290703356663064,2.90878432451791e-14,5.616867741478532,True,True,True,True,True,True,True,True,True,True,True,True,,dry
0.0070211310327045195,0.004343312122321863,0.8083307641239005,0.9953870757004554,77.79192829433573,19.82007772053827,121.78495245563974,5.390840593254073,0.0298919904206969,5.6621374255882984e-14,5.7002322924272555,True,True,True,True,True,True,True,True,True,True,True,True,,gel
0.0050237081905808445,0.0017436302055583441,0.8625057313438795,1.000173205242628,72.08544774005946,17.046231178351043,121.33646416156823,5.485012910014707,0.03205893198148202,3.863576125695545e-14,5.75510719282437,True,True,True,True,True,True,True,True,True,True,True,True,,dry
0.008297798142147705,0.003875483186360995,0.8302126693462749,0.9958866213669963,76.2531457063219,19.050851426907517,121.70751127503144,5.413431345863768,0.030381436469580136,3.219646771412954e-14,5.680358786122159,True,True,True,True,True,True,True,True,True,True,True,True,,dry
0.0016835414293088213,0.0019743266201340814,0.8342227083045555,0.9985649812515154,78.63777328430133,20.253796193060747,121.68228247244838,5.439712261348176,0.03022960536775443,1.8207657603852567e-14,5.68698233289799,True,True,True,True,True,True,True,True,True,True,True,True,,dry
0.0043636891061371585,0.0029513990773519794,0.8086891974867702,0.9968427547203434,78.30557792779709,20.082325371444465,121.10641475121218,5.400812391647882,0.030069048373537632,1.176836406102666e-14,5.682422207541639,True,True,True,True,True,True,True,True,True,True,True,True,,dry
0.003580024892863687,0.00658401818496368,0.7956051906839882,0.9930382631477049,72.46352035254382,17.21584432356924,121.43197325665099,5.352824617590173,0.02995278377871835,3.4861002973229915e-14,5.69014153386698,True,True,True,True,True,True,True,True,True,True,True,True,,gel
0.015947973866025533,0.004866712630971937,0.8051449557794844,0.9948383078869277,72.74557920826899,17.351063921282144,121.23705597313568,5.376363590315231,0.029927476915998952,1.7319479184152442e-14,5.63495385244114,True,True,True,True,True,True,True,True,True,True,True,True,,dry
0.011417424456458658,0.0018399612506365681,0.8329811768547932,0.9991156682844656,75.21535101608907,18.544254625484438,121.75726837817693,5.441066620245404,0.030936204181378435,1.9539925233402755e-14,5.61904801756352,True,True,True,True,True,True,True,True,True,True,True,True,,gel
0.010845806209408781,0.0028941361615066885,0.8390020227661703,0.9969168588556775,72.12793765667085,17.06242477483632,121.21650532214667,5.427846424143003,0.030020377833547163,2.8754776337791554e-14,5.653041778209193,True,True,True,True,True,True,True,True,True,True,True,True,,gel
0.0033883552422996344,0.004877571198357966,0.8147735680503763,0.9948316256897776,75.8583690664642,18.85453626502536,121.35058388767544,5.389354845795497,0.030580999722189306,2.8754776337791554e-14,5.735306344448712,True,True,True,True,True,True,True,True,True,True,True,True,,gel
0.002182139174744302,0.0019750949034710308,0.8318730477947273,0.9978748356234878,78.30188050895045,20.08173503589633,121.83510647606248,5.43168582098944,0.029898388250105046,3.175237850427948e-14,5.718845405941735,True,True,True,True,True,True,True,True,True,True,True,True,,dry
0.005502631614949571,0.0036135105909717025,0.8340633405587855,0.9961622881399335,78.3827362351259,20.120583148650724,121.20466795212215,5.423094056863032,0.029785332689763133,8.104628079763643e-15,5.675460843294871,True,True,True,True,True,True,True,True,True,True,True,True,,dry
0.004026710158256064,0.00206637492523698,0.8520662367567501,1.0001165542336348,78.55283932095422,20.212581062603984,121.27682025312465,5.474197707952482,0.03206220723428177,2.6756374893466273e-14,5.618254905896203,True,True,True,True,True,True,True,True,True,True,True,True,,dry
0.005874755878113147,0.0028574651374847493,0.8227661475617284,0.9969478223292466,71.88555673719402,16.948973783104083,121.7870190232545,5.414140688707293,0.03034735021652779,9.547918011776346e-15,5.695596353029245,True,True,True,True,True,True,True,True,True,True,True,True,,dry
0.0029086653220407044,0.0029253447448018832,0.8131190329515656,0.9968722069601649,74.44077621947807,18.16472411670597,121.87462042123096,5.405024607362905,0.03023379555773531,5.684341886080802e-14,5.7673101505578535,True,True,True,True,True,True,True,True,True,True,True,True,,dry
0.004653517611534541,0.0027641510869885755,0.8238770172168387,0.9970459021768489,75.51713713840576,18.68953114172055,121.15635828556547,5.420045480398077,0.0298353835532581,2.6645352591003757e-15,5.625666284527277,True,True,True,True,True,True,True,True,True,True,True,True,,gel
0.002295354219615131,0.001797669819653791,0.8591771339502389,0.999962635954192,73.48089356312654,17.706732553427322,121.12613834383069,5.481709295488079,0.03160136639836009,4.063416270128073e-14,5.730790950339992,True,True,True,True,True,True,True,True,True,True,True,True,,dry
0.00909207732164774,0.003002887115683639,0.8330723528345269,0.9968004733566993,72.2339692282111,17.112106190685818,121.22041709848851,5.421135954850904,0.030024884891458714,3.6637359812630166e-14,5.72146399560807,True,True,True,True,True,True,True,True,True,True,True,True,,gel
0.012155482027856879,0.004461667852508455,0.809650286330752,0.99526396626532,78.5926153131607,20.226284092384777,120.97653387942489,5.375458942944864,0.029881072413551313,1.3100631690576847e-14,5.609290566983006,True,True,True,True,True,True,True,True,True,True,True,True,,gel
0.00361154283776699,0.0038057321004885125,0.8174764358891738,0.9959536538368974,73.75391555085793,17.83281964364626,121.84141864593596,5.395084140494715,0.030056666068277393,5.0182080713057076e-14,5.626668785915,True,True,True,True,True,True,True,True,True,True,True,True,,dry
0.007215446555850935,0.001986127307814667,0.8567608350342525,1.0000974511717657,77.06913133995116,19.46282510728971,121.68594204514002,5.476775900922803,0.03233031933798358,1.7985612998927536e-14,5.768211175909138,True,True,True,True,True,True,True,True,True,True,True,True,,gel
0.0007231294774773245,0.005343712398723444,0.8016753340477265,0.9943378459629543,76.67974330108586,19.260848439977345,121.14875564114806,5.363994540034121,0.029999839300883457,9.325873406851315e-15,5.73054641217597,True,True,True,True,True,True,True,True,True,True,True,True,,dry
0.01925183574689915,0.006006103029262633,0.797469269163455,0.9936432683606772,76.6114648866385,19.225990864796103,121.20419538366349,5.351160791185499,0.02993843337995905,2.9753977059954195e-14,5.600289052833497,True,True,True,True,True,True,True,True,True,True,True,True,,dry
0.0066810322065153915,0.0018463239496850914,0.8488351662405552,1.0000609937592602,74.21521166473983,18.059529444455503,121.28914676234618,5.475895504935074,0.03161549322767754,3.2862601528904634e-14,5.756353124088801,True,True,True,True,True,True,True,True,True,True,True,True,,dry
0.014270090088037923,0.0017161830271879008,0.8412458016553155,0.9995119695143441,72.2003231220035,17.099419071967766,121.87781234887082,5.455816790136406,0.03148179895999881,3.952393967665557e-14,5.555436555757909,True,True,True,True,True,True,True,True,True,True,True,True,,dry
0.00396200051068718,0.004403993847686083,0.8226517493746317,0.9953304865506042,78.04771219504153,19.9493493357934,121.30945372699726,5.40150360788942,0.03003432212253443,2.6423307986078726e-14,5.755461767362434,True,True,True,True,True,True,True,True,True,True,True,True,,gel
0.00010749867542680924,0.005345955665796764,0.8064760760082978,0.9943378741885229,78.8531477017253,20.358100054450205,121.51136770924522,5.377616033223792,0.029635371257301202,3.352873534367973e-14,5.682578563552035,True,True,True,True,True,True,True,True,True,True,True,True,,dry
0.015399702272879345,0.00515332134045976,0.8147456497619783,0.9945433325377584,74.02211260811235,17.95989795728654,121.08245581238205,5.382689330588218,0.03013999789336419,3.8746783559417963e-14,5.53440862938327,True,True,True,True,True,True,True,True,True,True,True,True,,gel
0.0037279998759758293,0.0020286210347576494,0.8388906097995668,0.997822024286721,75.91055604754054,18.883951032641725,121.56798117125481,5.443054169649484,0.02978543511162801,2.19824158875781e-14,5.634705117914196,True,True,True,True,True,True,True,True,True,True,True,True,,gel
0.0011473718966423796,0.0018447171874205193,0.8485050320197797,1.0002219405546928,73.94964721423773,17.931795682125653,121.65069755756892,5.469122275287113,0.032186761820191534,2.3869795029440866e-14,5.691371424190228,True,True,True,True,True,True,True,True,True,True,True,True,,dry
0.0074802694509781276,0.0018761101559553461,0.8395783797711566,0.9988578181410146,76.38351631131148,19.119385155066645,121.45120941196555,5.453169106791087,0.03062594280379538,4.196643033083092e-14,5.7642410645395845,True,True,True,True,True,True,True,True,True,True,True,True,,gel
0.0026458099194137663,0.0018314861792814163,0.8486167914950664,0.9986238269952672,75.92987464376438,18.894583116087134,121.96990441832057,5.463180770044678,0.030754628237283477,8.237854842718662e-14,5.665661127465524,True,True,True,True,True,True,True,True,True,True,True,True,,gel
0.007477589050524758,0.0019650425307508046,0.8375357284242178,0.9986762276475907,78.34996257666926,20.1073423461892,121.31093891511048,5.450077300612734,0.03067045050047268,3.1530333899354446e-14,5.698276247960848,True,True,True,True,True,True,True,True,True,True,True,True,,dry
0.00807969402434483,0.005933496201241395,0.7945632680746917,0.9937176978846971,74.09448800547436,17.9937611696374,121.62992537804197,5.3570101635119585,0.030260973926257373,1.2656542480726785e-14,5.6997910189046745,True,True,True,True,True,True,True,True,True,True,True,True,,gel
0.003889913021653868,0.004103811341149677,0.8081692528649482,0.9956374121634035,78.5067075209822,20.183023447211806,121.34724743304746,5.38586798365409,0.03030061297813591,3.6415315207705135e-14,5.684589367281247,True,True,True,True,True,True,True,True,True,True,True,True,,gel
0.00216143825319981,0.0020456348581966433,0.8564858566226099,1.0001580200964553,78.14759709561257,20.006468485308535,121.19541580663389,5.486059805119656,0.032445831570882655,3.441691376337985e-14,5.747908181567886,True,True,True,True,True,True,True,True,True,True,True,True,,dry
0.002406386277199024,0.002949622133064711,0.8097500898108112,0.9968451462479337,77.40441010687636,19.626702777805136,121.40465191523079,5.4027164260151705,0.03009653083153785,1.3988810110276972e-14,5.691677831297505,True,True,True,True,True,True,True,True,True,True,True,True,,dry
0.01424892071011652,0.0025795288681018658,0.8172985162655015,0.997235904134273,72.66629021208146,17.31636482476948,121.27671643898506,5.415324193206276,0.030206692354613818,1.84297022087776e-14,5.834592454635591,True,True,True,True,True,True,True,True,True,True,True,True,,dry
0.007053643959729516,0.004443536231280132,0.8221847836352091,0.9952889321013468,77.17143594512774,19.5076724348434,121.73089137106152,5.402379983689163,0.029941084527373873,1.887379141862766e-14,5.715929578543434,True,True,True,True,True,True,True,True,True,True,True,True,,gel
0.0052427552321261395,0.0018506567148851572,0.8639770389230151,1.000927170425726,73.25627267284115,17.60059959689798,121.45476558152308,5.4925145780228775,0.03263511517772766,4.6629367034256575e-15,5.74529120972732,True,True,True,True,True,True,True,True,True,True,True,True,,dry
0.004760739394739755,0.0026792253492120555,0.8365999600276199,0.9971405152012056,76.88927645802168,19.36899817778968,121.09184124616678,5.433408530072281,0.03015196887906091,7.105427357601002e-15,5.633717068686813,True,True,True,True,True,True,True,True,True,True,True,True,,dry
0.013134377742427539,0.0020713119880850783,0.8191769423915957,0.9977683155375818,75.59024950280319,18.72640817537015,121.80687288482142,5.411107725109756,0.029817436585392265,3.26405569239796e-14,5.586390205514002,True,True,True,True,True,True,True,True,True,True,True,True,,dry
0.006317970622930602,0.003052537364987118,0.8277976108282422,0.9967461206419826,75.20336126746868,18.535450026659458,121.29038719334491,5.413116343490633,0.029982347052399327,1.27675647831893e-14,5.683751510212072,True,True,True,True,True,True,True,True,True,True,True,True,,dry
0.019571910510569834,0.0025254155915218623,0.8305630524272197,0.9972986890919957,73.5864508908417,17.754073526253354,121.71638915517035,5.420926910046808,0.03026676203605838,4.39648317751562e-14,5.536495177899659,True,True,True,True,True,True,True,True,True,True,True,True,,dry
0.003428252943730059,0.0027634872511570485,0.8099855379776715,0.9970399560375955,73.74859792318304,17.83142366525361,121.01909362374428,5.410653751682993,0.030350978949385543,3.952393967665557e-14,5.710072429265317,True,True,True,True,True,True,True,True,True,True,True,True,,gel
0.015344904535535386,0.0022379115974916486,0.8273121414804876,0.9975978554902439,77.99443650516439,19.92538655574181,121.72056506069006,5.42235213071411,0.03024244079238969,8.659739592076221e-15,5.635363499911091,True,True,True,True,True,True,True,True,True,True,True,True,,gel
0.007862598535834153,0.002137384852809787,0.8508996373641583,0.9977134984448583,72.89593732986647,17.42559590342173,121.52118112960578,5.450534687313812,0.030403946639933954,2.475797344914099e-14,5.70349841812126,True,True,True,True,True,True,True,True,True,True,True,True,,gel
0.003911608558955448,0.001833404870254407,0.8502651896289054,1.0002926416606488,73.63760669801194,17.782078761240165,121.6319949091322,5.481370835976719,0.03235691885136427,4.1744385725905886e-14,5.717287115991887,True,True,True,True,True,True,True,True,True,True,True,True,,gel
0.003211717857238172,0.0017170428596086085,0.8424062207253427,0.9983535352394356,73.91004850669012,17.91053327499082,121.68534032448058,5.449818730298306,0.030441359483196817,2.398081733190338e-14,5.6759083509632475,True,True,True,True,True,True,True,True,True,True,True,True,,gel
0.013337866661220943,0.005006540069891985,0.8002029902550126,0.9946896136335794,75.6189642364502,18.73657798388635,121.45072023814058,5.366902343602794,0.030104230414868205,2.19824158875781e-14,5.572050270115919,True,True,True,True,True,True,True,True,True,True,True,True,,gel
0.004800226151178144,0.0019727692475473013,0.8511601144042706,0.999597580347766,77.42075838934309,19.63849683645361,121.84275133218408,5.464799935181695,0.031692292752088624,2.5091040356528538e-14,5.714814155924702,True,True,True,True,True,True,True,True,True,True,True,True,,gel
0.003517399034447255,0.0047387706723786005,0.803262188621767,0.994971099888405,76.24530616293025,19.0459685296342,121.59400690666564,5.380113885923063,0.03012077629681098,4.1300296516055823e-14,5.650146322111653,True,True,True,True,True,True,True,True,True,True,True,True,,dry
0.008115373078376287,0.004564707672967794,0.8049078450979491,0.995153920260856,75.53191182657905,18.694366396191988,121.5916120533852,5.3796910550762265,0.02976430436301114,5.684341886080802e-14,5.770728586334618,True,True,True,True,True,True,True,True,True,True,True,True,,dry
0.0038212999805276038,0.003917076795428076,0.8068856593553999,0.9958320393044491,78.07669955781682,19.964838386288267,121.3689458630121,5.383764090515206,0.030006974197665737,3.5083047578154947e-14,5.729040838894879,True,True,True,True,True,True,True,True,True,True,True,True,,dry
0.004403688906545522,0.0024274853032398847,0.8322397265265528,0.9974018840398018,72.77770152166136,17.369247184252636,121.60937885168842,5.423978246066627,0.030259464697109606,2.2426505097428162e-14,5.660151174977268,True,True,True,True,True,True,True,True,True,True,True,True,,dry
0.0007349529979894243,0.0032908030443909997,0.8370235982939366,0.9965011334472125,73.11224490899903,17.526951882158308,121.28144422727343,5.428610880069352,0.029933686901545742,1.509903313490213e-14,5.718862936491078,True,True,True,True,True,True,True,True,True,True,True,True,,gel
0.004320684558906329,0.0050774691880594025,0.8089358084025432,0.9946197809094358,78.25194267696793,20.051967668458207,121.67382590946117,5.3856212936202414,0.029920700560067348,7.993605777301127e-15,5.743347164586014,True,True,True,True,True,True,True,True,True,True,True,True,,gel
0.00440563206631861,0.0017862510324360148,0.8552612569674035,1.000363584436494,72.61631274480463,17.296347462586045,121.35903565777676,5.475035998770426,0.03224541615607068,4.5075054799781356e-14,5.66007463892507,True,True,True,True,True,True,True,True,True,True,True,True,,dry
0.009541083385885774,0.001676141034742007,0.8384444652020014,0.9985159231888927,72.77418508584161,17.369038467631793,121.48449139067439,5.44083892417096,0.03040293191209309,3.3306690738754696e-14,5.59277227516415,True,True,True,True,True,True,True,True,True,True,True,True,,dry
0.002206934413512829,0.0030625200902415495,0.804545413190401,0.9967245251536425,74.11661738690061,18.007995236656868,121.81584697699215,5.391598694471069,0.02982825217344587,4.6629367034256575e-15,5.772084914564525,True,True,True,True,True,True,True,True,True,True,True,True,,dry
0.0032343601772610864,0.0022032760289548703,0.8164829662710648,0.9976290259318948,72.7974254901594,17.378846237824863,121.49601530980489,5.4163834651254525,0.03003027490669552,2.609024107869118e-14,5.722155264229611,True,True,True,True,True,True,True,True,True,True,True,True,,gel
0.0018560402039584645,0.0026212224001698203,0.8441768755808654,0.9972045304738827,75.26963549463066,18.568420393693504,121.14467447139147,5.440295773861666,0.030340949101701487,2.2426505097428162e-14,5.722625788036174,True,True,True,True,True,True,True,True,True,True,True,True,,gel
0.00859553837320004,0.0017740737868160439,0.8469192521069389,0.9980918279681408,71.47106463027376,16.756883149980514,121.59756957682873,5.446786367355615,0.030171850440042336,3.930189507173054e-14,5.732293940929853,True,True,True,True,True,True,True,True,True,True,True,True,,dry
0.004643627133179007,0.0024544407222563125,0.8474637624216667,0.9973804028777097,73.47117380554327,17.699124627708347,121.73217466352878,5.446606600264957,0.030201201708010106,1.1546319456101628e-14,5.66305220927535,True,True,True,True,True,True,True,True,True,True,True,True,,dry
0.004679579706308612,0.0026038962512500152,0.8089329719065007,0.9972063010936527,78.09313995181176,19.974950189036708,121.8732312814908,5.399150400475628,0.030210103823358647,1.554312234475219e-14,5.589357622302585,True,True,True,True,True,True,True,True,True,True,True,True,,gel
0.0002579151925757861,0.004044135621785627,0.8177576024967893,0.9957044591908154,77.9333141017835,19.891956152423987,121.78828495960812,5.3995713236548255,0.029980310128744136,3.7969627442180354e-14,5.679560566395463,True,True,True,True,True,True,True,True,True,True,True,True,,dry
0.0009877181018435044,0.0025610795518690166,0.8321299733275535,0.997262102201226,73.29350961476635,17.614217294916987,121.5176871692984,5.437560295600086,0.03010744169430657,6.661338147750939e-15,5.72618738476694,True,True,True,True,True,True,True,True,True,True,True,True,,gel
0.005515521058705342,0.004213742051810354,0.8111246651757961,0.9955239302583262,77.12663550226539,19.485614777636084,122.05450283939777,5.394531293183546,0.029822776386745242,4.3076653355456074e-14,5.708308223132717,True,True,True,True,True,True,True,True,True,True,True,True,,gel
0.0009241958560162189,0.004032756573098761,0.8290667250715598,0.9957216177852998,78.94895092661751,20.40916033308574,121.20093463926396,5.413356827502814,0.030168157394195316,3.1308289294429414e-14,5.7013868321297965,True,True,True,True,True,True,True,True,True,True,True,True,,dry
0.01675575186691991,0.0017582710801907764,0.8560201192690021,0.9993875443646896,73.45046901952405,17.691592966135396,121.50677902730877,5.479795866648371,0.03150087692088266,4.551914400963142e-14,5.841024016598686,True,True,True,True,True,True,True,True,True,True,True,True,,gel
0.009400803582185646,0.0026607789504350388,0.8181855098573785,0.9971513224973074,75.74409426333634,18.801216781432856,121.28470438019882,5.407924519327619,0.03008897807739974,4.907185768843192e-14,5.7681540934822815,True,True,True,True,True,True,True,True,True,True,True,True,,gel
0.002662386578593079,0.007037510149561221,0.7931184414122177,0.9925629573103888,76.25654932439204,19.048354063761597,121.11051953023073,5.3455199259895645,0.03000205075686535,5.040412531798211e-14,5.712172375109471,True,True,True,True,True,True,True,True,True,True,True,True,,dry
0.004973434903392637,0.004564224428521113,0.7997705270310613,0.9951518334872597,76.3286036144976,19.08740819359714,121.57510291101416,5.372842804645975,0.029602933533307896,2.55351295663786e-14,5.685004593576697,True,True,True,True,True,True,True,True,True,True,True,True,,gel
0.006778174694383132,0.0019639668166425706,0.841907790117507,0.9988697782809287,78.1223248253761,19.991874540435028,121.05122458272973,5.451708742130712,0.031034063027242098,2.9753977059954195e-14,5.677266308936662,True,True,True,True,True,True,True,True,True,True,True,True,,dry
0.015079636601565083,0.0018389355503698468,0.8387871264855823,0.9990753118208113,75.32650946683812,18.59858089530024,121.09219422444755,5.449200521925844,0.030872761526875125,2.275957200481571e-14,5.636915763627498,True,True,True,True,True,True,True,True,True,True,True,True,,gel
0.010446135829859093,0.006211220642173276,0.7966362615799063,0.9934284543200448,73.97660425132739,17.936581338099366,121.78590880299951,5.354536254801094,0.03000318150718917,1.6431300764452317e-14,5.688142562179135,True,True,True,True,True,True,True,True,True,True,True,True,,dry
0.0016977727715803415,0.005389875290162882,0.802925133162737,0.9942902493100297,72.63499227245656,17.29817779900504,121.21136414398464,5.376401681286346,0.030059531009686946,1.354472090042691e-14,5.677488408926422,True,True,True,True,True,True,True,True,True,True,True,True,,gel
0.015897810057962536,0.0020253038368311937,0.8439381502503707,1.000114893541773,77.6609562909483,19.760257471477043,121.62288073920266,5.458316022113377,0.032254452128324784,4.884981308350689e-15,5.650805721052216,True,True,True,True,True,True,True,True,True,True,True,True,,gel
0.009866199732037062,0.0037677288747790527,0.8262759281018743,0.995997535107138,71.9775152357513,16.990928999858394,121.29814604793364,5.40734827098805,0.030131082165574585,2.853273173286652e-14,5.796185358095463,True,True,True,True,True,True,True,True,True,True,True,True,,gel
0.013755899581525233,0.0032775979529107158,0.8275847880319672,0.9965106233784152,78.78088070159403,20.32415828033809,122.0878714049289,5.413433114477799,0.030250991725913834,3.375077994860476e-14,5.63309829233337,True,True,True,True,True,True,True,True,True,True,True,True,,dry
0.0009265600019150444,0.0020297357207250677,0.8614351671900873,1.0007870356058486,77.04441087088064,19.451240303929037,121.56150338429079,5.496554246438641,0.032765358102409325,4.218847493575595e-14,5.6687243346572265,True,True,True,True,True,True,True,True,True,True,True,True,,gel
0.018356696128378536,0.0018908498914343985,0.8335666635778377,0.997963767267485,73.25163607449426,17.595038698139913,121.39639960558321,5.431946482900237,0.029652449984714613,4.6074255521943996e-14,5.62084025974368,True,True,True,True,True,True,True,True,True,True,True,True,,gel
0.0027097616607398844,0.0031146599820323084,0.8351657431146144,0.9966844718754971,77.7555792621826,19.803462357188703,121.49399375590747,5.428158103567493,0.030120287603085383,1.84297022087776e-14,5.677416274278762,True,True,True,True,True,True,True,True,True,True,True,True,,gel
0.0006847286178313094,0.004701598429230791,0.8040092897379939,0.9950103344382584,76.8089224392966,19.326029416800676,121.48568012468695,5.374450753407738,0.030136577466852166,8.992806499463768e-15,5.644863368050709,True,True,True,True,True,True,True,True,True,True,True,True,,dry
0.000827661724116191,0.0018294251299677544,0.8541969924077596,0.9999346988660129,74.11449288931725,18.01082714822528,121.86895929521756,5.472868038895315,0.031674063329756974,1.4876988529977098e-14,5.710387338166076,True,True,True,True,True,True,True,True,True,True,True,True,,gel
0.015330112350033342,0.005508911401445382,0.8033445311501538,0.9941659680406019,78.17890219416564,20.01428090315207,121.64510030149015,5.373232874968021,0.029934947456007333,1.199040866595169e-14,5.848298214859088,True,True,True,True,True,True,True,True,True,True,True,True,,dry
0.009825677601882132,0.002262323257452792,0.8314818575203887,0.9975742709868306,74.3441428438407,18.11876466322684,121.31782907717523,5.431029381847027,0.02973001446472856,5.5289106626332796e-14,5.622462561995134,True,True,True,True,True,True,True,True,True,True,True,True,,gel
0.009641839626623572,0.0034427923380043746,0.8184016283742436,0.9963336180060567,74.29805267008709,18.09509821750076,121.58469006643506,5.40363891822713,0.03000771236930888,2.19824158875781e-14,5.699251744252554,True,True,True,True,True,True,True,True,True,True,True,True,,gel
0.001977466552850693,0.0028142011158427405,0.8296781007447834,0.9969962480651037,74.18607555418221,18.041818960463583,121.7074577138898,5.419886820854623,0.030239814951747435,3.086420008457935e-14,5.714701398850036,True,True,True,True,True,True,True,True,True,True,True,True,,gel
0.0019588574741506992,0.00400992979840642,0.8044347273296101,0.9957337705977793,73.6553047990566,17.785147539724623,121.79815901884899,5.383229382037054,0.029936588864938773,1.532107773982716e-14,5.712610699501261,True,True,True,True,True,True,True,True,True,True,True,True,,gel
0.013736772201424663,0.004628311330048929,0.7986002371859354,0.9950842629202938,72.89968686694864,17.424503962312713,121.02044192945985,5.3759112023574085,0.029786947331099545,4.3520742565306136e-14,5.742203313416605,True,True,True,True,True,True,True,True,True,True,True,True,,gel
0.00012741705498076072,0.0019041166126780862,0.8602395254947641,1.0000367491033004,75.56159501067415,18.71510166689708,121.94377684350341,5.482358250662727,0.03237471613027554,9.992007221626409e-15,5.707319413425905,True,True,True,True,True,True,True,True,True,True,True,True,,dry
0.009073094873304988,0.001773417181079151,0.850677576785378,1.0002262726311106,72.48802220967892,17.235618162623716,121.64366024332068,5.4761545521437265,0.03236762160715956,4.6851411639181606e-14,5.7054015462884085,True,True,True,True,True,True,True,True,True,True,True,True,,dry
0.010146361404396509,0.0023153391174687288,0.83168742835318,0.9975189013591614,75.52957469978575,18.696207806159023,121.12435454742388,5.430226361576148,0.03028811032793477,2.2426505097428162e-14,5.7748979880123725,True,True,True,True,True,True,True,True,True,True,True,True,,dry
0.012547114088341416,0.001953648024310528,0.8370020489344426,0.9978996266925337,73.30460376746235,17.620150109918075,121.40426339316681,5.4341737716410945,0.030048585899037472,3.064215547965432e-14,5.766406123726993,True,True,True,True,True,True,True,True,True,True,True,True,,dry
0.0018373809821505827,0.005061051732899724,0.8001078590485975,0.9946325980222769,72.84163063665403,17.396301639312252,121.30990617827698,5.36747430043892,0.02983801333255587,3.26405569239796e-14,5.709973530139204,True,True,True,True,True,True,True,True,True,True,True,True,,dry
0.009390418210256213,0.005767784199842807,0.8081803608289247,0.9938977469644324,76.75723179621887,19.298942258348568,121.0577988134225,5.368233835629764,0.030275998262141446,1.2323475573339238e-14,5.6486803610975285,True,True,True,True,True,True,True,True,True,True,True,True,,dry
0.013765081211147168,0.004195983226661926,0.8188608148043403,0.9955462080006209,77.57158928384904,19.709154374617974,121.82369385344039,5.399039263397902,0.030439137618629597,4.04121180963557e-14,5.663471899550847,True,True,True,True,True,True,True,True,True,True,True,True,,dry
0.001401005592822857,0.001668506889598964,0.8407716123178318,0.9989084028273948,72.07091603101297,17.037990563028313,121.57902836946873,5.452201358894828,0.0306957099091677,1.3655743202889425e-14,5.706940778061072,True,True,True,True,True,True,True,True,True,True,True,True,,gel
0.0023479300514985812,0.001816923193148412,0.8571262443037927,0.9999117112810709,73.92593232027254,17.920081569840676,121.05181623916836,5.4803668558327265,0.03142696872138373,2.4424906541753444e-14,5.67006323444587,True,True,True,True,True,True,True,True,True,True,True,True,,gel
0.0007980114123806725,0.00409228340929757,0.8218186045074347,0.9956560404298506,76.82101416616804,19.333006835728238,121.6002935309638,5.403479419962773,0.02975804778311797,1.6764367671839864e-14,5.761131289837032,True,True,True,True,True,True,True,True,True,True,True,True,,dry
0.00274094232838773,0.001845316929869445,0.8590128687096796,1.0003332343453928,73.93375298342791,17.924329187275937,121.28016271407411,5.485083131600665,0.03214356977554789,3.885780586188048e-14,5.718192636078538,True,True,True,True,True,True,True,True,True,True,True,True,,dry
0.010563595188213482,0.003791924891128229,0.8067095800203576,0.995962835836944,76.19776414989855,19.023648051606013,121.35836042685291,5.39725681446826,0.03022065197321211,2.0650148258027912e-14,5.791803804794777,True,True,True,True,True,True,True,True,True,True,True,True,,dry
0.009614758746350982,0.0021991203428510797,0.8333890608310889,0.9976412625701364,71.96791991929953,16.988333521140227,121.12449779784392,5.430377935848765,0.029994151697898097,2.1094237467877974e-14,5.7073652839901605,True,True,True,True,True,True,True,True,True,True,True,True,,dry
0.004364362599229343,0.0031227958439504766,0.8153289818651179,0.9966667915837697,73.75100113326165,17.83207306804592,121.44031045346796,5.40898718817196,0.02999397042769747,1.5987211554602254e-14,5.683799477456662,True,True,True,True,True,True,True,True,True,True,True,True,,gel
0.005940221483314745,0.001907700955882663,0.8573838684869391,0.9992975083555765,76.6218171013542,19.23844543919843,120.99437641666705,5.478841702843782,0.031398276384729806,2.5091040356528538e-14,5.661443667528647,True,True,True,True,True,True,True,True,True,True,True,True,,gel
