gain_error,resp_dev_lf,resp_min_hf,resp_max_hf,impulse_offset_uv,impulse_slope_uvs,cmrr_db,noise_uvpp,zin_drop,offset_gain_error,input_range_mv,ok_gain_error,ok_resp_dev_lf,ok_resp_min_hf,ok_resp_max_hf,ok_impulse_offset_uv,ok_impulse_slope_uvs,ok_cmrr_db,ok_noise_uvpp,ok_zin_drop,ok_offset_gain_error,ok_input_range_mv,compliant,violated,electrode_type
0.03059034068701605,0.0017297797011650573,0.8289776312927909,0.9983982238610716,73.92979810595547,17.92021407949062,110.56531087241297,3.399198413156643,0.029132626007407403,1.865174681370263e-14,6.024439561346234,True,True,True,True,True,True,True,True,True,True,True,True,,gel
0.0038093264723826348,0.0019270626826963788,0.8383279843654551,0.9987486506908108,77.52157510969982,19.68828978206433,109.52011765515894,3.404407998005163,0.029053019814657466,1.0436096431476471e-14,5.984814812527948,True,True,True,True,True,True,True,True,True,True,True,True,,gel
0.010257105735371974,0.0019123337490023484,0.8317968231844955,0.9988260224469494,77.04436811631331,19.448833989588042,110.5421216524123,3.399488333771091,0.03406188473755034,2.653433028854124e-14,5.902881152256878,True,True,True,True,True,True,True,True,True,True,True,True,,dry
0.013551753813843659,0.0018706295948845986,0.8552612197422157,0.9988164670216342,76.5222526404618,19.188397635784305,110.08824092982886,3.413726116704715,0.03151755222007613,3.0753177782116836e-14,5.788151245978726,True,True,True,True,True,True,True,True,True,True,True,True,,dry
0.012710795352587456,0.00382766856573058,0.8111311614463917,0.9959276234183579,75.20425265919809,18.534871394397815,110.41870140721748,3.3751139345710275,0.028369090288008936,1.9872992140790302e-14,5.837341872676439,True,True,True,True,True,True,True,True,True,True,True,True,,gel
0.0032030193061538537,0.001906979163539102,0.8416485383917172,0.9994459507810917,76.21113792289302,19.034715544849192,109.99307825625904,3.4076977341718595,0.02869541420325672,1.7541523789077473e-14,5.827620068614014,True,True,True,True,True,True,True,True,True,True,True,True,,gel
0.023769704636675826,0.0063675488430908755,0.8010882007298974,0.9932672529424837,77.19457991614524,19.516805997993895,110.15604580226585,3.355811093862618,0.03239128970238925,9.880984919163893e-15,5.982146779964141,True,True,True,True,True,True,True,True,True,True,True,True,,dry
0.01916952194332655,0.005461114887255758,0.8075230975642881,0.9942180265214869,73.89211197028867,17.89707978650682,110.4066463595756,3.364054200803156,0.029725473088051846,1.176836406102666e-14,5.6913453404349355,True,True,True,True,True,True,True,True,True,True,True,True,,dry
0.003342529781695802,0.00185736530242675,0.8185795962292526,0.9980126886456354,76.90224633938958,19.37662883422717,110.33953283911885,3.3867067577013783,0.03211074175093487,3.9968028886505635e-15,5.885261375589154,True,True,True,True,True,True,True,True,True,True,True,True,,dry
0.006762787445993013,0.004753627262681248,0.7975809653709549,0.9949526900152276,74.35096839642662,18.119059652574723,110.82497252471008,3.3610326737922316,0.03310622020716247,8.659739592076221e-15,5.7524088381992415,True,True,True,True,True,True,True,True,True,True,True,True,,gel
0.004904173089162245,0.003537445090338598,0.8291186842287914,0.9962396246300707,73.19826529725482,17.567616022932558,110.77096723995197,3.386439030607088,0.02855741124036726,1.6653345369377348e-14,5.867974487080799,True,True,True,True,True,True,True,True,True,True,True,True,,gel
0.015338398390167152,0.005123675100021541,0.8135627539437177,0.9945737243631796,75.9682904303001,18.908476151814682,110.27382130549424,3.367502881193107,0.02902155407955309,1.3100631690576847e-14,5.917069663541539,True,True,True,True,True,True,True,True,True,True,True,True,,dry
0.003300254073747677,0.004989132885531489,0.7973576874830852,0.9947063094518273,79.28850400260004,20.58223888335169,110.38000357819315,3.3602889450379267,0.03376858534224003,1.8207657603852567e-14,5.976988384664034,True,True,True,True,True,True,True,True,True,True,True,True,,dry
0.015036086964538065,0.003085751042467777,0.8118717587770384,0.9967038412455766,73.16913006027548,17.554326605322547,110.8214987399768,3.3791431083759536,0.03044035167002712,8.881784197001252e-15,5.78759030084158,True,True,True,True,True,True,True,True,True,True,True,True,,gel
0.011810960023766248,0.0017999354194567774,0.8591821933578454,0.9995753219646176,74.07981233655835,17.99378342109452,109.97062173616459,3.4211056852010593,0.030578865432610014,1.865174681370263e-14,5.87536679101112,True,True,True,True,True,True,True,True,True,True,True,True,,gel
0.004908120189541898,0.004316071768295293,0.8262581079900784,0.9954240804045172,77.53195276091647,19.68906317131089,110.18387738498484,3.380304071524328,0.030774278865760674,2.4424906541753444e-15,6.041064485998527,True,True,True,True,True,True,True,True,True,True,True,True,,gel
0.017714221276312614,0.002323659290916269,0.8227409562701374,0.9975060431683764,75.86847045932141,18.86301639946934,110.2223862951351,3.3880594060089635,0.03025110599539227,2.6756374893466273e-14,6.0415438060828714,True,True,True,True,True,True,True,True,True,True,True,True,,gel
0.00858909403812158,0.001828260232688561,0.8213412258623383,0.9980235445882089,75.27040230213706,18.569960396430382,110.4111373409437,3.392164392332043,0.03089277762085263,8.43769498715119e-15,6.039787354673796,True,True,True,True,True,True,True,True,True,True,True,True,,gel
0.006963961496858073,0.0029665804192864353,0.8176806357378207,0.9968312346417801,77.20476044952326,19.526544891213845,109.84741011159862,3.381144027204586,0.03089441784883107,9.658940314238862e-15,5.950420455180283,True,True,True,True,True,True,True,True,True,True,True,True,,gel
0.017461266575050316,0.006288020217994461,0.7953254312231307,0.9933475036498768,71.92579865090995,16.963720048158887,109.84089174714319,3.354272696637423,0.031607483794510616,4.374278717023117e-14,6.007406590478892,True,True,True,True,True,True,True,True,True,True,True,True,,dry
0.004056865099992479,0.001881134989291433,0.8236705842966817,0.9979693539122602,73.36486074053877,17.649059012351408,110.13766233892244,3.3892951386582717,0.028401747293245738,1.1102230246251565e-15,6.042351245733499,True,True,True,True,True,True,True,True,True,True,True,True,,gel
0.002669533378124367,0.0045325840141390294,0.8170746873223866,0.9951934101608311,75.74148848509026,18.797478646865084,110.88995146022584,3.3736232549841874,0.028746362104876355,7.882583474838611e-15,5.944469517847392,True,True,True,True,True,True,True,True,True,True,True,True,,dry
0.0029370787886418004,0.0020137558130202127,0.8509836817410609,0.9989218425722279,79.11914902712827,20.50098560889347,111.03896814520427,3.409171553719758,0.029156390951670774,2.631228568361621e-14,5.929979083085993,True,True,True,True,True,True,True,True,True,True,True,True,,dry
0.012228383634544482,0.0017219477031100716,0.8356896148552834,0.9982569071812649,74.06046578155778,17.982930614014776,110.51009172928262,3.398025548318254,0.031830913264299654,8.659739592076221e-15,5.854947694545218,True,True,True,True,True,True,True,True,True,True,True,True,,dry
0.0031505069755088932,0.0027264336539335465,0.8278382523470537,0.997087147932403,77.37487326986641,19.612229924644463,110.75869807167314,3.389111183308846,0.02896395280261832,3.885780586188048e-15,5.859450684629913,True,True,True,True,True,True,True,True,True,True,True,True,,dry
0.012964002182957679,0.004295832885562678,0.8130257885759689,0.9954389904757196,77.93380060531723,19.89198306465928,109.99218071996222,3.3730260482915955,0.029316483294817508,8.881784197001252e-15,6.114949530842954,True,True,True,True,True,True,True,True,True,True,True,True,,gel
0.0019094111697252059,0.002147347493048124,0.8423594075986894,0.9976993927164205,71.293960613718,16.674280302448025,111.11061631073264,3.3996273322738544,0.029062952030828093,1.5765166949677223e-14,5.932864258020256,True,True,True,True,True,True,True,True,True,True,True,True,,gel
0.013808469407621371,0.0027118942039433547,0.8320513551558538,0.9971042880800478,76.54304399261198,19.19643580695423,110.18786688158337,3.391194973416794,0.03376875046878147,1.2878587085651816e-14,5.94227788600108,True,True,True,True,True,True,True,True,True,True,True,True,,gel
0.018579796635421753,0.002587383250309161,0.8454496255419514,0.9972404673693476,74.25625572955401,18.07607647885721,109.93326349340555,3.3967762555706327,0.030809688772144295,8.881784197001252e-15,5.7070224476569384,True,True,True,True,True,True,True,True,True,True,True,True,,gel
0.016393571486658542,0.001889115455421586,0.8374070916560864,0.9993664137817269,75.91076203138877,18.886169896908502,109.99631481532134,3.4074087025999384,0.028260675641785804,2.708944180085382e-14,6.079336830895367,True,True,True,True,True,True,True,True,True,True,True,True,,gel
0.0029284537325358073,0.001905728335208523,0.8454340159519377,0.9979534503122793,72.36300137113773,17.174207575291813,110.1399952771755,3.403467998656695,0.030718469331385667,1.7985612998927536e-14,5.772657856939356,True,True,True,True,True,True,True,True,True,True,True,True,,dry
0.008230875313149144,0.0018776898347663273,0.8677381322619401,1.001011138046966,73.74014924456732,17.832204221906537,110.71649948081773,3.431065253321931,0.03278783619591974,1.5765166949677223e-14,5.815950540966516,True,True,True,True,True,True,True,True,True,True,True,True,,dry
0.010455918265949049,0.0016701078994407759,0.8391636573301269,0.998840401562,72.18205348836815,17.09017440047443,110.40720602502346,3.403463755637108,0.03361130500999898,2.7533531010703882e-14,5.919217650462965,True,True,True,True,True,True,True,True,True,True,True,True,,dry
0.0027041631788095044,0.001783249330604919,0.8444857476248099,0.9996042500260803,73.51093004233485,17.72072496049207,109.96060770551827,3.41000927841675,0.030240540026610474,1.3988810110276972e-14,5.838946330447127,True,True,True,True,True,True,True,True,True,True,True,True,,dry
0.027003616185696022,0.005149970508060653,0.8080657425128154,0.9945435852872139,73.11131117340292,17.524276726981334,110.63215359782924,3.366810026612354,0.03037019422973586,5.551115123125783e-15,5.956250179692183,True,True,True,True,True,True,True,True,True,True,True,True,,dry
0.009994023473433478,0.0027921142590774384,0.8191612143036754,0.9970144298860488,73.83913299898956,17.874982126038866,110.52676276018039,3.380942290669458,0.02970856543288347,2.7977620220553945e-14,6.0917728639821895,True,True,True,True,True,True,True,True,True,True,True,True,,gel
0.025088854360892476,0.0018870575116708421,0.858914299276949,1.000328036847466,74.79292850124791,18.339824176417682,110.66720840501189,3.421561089801168,0.032351757505539425,3.6637359812630166e-15,5.742533191174563,True,True,True,True,True,True,True,True,True,True,True,True,,dry
0.0037162611146677182,0.002356815675191859,0.8469768184461703,0.997482246939589,77.7327194464981,19.793051728193472,111.20554748074261,3.3991795080377596,0.029417293924964394,1.9984014443252818e-15,5.837283893412316,True,True,True,True,True,True,True,True,True,True,True,True,,gel
0.022114598755318626,0.0017932626139914865,0.8543938182266496,0.9994126406113827,74.11564322102664,18.01087023330823,110.09290030417218,3.414346460353173,0.030597729476961377,2.6645352591003757e-14,5.780002123048106,True,True,True,True,True,True,True,True,True,True,True,True,,gel
0.015145754067576345,0.00476871739572271,0.8185362835268207,0.9949472131700363,75.77896564345276,18.815693262495316,110.15713023122176,3.372424396583214,0.032218160416996544,3.6193270602780103e-14,5.751085733434489,True,True,True,True,True,True,True,True,True,True,True,True,,dry
0.008881624225089202,0.0017420378230825762,0.8460893694541615,0.9983850240520828,74.42421402234767,18.15860631864086,110.48445911859994,3.4057632747666324,0.03462992378341567,6.5503158452884236e-15,5.982019159682995,True,True,True,True,True,True,True,True,True,True,True,True,,dry
0.008580477840667733,0.00364417640285708,0.8131777656194291,0.9961204797457515,76.64231128090391,19.244582699839196,110.2378454454225,3.375837209725498,0.030211677870881193,6.661338147750939e-16,6.080855730482975,True,True,True,True,True,True,True,True,True,True,True,True,,dry
0.008186056472142544,0.0038997350373589645,0.810140094602506,0.9958517690684714,76.5438867367967,19.195238957433585,110.1772879284282,3.3735134224446757,0.033323640859087345,2.731148640577885e-14,5.9255357083739115,True,True,True,True,True,True,True,True,True,True,True,True,,gel
0.02045182149279401,0.00173952912825448,0.8534081342556182,0.9998522501952035,72.35265692521605,17.171561587249336,110.64881247083423,3.417500000782794,0.033539821287761895,9.325873406851315e-15,5.9124906000743715,True,True,True,True,True,True,True,True,True,True,True,True,,dry
0.0021086507781880037,0.0017644604867224079,0.8248937063959997,0.9980919618406664,73.62657375954902,17.774382512149113,111.06040061940284,3.3917865573144947,0.03033845537888802,1.765254609153999e-14,5.925711747451194,True,True,True,True,True,True,True,True,True,True,True,True,,gel
0.00766921485704064,0.0017328667955234245,0.8455590183340868,0.9993577570342023,72.83138711065777,17.397026397182835,110.51546101725764,3.4111020695858225,0.03270030998981899,1.7319479184152442e-14,5.969120081505747,True,True,True,True,True,True,True,True,True,True,True,True,,dry
0.00420041518479386,0.0023308196899958222,0.8460637616333759,0.9975090696170341,74.96267924045821,18.41908064372038,110.27780204460674,3.4019401799057722,0.02903589929465278,1.021405182655144e-14,5.848199545335152,True,True,True,True,True,True,True,True,True,True,True,True,,dry
0.01048148372554536,0.002655507070260188,0.8455422814038033,0.9971692161770018,78.61979273127814,20.242826190540846,110.42054219002787,3.3984531550934407,0.027376633472759204,9.325873406851315e-15,5.762387578731598,True,True,True,True,True,True,True,True,True,True,True,True,,dry
0.006512867657171628,0.004848424004071261,0.8087308997821233,0.9948591704985322,73.76301863742526,17.83585853743964,110.94610281126442,3.3691270658681356,0.028148771025914177,8.881784197001252e-15,5.838274504414461,True,True,True,True,True,True,True,True,True,True,True,True,,dry
0.001118279386994936,0.0035985339723462184,0.8237223696070105,0.9961732023371498,78.4729192400232,20.166689821738615,110.20754130740048,3.381601640537564,0.028993326647888895,1.787459069646502e-14,5.776504467096031,True,True,True,True,True,True,True,True,True,True,True,True,,gel
0.016761629956584145,0.0017005097624113175,0.8415799004435951,0.9985391822303694,73.28948016711219,17.613776743491695,110.02967272303076,3.4036251758810834,0.028581042195628847,2.6867397195928788e-14,5.854708778562508,True,True,True,True,True,True,True,True,True,True,True,True,,dry
0.015330582863136044,0.0018009912174941078,0.8369466373025234,0.9992106892304407,74.33971678440278,18.118767448541274,109.83934055693493,3.4045201689404183,0.02957455053021163,1.4654943925052066e-14,5.903717570170421,True,True,True,True,True,True,True,True,True,True,True,True,,gel
0.00017523783680795102,0.0038179563784707105,0.8062702838915272,0.9959353662486174,77.32945110478613,19.587889182306483,110.08451953868828,3.3702404193417497,0.030312934918947265,1.787459069646502e-14,5.829382444829159,True,True,True,True,True,True,True,True,True,True,True,True,,dry
0.019307191419291936,0.00189291318060536,0.841255160183676,0.9986522511181152,77.01903843867892,19.435856629158504,109.93816064534121,3.4024658725956414,0.029578034286994015,4.9960036108132044e-15,5.840918408572194,True,True,True,True,True,True,True,True,True,True,True,True,,dry
0.005075672355626892,0.0032381562306448286,0.8295451611953204,0.996552798241779,73.71967763964354,17.817100908779924,110.60675042566979,3.3868479739417725,0.031733160048614706,2.2648549702353193e-14,5.76157565039514,True,True,True,True,True,True,True,True,True,True,True,True,,gel
0.014849979790413803,0.005142170554979009,0.8095273770025985,0.9945524582860135,72.89395742791297,17.421055067814475,111.03479542990966,3.3644077546200077,0.029338409409808586,5.440092820663267e-15,5.893452736350428,True,True,True,True,True,True,True,True,True,True,True,True,,gel
0.010540369860533971,0.004905238277171375,0.8122435174990654,0.9948014680962175,75.38141960224377,18.620281639272616,109.97530731881754,3.3677595779237874,0.031075166447902647,1.787459069646502e-14,5.952603845184836,True,True,True,True,True,True,True,True,True,True,True,True,,gel
0.01452643874577575,0.002038408639040812,0.8345008726664246,0.9993767435448215,78.78893089537733,20.332291991914797,110.87340801973528,3.406906527355595,0.03183390524547902,9.2148511043888e-15,6.087527237599844,True,True,True,True,True,True,True,True,True,True,True,True,,gel
0.009170917658480549,0.0016089689197061885,0.8305556534184269,0.9983674720652085,71.46412311077663,16.754027715559268,110.70443936186842,3.398383972497449,0.03067687232256322,1.8207657603852567e-14,5.920636098088875,True,True,True,True,True,True,True,True,True,True,True,True,,gel
0.0014762564014245694,0.001830520755352949,0.8427486945189361,0.999709641345341,74.31158112880588,18.105758296808222,110.7042935689573,3.41007434509627,0.03241227722976425,1.9984014443252818e-14,5.911338858822655,True,True,True,True,True,True,True,True,True,True,True,True,,dry
0.016906742766588323,0.001968810175798197,0.8427392540604227,0.9997206127773416,77.072339797494,19.464005935192144,110.95588514888871,3.4127415359416102,0.033658753971041455,9.547918011776346e-15,6.141606466600258,True,True,True,True,True,True,True,True,True,True,True,True,,gel
0.019734298468961464,0.0016417824213819099,0.8499734287549668,0.9987956504316361,71.7901819288103,16.90656261595665,110.1663931615752,3.4091724090225313,0.029684771906329788,2.6423307986078726e-14,5.881703907367722,True,True,True,True,True,True,True,True,True,True,True,True,,gel
0.00791073245746221,0.0019979611869269664,0.8525222351686197,1.0003310027185939,76.93314707512437,19.395162989804977,109.66579704083205,3.4198971141465995,0.03264006361251881,3.175237850427948e-14,6.03964009464018,True,True,True,True,True,True,True,True,True,True,True,True,,dry
0.007209885398905103,0.0027407988943053407,0.8197349144493395,0.997068350601546,75.89568022214276,18.875873311359417,110.60008624474693,3.3834687587127275,0.03012390644057472,1.0103029524088925e-14,5.944893700265226,True,True,True,True,True,True,True,True,True,True,True,True,,gel
0.013311974418338424,0.0025034288145183714,0.843512731755289,0.997327433933206,74.26941392176991,18.082579749700564,110.45125533546882,3.3975399235948345,0.031101862558310267,2.653433028854124e-14,5.984691915293462,True,True,True,True,True,True,True,True,True,True,True,True,,gel
0.010417946966568392,0.0019982784760981254,0.8421661407474968,0.9995988613283527,77.80789597642305,19.833841351083965,110.3371497546547,3.407748027012812,0.028391254912362607,9.547918011776346e-15,5.815825435690561,True,True,True,True,True,True,True,True,True,True,True,True,,dry
0.00483476086132717,0.0020990717331385023,0.8270016177873387,0.9977429411369425,74.76142289636708,18.321424586238884,110.00738618358238,3.394144325728373,0.0281051274220232,8.659739592076221e-15,6.0411840620521176,True,True,True,True,True,True,True,True,True,True,True,True,,dry
0.01612484934011371,0.0034083381889877806,0.8171625287822545,0.9963690400310574,74.03860905384398,17.970104753417672,111.01546483023868,3.379015239110928,0.027845205737235035,1.5765166949677223e-14,6.129983699036619,True,True,True,True,True,True,True,True,True,True,True,True,,gel
0.011182789384090785,0.001894571890411978,0.8225007704290677,0.9979547503147502,73.28754475905639,17.61225001738032,109.96901086619869,3.3897891376168063,0.029162339658154957,1.7763568394002505e-14,5.953031697067799,True,True,True,True,True,True,True,True,True,True,True,True,,dry
0.017799019041454978,0.0038685384613472706,0.8227763981545946,0.9958904648113972,73.42233504883328,17.67403824155337,110.48209221171993,3.3767909338333006,0.0280920317997706,1.7763568394002505e-14,5.674430217950502,True,True,True,True,True,True,True,True,True,True,True,True,,dry
0.00688679149559468,0.0023916907063790127,0.82030050274457,0.9974337381691942,75.87452355157598,18.865888332754253,110.20349236628715,3.3869609201020587,0.02961910790747202,2.6645352591003757e-14,5.9706011005345925,True,True,True,True,True,True,True,True,True,True,True,True,,gel
0.010102921375473528,0.0016130668781351165,0.8466221496675833,0.9987030601778525,71.27115943662962,16.664812111451692,110.25606755605425,3.4044714080126073,0.030602896925960632,8.881784197001252e-15,5.878538313517437,True,True,True,True,True,True,True,True,True,True,True,True,,dry
0.008944082537012399,0.004171022663826962,0.8041838780315813,0.9955652018633792,71.52926075200735,16.78122044084326,109.96649399000282,3.367501493144133,0.03148400123405837,9.325873406851315e-15,5.985302990292074,True,True,True,True,True,True,True,True,True,True,True,True,,dry
0.014260295712836601,0.0026858911086974357,0.8183270378426171,0.9971251003023996,76.48214933050303,19.16621676480593,110.77721704749193,3.3839969882224126,0.030298724095061624,1.8207657603852567e-14,5.704142983079376,True,True,True,True,True,True,True,True,True,True,True,True,,dry
0.007888470395355451,0.002312934835995928,0.8253600951805955,0.9975184664764508,77.77052032275267,19.81220656497126,110.75221928619926,3.3884342198912605,0.02878858162059794,1.4876988529977098e-14,5.956516428583818,True,True,True,True,True,True,True,True,True,True,True,True,,dry
0.026594657805487643,0.004152157642609344,0.8220556162332736,0.9955935703848409,72.13442806214695,17.06407621251747,110.57063656731398,3.3776583065206522,0.03186092596487233,8.992806499463768e-15,6.030988770761705,True,True,True,True,True,True,True,True,True,True,True,True,,dry
0.026280908515980528,0.004891499132413046,0.8089435484219528,0.9948142122824106,76.75983660624877,19.301416075220484,110.0663410105983,3.365476201438976,0.03348240325454588,9.769962616701378e-15,5.84052991879927,True,True,True,True,True,True,True,True,True,True,True,True,,gel
0.015764456295649376,0.002590156050054193,0.8235509368265461,0.9972277308726801,72.34721726367808,17.165876194862236,110.58441796781507,3.3863534648568394,0.030472240372240944,1.354472090042691e-14,5.739001845649571,True,True,True,True,True,True,True,True,True,True,True,True,,gel
0.0024368443791216166,0.004236234659614091,0.8193267783609974,0.9955043338524674,76.49511532105844,19.170581843336905,109.9298428608443,3.376127871363608,0.029581075244252464,1.8096635301390052e-14,6.02528768211169,True,True,True,True,True,True,True,True,True,True,True,True,,dry
0.003950251962046347,0.0018020832483749416,0.8527801827400968,1.0000380974573937,73.38396435736534,17.660640892454392,109.65137271820119,3.4174496079645635,0.030687746335079646,2.220446049250313e-15,6.014008067812143,True,True,True,True,True,True,True,True,True,True,True,True,,gel
0.008482810828482679,0.005814032392466917,0.8059280751461407,0.993848253139559,79.01297399995501,20.43950005735267,110.10907021158319,3.357599211074016,0.02961889430653486,8.43769498715119e-15,5.819050447119655,True,True,True,True,True,True,True,True,True,True,True,True,,dry
0.0013633123609986253,0.002351563320736716,0.8439874017748653,0.9974864691811757,75.38389352530983,18.624816399533266,110.42843925822375,3.401192345613174,0.029553986938678944,9.103828801926284e-15,5.913425070128809,True,True,True,True,True,True,True,True,True,True,True,True,,gel
0.011680069547010952,0.0017757862662184376,0.8312230364478459,0.9989261195368533,74.15223826054485,18.02787392566598,110.37136328224271,3.400521774701331,0.03104785939543586,1.4432899320127035e-14,5.82738049140018,True,True,True,True,True,True,True,True,True,True,True,True,,dry
0.003053184690938071,0.0035072218545366685,0.8272476700227955,0.9962703474197558,75.84697795281596,18.850846247486412,110.72163781473256,3.3852105771979915,0.028649999946679605,8.992806499463768e-15,5.954253046073559,True,True,True,True,True,True,True,True,True,True,True,True,,gel
0.00047281825028921975,0.0018016614662443864,0.8504012227187205,1.0003667817911113,72.87215522511048,17.41749393027391,110.2600326488212,3.4181547719323504,0.030319819527465763,2.708944180085382e-14,5.961214664261517,True,True,True,True,True,True,True,True,True,True,True,True,,dry
0.0036370453731099373,0.0019073875122714856,0.8365423871816755,0.9986214997836071,77.287031501182,19.570126654661117,110.27311825739609,3.401718645759103,0.03037431269203439,1.887379141862766e-14,5.9692313918072495,True,True,True,True,True,True,True,True,True,True,True,True,,dry
0.03008495551956991,0.004015177366213929,0.8061553282094438,0.9957291086903441,74.8984704640448,18.385517711479476,109.81927006342751,3.3672095218407185,0.030581167047291746,1.7541523789077473e-14,5.638869175694829,True,True,True,True,True,True,True,True,True,True,True,True,,dry
0.0046620955324441216,0.004755759024383632,0.8107785835168405,0.994957077075572,71.24477077639854,16.648418461374167,110.49320834413349,3.369480889607041,0.030059753241299725,1.687538997430238e-14,5.867755690877893,True,True,True,True,True,True,True,True,True,True,True,True,,gel
0.009974034099316742,0.0039986107242183655,0.8231600060856364,0.9957545782908989,79.09350915786231,20.48339768091906,110.21057031727808,3.3781597645544106,0.028582010707963734,1.9539925233402755e-14,5.912817289717423,True,True,True,True,True,True,True,True,True,True,True,True,,gel
0.011031096285406772,0.0019643207759210135,0.8612837689389673,1.0013276882909066,75.00892908688019,18.44618345010049,110.42604970480582,3.427252116765455,0.031131511470952167,1.8096635301390052e-14,5.76753686437913,True,True,True,True,True,True,True,True,True,True,True,True,,gel
0.001285810774118712,0.002114261564363451,0.8619537591838795,1.001701241282136,77.56275513187072,19.71281628630735,110.52158065523912,3.4296625434473667,0.03427878994325162,2.6423307986078726e-14,5.941037605728884,True,True,True,True,True,True,True,True,True,True,True,True,,gel
0.004321266942476143,0.0017234787222613068,0.8560763980837179,1.0000581364567822,71.74593583499653,16.887221371113903,110.39629626861851,3.419667279904794,0.030059193856871724,3.7192471324942744e-14,5.758731167434845,True,True,True,True,True,True,True,True,True,True,True,True,,dry
0.004178547639677621,0.001768416773331949,0.8563066679544198,0.9996538768340744,73.28102143699215,17.611064984697208,110.28893872109968,3.4174491605472315,0.029697870761569822,2.7200464103316335e-14,5.780513220794839,True,True,True,True,True,True,True,True,True,True,True,True,,gel
0.001665822554814067,0.002269814702367645,0.8469782005963887,0.9975732564322519,76.55104028446067,19.201029296011697,110.45867352796819,3.4035577670771775,0.026332770529984617,1.8207657603852567e-14,5.8637543259091895,True,True,True,True,True,True,True,True,True,True,True,True,,gel
0.02306259662406762,0.0027510536685043663,0.8186203743644844,0.997057114052893,73.95313389704998,17.929752910762836,110.98088847711642,3.3829685001092793,0.029157884322303707,1.709743457922741e-14,5.965044215398179,True,True,True,True,True,True,True,True,True,True,True,True,,dry
0.017586767363650502,0.0019374451215430355,0.8178400372516942,0.9979076920418403,73.4465539946961,17.687958635274637,110.76495961962125,3.3870204126016783,0.03042706185700883,1.887379141862766e-15,5.655110923406655,True,True,True,True,True,True,True,True,True,True,True,True,,dry
0.010804703721807307,0.0018749457167931416,0.8559375367670962,0.9993795521675473,75.8376238862405,18.850136988409353,110.11154334919381,3.417637986256936,0.03133148380824202,1.8318679906315083e-14,6.016800943728744,True,True,True,True,True,True,True,True,True,True,True,True,,gel
0.0025702101759788043,0.0018419792974434523,0.8510751560189677,0.9988693504557008,75.82746542655117,18.844524019234917,110.4064993224626,3.411058791925833,0.03117020901656553,2.7977620220553945e-14,6.014856086404842,True,True,True,True,True,True,True,True,True,True,True,True,,gel
0.014387304853743288,0.0018040162709104246,0.828687195055203,0.998052338106564,74.55453333970732,18.221386061138777,110.31472409197713,3.394696121568825,0.03133493830526057,1.8540724511240114e-14,5.901892108700417,True,True,True,True,True,True,True,True,True,True,True,True,,dry
0.01189038548941812,0.0017591152774520946,0.8602959505314195,0.9992974991766248,73.64862887220198,17.78638233847127,110.17499149327698,3.4158468613513104,0.031861817392452085,9.103828801926284e-15,5.9416951237382705,True,True,True,True,True,True,True,True,True,True,True,True,,dry
0.007442095595359466,0.003921051754928073,0.8220462788202828,0.9958351582127345,79.06604642801581,20.469443163085625,110.19218328726427,3.3792919035016205,0.029380167530360102,9.103828801926284e-15,6.084329795356978,True,True,True,True,True,True,True,True,True,True,True,True,,dry
0.0026933814832547087,0.0017228181222422867,0.8393833912806304,0.9991832205429378,72.79311196447615,17.37875988688673,110.78826053909748,3.403925091666917,0.028118409376589937,9.547918011776346e-15,5.8792114312876,True,True,True,True,True,True,True,True,True,True,True,True,,gel
0.012644675463049593,0.0028420293147128906,0.8360857892127261,0.996970032973249,73.2024541719332,17.570477795745173,110.32703129983776,3.3911138791041386,0.03060404714981002,2.708944180085382e-14,5.815213612933177,True,True,True,True,True,True,True,True,True,True,True,True,,gel
0.007627994221252599,0.0017983714167101317,0.8505366954622139,0.9993624384912299,74.24394985369858,18.072717006701193,110.73553403491594,3.412260361047273,0.030655417686017206,3.552713678800501e-14,5.861970138457835,True,True,True,True,True,True,True,True,True,True,True,True,,dry
0.021364667843736806,0.0018831747972447577,0.832455962048424,0.9988255260258844,76.47706984487644,19.165847438168925,110.81543971547083,3.4008062513133703,0.029281676604379414,2.0650148258027912e-14,6.059220879202173,True,True,True,True,True,True,True,True,True,True,True,True,,gel
0.007755605461762127,0.0018995544438530354,0.834222821431401,0.9979549087650735,76.82690338927989,19.339017883562835,110.8561939143519,3.3978554447005336,0.030063064174803422,1.7319479184152442e-14,5.8720191367072365,True,True,True,True,True,True,True,True,True,True,True,True,,gel
0.030489453122540144,0.004436208944890829,0.8082088670243416,0.995289886237256,75.5889842318514,18.72262406587885,110.33022548555684,3.369880310480377,0.031176983462874563,2.5757174171303632e-14,5.97131379279551,True,True,True,True,True,True,True,True,True,True,True,True,,gel
0.0014658808750427355,0.0017725960401607788,0.8222215212472825,0.9983989972823673,74.71351945043894,18.298883110033337,110.99326449992844,3.3923037919207126,0.03074883021542063,4.218847493575595e-15,5.823527312193749,True,True,True,True,True,True,True,True,True,True,True,True,,gel
0.0037701354083914396,0.0031368182260118616,0.8110434716011077,0.9966499962639787,77.05018906812928,19.44888607826078,110.97636292566762,3.3797251902440903,0.03100249068186378,1.7541523789077473e-14,6.052988623289602,True,True,True,True,True,True,True,True,True,True,True,True,,gel
0.01587625790565661,0.001842827086269927,0.8421098297884456,0.998903626963731,75.6859818430917,18.774861280967304,111.0287084579532,3.4068881590018605,0.032650337051145506,8.43769498715119e-15,5.8791585859574,True,True,True,True,True,True,True,True,True,True,True,True,,gel
0.003093150598011629,0.0017536793574065568,0.8479484363304302,0.999241870058596,73.46245321674328,17.697230113694747,110.36889446163127,3.4080368765683215,0.03257610233264019,2.8199664825478976e-14,6.003578581367758,True,True,True,True,True,True,True,True,True,True,True,True,,gel
0.019324452287584504,0.001815560946092587,0.8415526817835023,0.9995160639419592,74.26439405303122,18.082737017288665,110.34267733136465,3.4091713971291626,0.03166215065569389,7.438494264988549e-15,6.139008690235948,True,True,True,True,True,True,True,True,True,True,True,True,,gel
0.006842396362967351,0.003039791533228864,0.8201454728481012,0.9967558497790617,76.41716339673782,19.133402301911367,110.6448298228532,3.3840508687069186,0.029821394353140462,1.7541523789077473e-14,5.788073062717867,True,True,True,True,True,True,True,True,True,True,True,True,,gel
0.012744669028923461,0.004499351901343873,0.8063023435823167,0.9952229073748767,77.4188444261982,19.63188564093483,109.94583649317411,3.3673955177772945,0.029777959994957248,2.6867397195928788e-14,6.054218982044476,True,True,True,True,True,True,True,True,True,True,True,True,,gel
0.005232997580782328,0.0017554197228164536,0.8210982585306458,0.9980996314038056,73.95643761616677,17.932685149235972,110.89639156392971,3.393265635288058,0.03326206121675013,3.552713678800501e-15,5.974275345718458,True,True,True,True,True,True,True,True,True,True,True,True,,dry
0.0012020993554673343,0.0020571827101772966,0.8360958636981105,0.999551344389442,78.93665328612416,20.40821831886831,109.66654366197885,3.407418986446449,0.030346753407579752,5.218048215738236e-15,6.004216359636321,True,True,True,True,True,True,True,True,True,True,True,True,,dry
0.006813835346621389,0.005080556531399938,0.8055408895419959,0.994614909346534,73.0588323047477,17.49942293366845,110.64444975412766,3.364426382798229,0.030579366646746098,9.325873406851315e-15,5.978135230046097,True,True,True,True,True,True,True,True,True,True,True,True,,dry
0.006112232957670383,0.005227030638677688,0.8076119879403841,0.9944627522309473,78.14408869711083,19.997210255144495,110.5793493788573,3.3644230871089107,0.02727169171041799,8.43769498715119e-15,5.867962877010904,True,True,True,True,True,True,True,True,True,True,True,True,,gel
0.024386338095799376,0.0020109604194762376,0.8470544105209924,1.0004305445735262,76.98837721151908,19.422835381408277,110.29478075964568,3.4180752917648363,0.03165011416242636,4.3298697960381105e-15,5.952359019569693,True,True,True,True,True,True,True,True,True,True,True,True,,dry
0.01379615682261981,0.003972163688011565,0.8203942213803103,0.9957809852412596,73.80894444741693,17.85904896712561,110.29531179555343,3.3784905681120327,0.02810272296107852,2.6645352591003757e-14,6.05409196198723,True,True,True,True,True,True,True,True,True,True,True,True,,gel
0.0034772603432300375,0.0050992574555730474,0.7972899111932139,0.9945911577518288,77.72105040841218,19.78329138606857,110.9507111631221,3.3596142021036104,0.029431431914640593,2.9976021664879227e-15,5.7836073003318855,True,True,True,True,True,True,True,True,True,True,True,True,,gel
0.00872190862515776,0.003244870202683048,0.810862061981166,0.9965369232244907,75.76826106004002,18.81244697167679,110.00835146458572,3.374294928337333,0.028000395227441355,1.709743457922741e-14,5.975010478894396,True,True,True,True,True,True,True,True,True,True,True,True,,gel
0.01365558205710804,0.0025461626828406914,0.8389548130034026,0.9972807381220997,74.15418627867635,18.026922006911914,110.42309993538413,3.3959519100965703,0.029965473199236037,1.8207657603852567e-14,5.914971448645271,True,True,True,True,True,True,True,True,True,True,True,True,,dry
0.01124820145635308,0.0017418836768188228,0.8513381058022204,1.0001616790448833,71.92385584275631,16.970583217347823,110.03599306577117,3.418216708495491,0.032210502194044865,3.5860203695392556e-14,5.840865069768535,True,True,True,True,True,True,True,True,True,True,True,True,,gel
0.0072728915978088615,0.0030420942933354622,0.838516315637413,0.9967618837540351,72.7348318879726,17.34829749773762,110.23329503864689,3.391925003609965,0.030989320263356213,2.7533531010703882e-14,5.8676433691307786,True,True,True,True,True,True,True,True,True,True,True,True,,dry
0.005102152504767754,0.0019689985110518116,0.8440222142312165,0.9985739577015369,78.64155788941318,20.255885142950817,110.68298356486807,3.403664756660786,0.03125353048358892,1.7541523789077473e-14,5.7870339587465685,True,True,True,True,True,True,True,True,True,True,True,True,,gel
0.0013661312692282435,0.0018826133575580162,0.8429999746420045,1.0000372089577052,74.91449055818637,18.398681743514537,110.21708303411863,3.411179587425434,0.029942775649761444,9.325873406851315e-15,5.992572154657354,True,True,True,True,True,True,True,True,True,True,True,True,,gel
0.0032742606584643674,0.0051804072129529866,0.8168393644448674,0.9945160133875065,72.34999280872866,17.164091680101688,110.40372848460414,3.3693574092776264,0.027807143196252104,7.771561172376096e-15,5.823369727583084,True,True,True,True,True,True,True,True,True,True,True,True,,gel
0.009718884817860651,0.003244719580454025,0.834456708317637,0.9965481571253109,73.95963708046963,17.932304424088958,110.3500714765108,3.388346117072384,0.02884609590182985,1.865174681370263e-14,5.831787111507378,True,True,True,True,True,True,True,True,True,True,True,True,,gel
0.0021679470003890255,0.002275656995508246,0.8336936089483205,0.9975612754086823,77.8084511981403,19.831433522968435,110.2593822972851,3.393975428561356,0.03249768526836638,8.659739592076221e-15,5.9973837710617515,True,True,True,True,True,True,True,True,True,True,True,True,,gel
0.008479300505438547,0.0027437210191240125,0.8344233276822831,0.9970720589241939,77.99329888210727,19.924227781532935,110.55993665889842,3.392096546036883,0.02980013835257367,1.2656542480726785e-14,5.987134821617559,True,True,True,True,True,True,True,True,True,True,True,True,,gel
0.018322507600639026,0.0018091698663428302,0.8672178703360351,1.001214527300686,72.0221198775204,17.017781106384163,110.36129796553794,3.4328292047983773,0.03138258577682307,9.547918011776346e-15,5.958602494320089,True,True,True,True,True,True,True,True,True,True,True,True,,gel
0.005826513939177103,0.00189690230345807,0.8471234385596449,0.998406607249787,77.50415017448394,19.679083687425702,110.53237016244863,3.4042263013119722,0.02798779242262095,9.43689570931383e-15,6.007615966454414,True,True,True,True,True,True,True,True,True,True,True,True,,gel
0.032573944303289415,0.0037419700236819287,0.8123618707232483,0.9960178513824662,73.43127431774968,17.678462427727485,110.33378545545662,3.3770138431550816,0.031175391429428045,1.7985612998927536e-14,6.15690895505886,True,True,True,True,True,True,True,True,True,True,True,True,,dry
0.0038262239059621006,0.003203676074848616,0.8325314738429829,0.9965901894190736,76.43750691922467,19.1433465974216,110.25221737099726,3.389123774523043,0.0293972403291759,1.7319479184152442e-14,5.883918187181282,True,True,True,True,True,True,True,True,True,True,True,True,,gel
0.002847952377683205,0.0038710560837257324,0.8099659729930428,0.995881682177018,75.53011944969036,18.694554238961143,110.4492036551145,3.3710765521388613,0.03173511002373086,1.7985612998927536e-14,6.050349196875179,True,True,True,True,True,True,True,True,True,True,True,True,,dry
0.0040166862256068026,0.0016935118581872244,0.8310238978536247,0.998611838162657,72.89725268662333,17.427460985915094,110.05565802625539,3.395704945798501,0.03069059300666588,9.547918011776346e-15,5.95641425282489,True,True,True,True,True,True,True,True,True,True,True,True,,gel
0.006672479980444401,0.0023547045521827847,0.8156301427106526,0.9974702042982961,74.24239786829499,18.069651931610483,111.04702023234019,3.3852110199506704,0.02714753143451576,2.353672812205332e-14,5.837954622740002,True,True,True,True,True,True,True,True,True,True,True,True,,gel
0.018632173775565253,0.002009826067231435,0.858658458047352,1.0003368887530621,77.2309085739314,19.54429455628102,110.62229043980653,3.4225406147045496,0.03423238926521588,2.6645352591003757e-14,6.101984480248701,True,True,True,True,True,True,True,True,True,True,True,True,,dry
0.006319776883998318,0.0042820309483430075,0.8090879659469428,0.9954515083205352,77.29457228384919,19.56972107791165,110.83754233936324,3.3697964147467894,0.02902836369218409,8.215650382226158e-15,5.892869294589442,True,True,True,True,True,True,True,True,True,True,True,True,,gel
0.012104668955498887,0.004555351595131096,0.7994628667987189,0.9951609145101306,78.37392473780206,20.114922006097416,110.04087683870756,3.365508256260707,0.027038468822184747,1.687538997430238e-14,6.10598006569766,True,True,True,True,True,True,True,True,True,True,True,True,,gel
0.0018361704268226031,0.0017729644157146174,0.8550210735244779,0.9991988862288191,74.01067295651019,17.960085981951526,110.09377596473256,3.4146100089186526,0.033069293205606365,6.439293542825908e-15,5.981322357552902,True,True,True,True,True,True,True,True,True,True,True,True,,gel
0.017012388183589966,0.002844094629613214,0.8410142062530752,0.9969700714199595,71.50291671230175,16.770516824185027,110.50904132065807,3.392550684865471,0.027970944829467492,4.440892098500626e-15,5.8372222059668415,True,True,True,True,True,True,True,True,True,True,True,True,,dry
0.0017814425393136712,0.0024170385380722914,0.8418561690700065,0.997417084382663,72.28036201645585,17.134684011020617,110.68187346641491,3.397663533873104,0.028671911832543695,8.881784197001252e-15,5.9898518820436655,True,True,True,True,True,True,True,True,True,True,True,True,,gel
0.0016459114166889055,0.004543635986089312,0.8070104477813312,0.9951769920260398,73.54697731325064,17.73277726597261,110.58856393750503,3.36963838257488,0.02885313720146221,1.9095836023552692e-14,6.019717024779617,True,True,True,True,True,True,True,True,True,True,True,True,,gel
0.020796100208489765,0.003277877889443226,0.8289506499073799,0.996510958600958,76.71646863240528,19.282074731748665,110.53131712297217,3.3873382646057566,0.027648351448430808,2.5757174171303632e-14,6.039048731287234,True,True,True,True,True,True,True,True,True,True,True,True,,dry
0.0018119872862573105,0.0017766356460598987,0.8454898447827491,1.0001751309209954,72.56206055331386,17.270572682726637,110.73844677507006,3.4165550586049913,0.03036726278150015,1.7985612998927536e-14,5.929787335290645,True,True,True,True,True,True,True,True,True,True,True,True,,gel
0.005098528508050704,0.0017571839263549327,0.8545670378356202,0.9983257760996103,74.92171959871,18.4000842674187,110.2591721179542,3.4112144627330196,0.0311127196591523,2.0650148258027912e-14,5.942426117152234,True,True,True,True,True,True,True,True,True,True,True,True,,gel
0.006430583741152129,0.004929421917503118,0.8036534852338196,0.9947719519059596,76.00425235601031,18.9265576957328,110.39275745059287,3.365928282473767,0.030142059561491852,2.2648549702353193e-14,6.0249689762340575,True,True,True,True,True,True,True,True,True,True,True,True,,gel
0.010341633943272255,0.0017402579587867395,0.8530042293699507,1.0000240834282794,72.11221804801887,17.058700964109562,110.00046210075237,3.4180904674715773,0.032918664211230686,2.0650148258027912e-14,5.935065615329536,True,True,True,True,True,True,True,True,True,True,True,True,,dry
0.0019723581565678217,0.0024160708265774655,0.8262112641839343,0.9974110470293116,71.78550234301558,16.902767117676078,110.667259666593,3.389114777250202,0.030685416592446613,9.992007221626409e-15,6.051706870728516,True,True,True,True,True,True,True,True,True,True,True,True,,gel
0.015928644818864912,0.0035898912350303958,0.8054263750720656,0.9961734383012737,76.2892145998073,19.06932297088499,109.88932267687211,3.3708799027030656,0.02682706130784729,1.8207657603852567e-14,5.911351528802755,True,True,True,True,True,True,True,True,True,True,True,True,,gel
0.01041485093672656,0.00206324130308011,0.863879795107276,1.0012721291564928,77.08755535077951,19.47361926411945,110.7013863125801,3.429046767180115,0.035079868764328226,3.885780586188048e-15,5.933024419963263,True,True,True,True,True,True,True,True,True,True,True,True,,dry
0.01017371395876654,0.0023405607224448177,0.8477708450618071,0.9974996476869114,71.47507607470527,16.758135267093163,109.87586672801245,3.403006640445965,0.028924077337334597,8.215650382226158e-15,5.835201752877003,True,True,True,True,True,True,True,True,True,True,True,True,,dry
0.012410766338738832,0.0028877865150042092,0.8404148970739104,0.9969240519306884,78.11726719982092,19.98690063729619,110.16313168644574,3.3924382451042825,0.031039808965513838,3.4638958368304884e-14,5.821117384511074,True,True,True,True,True,True,True,True,True,True,True,True,,dry
0.010400109583409645,0.0017740883116736939,0.8628659729720236,1.0005288958831708,72.213350118715,17.106784748913054,110.94458081789527,3.424251063367811,0.03327499488622787,9.43689570931383e-15,5.980342632974383,True,True,True,True,True,True,True,True,True,True,True,True,,dry
0.0030289745744247476,0.001867517386592743,0.8341907683234501,0.9994187639702337,75.36262646356501,18.616733357117727,110.39335871881482,3.4057073914457225,0.031537661394985705,1.887379141862766e-14,5.805918951096799,True,True,True,True,True,True,True,True,True,True,True,True,,dry
0.006382855123626907,0.003934997872696688,0.8282699307693997,0.995823500423242,74.66390619909929,18.271629963261425,110.40269933702265,3.383531674468954,0.03034370723785318,2.6645352591003757e-15,5.845652795016695,True,True,True,True,True,True,True,True,True,True,True,True,,gel
0.0026074997615253004,0.002908837926239083,0.8371395319351657,0.9969005751597181,79.22591798656563,20.552990899180347,110.21331881552277,3.3933872734681194,0.03019404813306359,8.43769498715119e-15,5.925037099420829,True,True,True,True,True,True,True,True,True,True,True,True,,gel
0.014565230272256757,0.005140096628957536,0.8095498073177737,0.9945546126748255,75.58787809737741,18.72118571298219,110.58920850173861,3.3643016468987144,0.027203890050297552,1.021405182655144e-14,5.894162245796859,True,True,True,True,True,True,True,True,True,True,True,True,,dry
0.013854486863431381,0.001669769495209139,0.8503310303851026,0.9983816984281456,72.98998289494007,17.471112225008074,110.76593275873036,3.408932784118903,0.03117558264593745,9.547918011776346e-15,5.9073652850453655,True,True,True,True,True,True,True,True,True,True,True,True,,gel
0.013681053551551026,0.0016888347951451443,0.8288707397772431,0.9981885416366532,73.38377076693745,17.658326963573703,110.11808894446321,3.3952709469556193,0.03214234579796105,1.84297022087776e-14,5.677436574278056,True,True,True,True,True,True,True,True,True,True,True,True,,gel
0.003446592512788893,0.0038044410869793044,0.8221105866670536,0.9959571811169785,73.09994867322257,17.520548624096364,110.87356280667404,3.3815550431504837,0.03226310822447076,1.84297022087776e-14,5.913159182976223,True,True,True,True,True,True,True,True,True,True,True,True,,gel
0.006874322821679324,0.005484645849921255,0.8062079620656807,0.9941927673062799,75.09115048300684,18.477549209524845,110.1777630630161,3.3625502716937135,0.03015201621081187,1.6653345369377348e-14,6.012204613731093,True,True,True,True,True,True,True,True,True,True,True,True,,dry
0.019336753070608004,0.0019836138757886035,0.8267276663228076,0.9978635413512091,78.53289941886705,20.199439146817394,110.35149677827918,3.3943949028530733,0.03133152553268026,2.6201263381153694e-14,5.963448972013326,True,True,True,True,True,True,True,True,True,True,True,True,,gel
0.010616761030333377,0.0017417475735238552,0.8577968157769041,1.000713808951447,71.19067584522669,16.629722710869974,110.35004222407088,3.423638003637983,0.03190564371023852,1.9539925233402755e-14,5.879625326009912,True,True,True,True,True,True,True,True,True,True,True,True,,dry
0.0004906984269134052,0.004911711320750856,0.7998266605622727,0.9947885661753572,73.32079659501045,17.624356973293118,110.09227703470305,3.360607669386829,0.032744815681258865,2.55351295663786e-14,5.965214404825536,True,True,True,True,True,True,True,True,True,True,True,True,,dry
0.014139215143933681,0.00189871669095254,0.8607832102777119,1.0004406222837068,74.89382159390586,18.389131699438458,110.68826646660229,3.426121953194596,0.03173934815752488,9.992007221626409e-15,5.95314590370933,True,True,True,True,True,True,True,True,True,True,True,True,,gel
0.01651377231296003,0.0020316125410160257,0.8587661853514587,1.0001155961202175,77.95719801223923,19.910057808344686,110.50888858198581,3.4235634055942357,0.030540396351941834,1.199040866595169e-14,5.994008483427882,True,True,True,True,True,True,True,True,True,True,True,True,,gel
0.015160424532489447,0.00375555479839651,0.8073040705383524,0.9960011275127207,77.58564397076962,19.71686994729167,109.69887252235154,3.369593961055956,0.030519691065327037,1.9984014443252818e-14,5.735501679213952,True,True,True,True,True,True,True,True,True,True,True,True,,dry
0.004169673542326668,0.0031192407160334223,0.8048665127401594,0.9966653069042287,78.62954441190938,20.247136448079626,110.51226343396596,3.373721008486005,0.029463745879164893,1.1102230246251565e-14,5.877480012342652,True,True,True,True,True,True,True,True,True,True,True,True,,dry
0.0008639083889557808,0.0025155988123319872,0.8332306049612882,0.9973101474135339,73.81647123823655,17.86442811701887,110.57875493058873,3.394639130909853,0.03219634298135443,8.881784197001252e-15,5.969053142691483,True,True,True,True,True,True,True,True,True,True,True,True,,dry
0.003682900442634196,0.0017240375861470314,0.8460288773067643,0.9995811670883962,72.32706393042847,17.159139097335583,110.72599530114715,3.4111654814206314,0.031271308666581565,9.103828801926284e-15,5.7952450852463935,True,True,True,True,True,True,True,True,True,True,True,True,,gel
0.007844283811405561,0.005135907001952655,0.8016208632446052,0.9945550389435747,77.90250649046041,19.874869801821667,110.31713566486944,3.3602470793140657,0.02864516716081844,1.4765966227514582e-14,5.960056994620279,True,True,True,True,True,True,True,True,True,True,True,True,,dry
0.007297547698813078,0.005602841579892437,0.8063382238191328,0.9940692726535921,74.66983765795727,18.272395491382174,110.46792120006779,3.359302522030103,0.033128570162921034,1.84297022087776e-14,5.7259495065072725,True,True,True,True,True,True,True,True,True,True,True,True,,gel
0.0005051905323607553,0.002045835370904747,0.8584950799327846,1.0012457106218255,76.70898495591187,19.284441814437788,110.2536011368693,3.427119827411216,0.035265523660021225,1.021405182655144e-14,6.0252317980167795,True,True,True,True,True,True,True,True,True,True,True,True,,dry
0.020483030958300286,0.001929673407393584,0.8370026141341687,0.9981190679060548,78.40751790789285,20.136005446849413,110.54321074559859,3.3989008678541035,0.03180167499392805,1.8096635301390052e-14,5.9677300828738,True,True,True,True,True,True,True,True,True,True,True,True,,dry
0.008736782819635414,0.0027093911902656975,0.8362820222774651,0.9971088311657395,74.24712237851006,18.071449062752375,110.86735673796674,3.394188108330731,0.030953895016225474,3.597122599785507e-14,5.764447234163539,True,True,True,True,True,True,True,True,True,True,True,True,,gel
0.014713662174739017,0.002642903453892509,0.8444803525293907,0.9971819936576907,72.65259397726494,17.30986429713924,110.51231524355035,3.398510800135821,0.030274859232606643,2.7977620220553945e-14,5.7299746454150124,True,True,True,True,True,True,True,True,True,True,True,True,,gel
0.01725376009380586,0.0027510373063162064,0.8114539503151526,0.9970536864157588,72.55837638775435,17.2653236778377,109.91234665665618,3.3799773597725884,0.02717716123267655,3.9968028886505635e-15,5.7475318119626,True,True,True,True,True,True,True,True,True,True,True,True,,dry
0.010982447899789749,0.001876184589697405,0.8220235175540855,0.9984164756049595,76.76487206552775,19.30864620392517,110.73489046141663,3.3939316679797087,0.029521430279997873,9.325873406851315e-15,5.766213717370381,True,True,True,True,True,True,True,True,True,True,True,True,,gel
0.005917425731088999,0.0019511689301372481,0.8288281753207418,0.9982243341183616,78.57904676217402,20.22352881934909,110.00399636844674,3.393644683167401,0.032302512699201924,8.992806499463768e-15,5.863883407392163,True,True,True,True,True,True,True,True,True,True,True,True,,gel
0.014184444569218635,0.002291904110924836,0.8134923759758135,0.9975348201022132,77.64863046904178,19.750603270878667,110.22672135624146,3.381186420968635,0.031118384691049106,2.731148640577885e-14,5.964057455172532,True,True,True,True,True,True,True,True,True,True,True,True,,dry
0.0013415798751534869,0.003229256412904169,0.8103783863155514,0.996553016289047,75.633071478191,18.74590302933293,110.32296552267104,3.37821915975714,0.031920385650844874,1.0658141036401503e-14,5.9907267742554,True,True,True,True,True,True,True,True,True,True,True,True,,dry
0.0031519066506826565,0.0032881405008463593,0.8172878081204226,0.9964948146426741,72.00064702667603,17.00234387834343,110.56643132798159,3.3815794362663216,0.029479888204661853,1.84297022087776e-14,6.0022287477385285,True,True,True,True,True,True,True,True,True,True,True,True,,dry
0.008794559810358926,0.0051702747082502665,0.8023613947579293,0.9945194995095191,75.86759142313161,18.858817169602602,110.32513775287461,3.3627462514481947,0.028777998462763188,2.6201263381153694e-14,5.896659362817721,True,True,True,True,True,True,True,True,True,True,True,True,,gel
0.0019356380731078149,0.0017392191116553102,0.8445764297340932,0.9993582464126474,72.95060838728664,17.453580174879637,110.35797293478544,3.4105066280216643,0.03210628782948588,1.8762769116165146e-14,5.77272999803536,True,True,True,True,True,True,True,True,True,True,True,True,,gel
0.011098630845004953,0.0017659267588726602,0.8542916347616352,0.9996830900667995,73.16185652712943,17.55439206491133,110.24696884086374,3.4163160307134883,0.033441363358816645,8.659739592076221e-15,5.8589011553444,True,True,True,True,True,True,True,True,True,True,True,True,,dry
0.009079336295625295,0.00296389706517719,0.8307957201704919,0.9968401996411241,72.51455301736625,17.24436067174724,110.05099853543297,3.388719529338804,0.03039072451813918,1.8207657603852567e-14,5.840599055082222,True,True,True,True,True,True,True,True,True,True,True,True,,dry
0.012723870184197184,0.0019942917233756186,0.8587837550443137,1.0009493084276848,76.08769026718294,18.975538205142914,110.74085635323904,3.4265719738857805,0.03264921020343847,1.3100631690576847e-14,5.675281762323145,True,True,True,True,True,True,True,True,True,True,True,True,,gel
0.00996224634446885,0.0019084602201020484,0.8689309620244269,1.0012507845490042,74.0675234869151,17.989812718875292,110.45555382679751,3.431271086203572,0.03254613707605247,3.3306690738754696e-15,5.933957606028246,True,True,True,True,True,True,True,True,True,True,True,True,,dry
0.0018046899346554346,0.0016928695734581556,0.8268985094627676,0.9988683642425524,72.45359369369542,17.21794093063717,110.93062991717672,3.3972447059536526,0.031811275884156553,2.4868995751603507e-14,5.99691178820043,True,True,True,True,True,True,True,True,True,True,True,True,,gel
0.018022407840813548,0.0017877577324336702,0.8536118069146159,0.9985154321655793,75.2619886539192,18.566457956039116,110.47131926447815,3.4076589257047925,0.030610481446469273,1.865174681370263e-14,5.873766672733287,True,True,True,True,True,True,True,True,True,True,True,True,,dry
0.006096426842180591,0.001891662276792161,0.8616479323293819,0.9999522771428442,75.44451586958716,18.657559987718006,110.60519669843687,3.422859963736598,0.031072441762656666,6.106226635438361e-15,6.034926570045896,True,True,True,True,True,True,True,True,True,True,True,True,,dry
0.016326168995074886,0.0017049312814719775,0.8529398252911488,0.9990135710617466,72.84059115630633,17.40101069009294,110.59432657697941,3.4144386784961083,0.0305023909629083,1.4654943925052066e-14,5.838028507726968,True,True,True,True,True,True,True,True,True,True,True,True,,gel
0.001320716545686551,0.0017557299230303025,0.8408105416000755,0.9998759077999395,72.49613826864733,17.239134203635448,110.73549314555122,3.4112946281049874,0.03258633152414847,2.2426505097428162e-14,5.945566343786638,True,True,True,True,True,True,True,True,True,True,True,True,,dry
0.002450249551563921,0.0051868933326482125,0.8049510812409811,0.9945034281652015,74.92256821100084,18.39581960786487,109.75567462925042,3.3628391439755347,0.029971707055745478,2.55351295663786e-14,6.010790267988826,True,True,True,True,True,True,True,True,True,True,True,True,,dry
0.015995135672580152,0.00498594190518209,0.8147862285778081,0.9947183161463469,75.48025693321054,18.66862810421136,110.65032661611396,3.3723713409281815,0.0323902354380039,9.103828801926284e-15,5.863967399336941,True,True,True,True,True,True,True,True,True,True,True,True,,gel
0.006073448189536923,0.003168669297218485,0.8070794311946269,0.9966147666750869,73.64121680524907,17.779636103520005,110.68629019856806,3.3741805623495362,0.03095219643579028,3.774758283725532e-15,5.876151417391959,True,True,True,True,True,True,True,True,True,True,True,True,,gel
0.0019183082265553653,0.001840533472158179,0.8533274497436867,0.9983444933915443,76.55297501022316,19.20304360106938,110.41565694435262,3.4128897561511233,0.02937223323199123,6.328271240363392e-15,5.775966601524681,True,True,True,True,True,True,True,True,True,True,True,True,,dry
0.0036937280646447412,0.0017160304156489392,0.8445849214368918,0.9984490426305703,73.77917380640338,17.847949687018957,110.23877839436766,3.4038933351260643,0.03067413989137424,2.042810365310288e-14,5.995114540461564,True,True,True,True,True,True,True,True,True,True,True,True,,gel
0.015107272900630297,0.004924569543947599,0.8143749589969786,0.9947822689809203,77.08722133267251,19.464948536884425,110.73336257486477,3.369829301491097,0.03170898598930971,1.787459069646502e-14,6.029953873209822,True,True,True,True,True,True,True,True,True,True,True,True,,gel
0.01239637775171587,0.002688810346233139,0.8149169572107843,0.997120422967804,75.20662881442834,18.53755951642732,110.73626162128247,3.380344499486901,0.027304795497694934,1.5543122344752192e-15,5.859459560699305,True,True,True,True,True,True,True,True,True,True,True,True,,gel
0.014709004992257357,0.00573218382703955,0.7982408338700414,0.9939299963384514,75.1828843392828,18.52197182923644,110.416103921602,3.3573368387708493,0.027518885120070613,1.865174681370263e-14,5.976212153472455,True,True,True,True,True,True,True,True,True,True,True,True,,gel
0.013161519302344216,0.004644332819425001,0.8128959304950717,0.9950745742247985,74.75133898017489,18.31317305760798,110.18582387478966,3.3708322382471483,0.02964079841579703,4.440892098500626e-14,6.034511409674094,True,True,True,True,True,True,True,True,True,True,True,True,,gel
0.00022861544004082468,0.004832870478253981,0.8016950321235222,0.994871949951443,71.9698439494359,16.98603373903952,110.28131713347616,3.363463329883538,0.030336173568618285,3.6637359812630166e-15,5.809379370876213,True,True,True,True,True,True,True,True,True,True,True,True,,dry
0.008013424792746693,0.005135586904844058,0.7977414030840912,0.9945534102660064,77.45214099637464,19.64777062864445,110.81123278791652,3.359284290297714,0.028966677730554613,1.7763568394002505e-15,5.826851938348418,True,True,True,True,True,True,True,True,True,True,True,True,,dry
0.015152011465296655,0.0025559892387013727,0.8424932454096963,0.9972720132579285,74.58515274195567,18.235188383499104,110.66833645982166,3.3994306082334993,0.03066754804636984,7.771561172376096e-15,5.9560161820486845,True,True,True,True,True,True,True,True,True,True,True,True,,gel
0.015128664786558721,0.0048011987182943194,0.8095746538228942,0.9949089555397306,74.11391080589809,18.004555156777116,110.4289543143056,3.367393064076522,0.030068307134605177,9.880984919163893e-15,5.682071939501338,True,True,True,True,True,True,True,True,True,True,True,True,,gel
0.0007374609311476821,0.003188387374872481,0.8379836624623117,0.9966086473514083,73.39602864523694,17.662319168470336,110.19969235669942,3.391336419645889,0.028630991260062966,2.731148640577885e-14,5.951615677010967,True,True,True,True,True,True,True,True,True,True,True,True,,dry
0.01048815120197466,0.005221914299874508,0.8019662061591531,0.9944653209264129,75.20795891327481,18.53490483123834,110.4763679477467,3.359528994178187,0.0278893074211658,1.7763568394002505e-14,6.045216510289982,True,True,True,True,True,True,True,True,True,True,True,True,,gel
0.01834718545205538,0.0040027597570591045,0.8207537042590605,0.9957491666868681,73.20879037142642,17.57210426535552,110.69892925997596,3.376822711259687,0.027979162832589166,2.6867397195928788e-14,5.742678457866643,True,True,True,True,True,True,True,True,True,True,True,True,,gel
0.0156227815868345,0.005198352745836687,0.8015355172001688,0.9944897514019317,73.52800850122804,17.72287656975866,110.00387928064562,3.3607119956647047,0.027806067497942344,9.2148511043888e-15,6.019681529265976,True,True,True,True,True,True,True,True,True,True,True,True,,dry
0.002885436902482441,0.0036036265625546404,0.8210300174141738,0.996166650556949,74.73596214027319,18.30712203973013,110.25099770137055,3.377787487751734,0.028302825469549542,9.103828801926284e-15,6.040538851071449,True,True,True,True,True,True,True,True,True,True,True,True,,gel
0.0032866828098309098,0.004126524501821827,0.8020385812242509,0.9956106473921369,72.03663993322233,17.0182337375599,110.14836351474725,3.3683425457892304,0.029561684090837925,1.7985612998927536e-14,6.024179874941205,True,True,True,True,True,True,True,True,True,True,True,True,,gel
0.005419207322978403,0.001955334677645637,0.859574504466692,1.001068914589344,75.1482675941373,18.513979069247977,110.5414208952314,3.4291109017563586,0.03465011956863551,8.659739592076221e-15,5.885108729352877,True,True,True,True,True,True,True,True,True,True,True,True,,dry
0.005157423648442627,0.0022798880942621613,0.8131542563817299,0.997547214859416,78.45119648852507,20.157460728849138,110.63538511996836,3.3824813025207003,0.029146364575296846,9.658940314238862e-15,5.8872638667953465,True,True,True,True,True,True,True,True,True,True,True,True,,gel
0.012346007525464886,0.004544598941946365,0.8160310194901529,0.9951803610896324,74.56325530437326,18.22205387339751,110.72237147939515,3.372986408695035,0.030033567690122887,8.659739592076221e-15,5.86868183473205,True,True,True,True,True,True,True,True,True,True,True,True,,dry
0.009195667436270538,0.0037120729837085698,0.8260187104816211,0.9960556056726991,71.21052957515056,16.633709446327856,109.80428726395624,3.3830500721392527,0.029934416535472685,9.992007221626409e-15,5.931952994153593,True,True,True,True,True,True,True,True,True,True,True,True,,dry
0.013114619102633895,0.00266141785088847,0.8270593436808196,0.9971548121188556,74.55765069817176,18.221806438139705,110.95490548267229,3.3916991620126344,0.02944561450140415,9.103828801926284e-15,6.02639490921396,True,True,True,True,True,True,True,True,True,True,True,True,,gel
0.01088587933849905,0.0018808004124423183,0.8455465187015712,0.9999844183116536,74.98417488858922,18.432514006488866,110.14069504784754,3.416015038026788,0.0327540550093961,8.659739592076221e-15,6.088677817813269,True,True,True,True,True,True,True,True,True,True,True,True,,dry
0.009612056027966887,0.0019728452801304197,0.8577387674575824,1.0005384477165482,76.2128833749247,19.03704977407814,110.5632554837918,3.4215515714610416,0.03384353333744761,1.5987211554602254e-14,5.788023720440232,True,True,True,True,True,True,True,True,True,True,True,True,,gel
0.004527218259646304,0.0018922504961488285,0.854728664149657,1.0000521302529848,75.23430698901377,18.554744811936672,110.46955573174655,3.41993811186066,0.031307262632342736,1.6209256159527285e-14,5.781242486089949,True,True,True,True,True,True,True,True,True,True,True,True,,dry
0.018219887557794134,0.004690542620351845,0.812552757382805,0.9950260897042694,75.13615812277433,18.500514881287327,110.95662783359572,3.370296346963683,0.032569985821462644,1.0658141036401503e-14,5.668248966609556,True,True,True,True,True,True,True,True,True,True,True,True,,gel
0.011216506974738194,0.003737911587572862,0.8160369279317746,0.9960238400113853,76.54689306652519,19.196995665981447,109.98654534931332,3.375023411072221,0.0318917584351367,1.6542323066914832e-14,6.027717869294061,True,True,True,True,True,True,True,True,True,True,True,True,,dry
0.011689383662833563,0.005739361239461949,0.8078240714925149,0.9939273034944196,72.92123889413391,17.433330968992312,110.60066755201733,3.3639351492875025,0.0337252941020858,1.84297022087776e-14,5.930747657294741,True,True,True,True,True,True,True,True,True,True,True,True,,dry
0.001517657282388285,0.0018385205759362533,0.8581251758209485,0.9993509862885711,75.17039615795105,18.52265787154046,110.43655315689762,3.41573710008529,0.03358431825528663,6.439293542825908e-15,5.970479273147306,True,True,True,True,True,True,True,True,True,True,True,True,,gel
0.007159587169056625,0.002874386773075943,0.8230933160327304,0.9969302356453201,74.60753964359262,18.245651981719387,110.68956164682676,3.385709782176284,0.02680536714259585,3.1086244689504383e-15,5.95649895441411,True,True,True,True,True,True,True,True,True,True,True,True,,dry
0.00489139452645615,0.0018904942487595333,0.8650553544847861,1.0016016451572631,73.21149594731077,17.58012558334503,110.11044486830446,3.4334111914912606,0.03446607718241357,8.992806499463768e-15,5.895648587993551,True,True,True,True,True,True,True,True,True,True,True,True,,gel
0.02116713215258237,0.0017793280155634639,0.8593025745632836,1.000375319102854,72.50345872843559,17.243130941039702,109.90313630496246,3.424285662964056,0.03222118542618113,1.4654943925052066e-14,5.640608507126117,True,True,True,True,True,True,True,True,True,True,True,True,,dry
0.004874353325769354,0.002918906616927508,0.8437018802432418,0.9968929618782354,76.11204933528282,18.982507919930754,109.79537270078148,3.396016127309582,0.029587330698498726,8.770761894538737e-15,5.99339281087286,True,True,True,True,True,True,True,True,True,True,True,True,,dry
0.01702294646995739,0.0017027244947841469,0.8288288022060012,0.9981759668575566,73.68879306254162,17.804226272672256,110.14453568887346,3.3937518265909508,0.027248518175972958,9.547918011776346e-15,5.821116976128119,True,True,True,True,True,True,True,True,True,True,True,True,,dry
0.032855995812317795,0.002593383888086165,0.8120416041705432,0.997218832797648,74.7057716880469,18.293747494403256,110.539665945023,3.380283278713969,0.029009440284093135,9.325873406851315e-15,5.792525059790933,True,True,True,True,True,True,True,True,True,True,True,True,,gel
0.005824980343090758,0.0016886945389273933,0.8552646032537892,0.9998741613960355,71.26490540215843,16.663165441371245,109.8981058682506,3.4163577074816036,0.03341602638331809,2.220446049250313e-14,5.8775233457717215,True,True,True,True,True,True,True,True,True,True,True,True,,gel
0.02065065735613847,0.005675086151933462,0.8032821188034859,0.9939922023493322,77.6853352324444,19.764440325184264,110.4952046551596,3.357373604740228,0.03127747236193079,1.7985612998927536e-14,5.8231928438941924,True,True,True,True,True,True,True,True,True,True,True,True,,dry
0.012509788978461112,0.0023524764471339887,0.8462564674987793,0.9974865181666329,73.12021965476097,17.53197335650635,110.88275815851244,3.400348191000243,0.03148995183151038,1.84297022087776e-14,5.8593298134608185,True,True,True,True,True,True,True,True,True,True,True,True,,gel
0.017362480608205444,0.0034562802095227108,0.8048271716589542,0.9963128283768604,79.15784771010725,20.517192723829968,110.39335190892906,3.371899753631493,0.026706772589950023,9.547918011776346e-15,6.084571785450635,True,True,True,True,True,True,True,True,True,True,True,True,,gel
0.0057077786116095375,0.0032177721145255633,0.8082424234080775,0.9965639733613667,75.79122345959611,18.82367848801927,110.40032931108648,3.3755228228954555,0.030676191317626778,8.659739592076221e-15,5.88219808810865,True,True,True,True,True,True,True,True,True,True,True,True,,gel
0.004378690289173592,0.004973562290716993,0.8124619485119943,0.9947301663981357,72.52274396379522,17.24581989311991,110.11661718731452,3.3700680902211437,0.029266149243467043,1.021405182655144e-14,6.0101891678028005,True,True,True,True,True,True,True,True,True,True,True,True,,dry
0.002883129235423887,0.0025133371840631025,0.844554244223669,0.9973175044283669,76.32733616071846,19.089700945196704,110.40226080167932,3.3984415647166677,0.028027775942219613,1.7985612998927536e-14,5.988059915464652,True,True,True,True,True,True,True,True,True,True,True,True,,gel
0.008067939796573942,0.0035919658098327867,0.8148043619219212,0.9961758998406725,72.46986138877868,17.22254854320965,110.62167165548402,3.3775761947540897,0.03074233926004044,1.7541523789077473e-14,5.804110599240049,True,True,True,True,True,True,True,True,True,True,True,True,,dry
0.00168028630411321,0.0017418782433048507,0.8458034627969048,0.998206998279045,74.6700216143473,18.27752331746136,110.87186724259311,3.4045037962843554,0.03016633404957003,1.0658141036401503e-14,5.933608068367666,True,True,True,True,True,True,True,True,True,True,True,True,,dry
0.0031068780068201907,0.003711795404562457,0.8289582606742719,0.9960572065166305,75.72280288662395,18.789466457611724,110.19937850686202,3.382585104593122,0.02767494918940616,2.3869795029440866e-14,5.875828384638569,True,True,True,True,True,True,True,True,True,True,True,True,,gel
0.010935936936803614,0.002774474802667126,0.8203103094820497,0.997033398740459,76.47887349561996,19.164505232046594,110.47220831806455,3.384079751151205,0.02721771067413148,9.769962616701378e-15,5.697009448987441,True,True,True,True,True,True,True,True,True,True,True,True,,dry
0.012485814767110082,0.0038969856996070584,0.8096607827319486,0.9958544560782475,71.44914689284951,16.744265373413604,110.90415534480289,3.3719310499452,0.03197018089791137,1.7541523789077473e-14,5.748341429407131,True,True,True,True,True,True,True,True,True,True,True,True,,dry
0.006351644670638423,0.0018307226140814592,0.8547193378003757,1.000236004057871,73.71772455337752,17.820539550463312,110.14289060085301,3.421384495944532,0.030086711250212783,4.884981308350689e-15,5.864276737340484,True,True,True,True,True,True,True,True,True,True,True,True,,gel
0.005681477330186535,0.0017803332468254718,0.8487366802564521,0.9982383090938679,75.44159291135969,18.653998426097967,110.76869597934964,3.404996742238615,0.030204009177143942,8.992806499463768e-15,5.99373586659382,True,True,True,True,True,True,True,True,True,True,True,True,,gel
0.0037976234505185946,0.0027548959060601508,0.8361938803490477,0.9970611568140029,78.84686659787815,20.358842096516476,110.92104337092978,3.3943834497879513,0.03046615117427387,1.8207657603852567e-14,5.78107498705971,True,True,True,True,True,True,True,True,True,True,True,True,,gel
0.02769466540768939,0.0031181247159437486,0.8163590000531841,0.9966721335291883,75.5911775560477,18.7255254223635,110.18572017607065,3.380294269654371,0.02820252902637732,1.3322676295501878e-15,6.1449908272350715,True,True,True,True,True,True,True,True,True,True,True,True,,gel
0.010561254301676981,0.0028825746992044987,0.801813720166497,0.9969113036446475,74.9978268460901,18.435440684064655,110.56374141916729,3.3749125375976288,0.03160458066780181,9.103828801926284e-15,5.897389458074495,True,True,True,True,True,True,True,True,True,True,True,True,,gel
0.0026566585130669562,0.0038593842315313154,0.8058322785125307,0.9958918462156319,75.53473059225497,18.696829576355075,109.78542085120529,3.3722620829967846,0.02936176447042782,1.5432100042289676e-14,5.893068588072893,True,True,True,True,True,True,True,True,True,True,True,True,,gel
0.0015442779954484287,0.003983519968930538,0.827152226378406,0.9957722161776122,78.17997768081663,20.017118562455693,110.27979477407803,3.3807799527470146,0.031160153754900444,2.631228568361621e-14,5.890261618433689,True,True,True,True,True,True,True,True,True,True,True,True,,gel
0.012754340018233945,0.003885061596878847,0.8077648708890461,0.9958659259632903,78.51896333683052,20.189738006462076,110.33662139979342,3.369764981463612,0.028041273505039266,1.4654943925052066e-14,5.878890091035159,True,True,True,True,True,True,True,True,True,True,True,True,,gel
0.007525583113094814,0.001924421671767984,0.8590863278998574,1.0003962438898397,75.45576159688378,18.66362365931352,109.82327817916526,3.4226819352164215,0.03317772040285927,9.769962616701378e-15,6.0259548069027975,True,True,True,True,True,True,True,True,True,True,True,True,,gel
0.027202792869762682,0.0017269663515846467,0.8537763740600878,0.9981460352513242,74.55133211876758,18.219956052494158,110.6813739522437,3.4083877414735477,0.028819976741511266,1.8318679906315083e-14,5.687762639783915,True,True,True,True,True,True,True,True,True,True,True,True,,gel
0.004335928101638298,0.0018569802254516654,0.8314624811795794,0.9979982326998887,72.01300897426977,17.009863769398443,110.37156715590643,3.395701613618799,0.02771340759639218,2.220446049250313e-16,5.82712085973786,True,True,True,True,True,True,True,True,True,True,True,True,,gel
0.012347971240098898,0.0024928683650161654,0.8191693350043441,0.9973273888867659,75.1250740694387,18.498034023209485,110.08523714193922,3.385718379674382,0.03245691988988997,1.7541523789077473e-14,5.777666370263188,True,True,True,True,True,True,True,True,True,True,True,True,,dry
0.0024903765126632615,0.0016357938283219076,0.8411624917780831,0.9987814950205955,71.567878284572,16.802766704625437,110.9061078000771,3.4045401157628263,0.03072651404868465,4.4853010194856324e-14,5.810880616147804,True,True,True,True,True,True,True,True,True,True,True,True,,gel
0.008938882047138108,0.005245992002569588,0.8076295910663219,0.9944429874329355,72.69181245905955,17.325301438612446,111.07779350396581,3.3674850435586214,0.02973424959745219,8.881784197001252e-15,5.704845034504289,True,True,True,True,True,True,True,True,True,True,True,True,,gel
0.01507992135713554,0.00642912230388204,0.7933944302126936,0.9931990121766846,72.59023630087482,17.27589204957606,110.85150069290007,3.3525434677469748,0.030185255835173952,1.8096635301390052e-14,5.99026757446103,True,True,True,True,True,True,True,True,True,True,True,True,,dry
0.004076680346356332,0.0023478547566171404,0.8249866221961974,0.9974817728405323,77.4464270911551,19.648818473556407,110.64635133113973,3.388003667728367,0.031405794419437805,1.7763568394002505e-14,5.841448032512653,True,True,True,True,True,True,True,True,True,True,True,True,,dry
0.013617837115161291,0.0035490951062865372,0.826165066687965,0.9962260683235046,74.95976611035857,18.416047855603754,110.79385599875359,3.381874202605828,0.0291470768254809,3.3306690738754696e-16,5.8315125771490885,True,True,True,True,True,True,True,True,True,True,True,True,,dry
0.004400505970521884,0.003587488133854677,0.8296320754634389,0.9961874901796524,77.28740560557014,19.567169761202717,110.67666687019252,3.3832073006480368,0.028172683150862743,9.325873406851315e-15,5.942780066142256,True,True,True,True,True,True,True,True,True,True,True,True,,dry
0.007981664637663255,0.005484767041269323,0.8055044402120101,0.9941922902646345,75.32545536551157,18.59211137283394,110.25757846793091,3.3622618172387835,0.02949213559182695,2.731148640577885e-14,6.012069884236751,True,True,True,True,True,True,True,True,True,True,True,True,,gel
0.002846872812313217,0.0019463104470444081,0.8567337366321808,0.9993469483494752,77.30710046050855,19.58118075186182,111.03132339969228,3.4183906367812313,0.03193874189582091,1.3322676295501878e-15,5.942887519219981,True,True,True,True,True,True,True,True,True,True,True,True,,dry
0.026830974784640027,0.0019610887506779084,0.8337087278357322,0.9978903173690002,76.39081870195699,19.121894249257508,110.75031541663157,3.397552021146042,0.03224566569244569,2.653433028854124e-14,6.002375776691577,True,True,True,True,True,True,True,True,True,True,True,True,,gel
0.009534555762544028,0.0016884982164626638,0.8467288790260579,0.9986618418827666,72.92816141009389,17.442159021568497,110.93091409344444,3.407233149262476,0.030785580848964433,1.8762769116165146e-14,5.850835480249709,True,True,True,True,True,True,True,True,True,True,True,True,,gel
0.012819383439690357,0.0018313472034200418,0.8433693100510917,0.9981893779009806,76.46363822975752,19.158427306978215,110.93681528541,3.4035798501940477,0.030063670017662636,1.6431300764452317e-14,5.882465262288568,True,True,True,True,True,True,True,True,True,True,True,True,,gel
0.0026685350104413974,0.0026540943137162154,0.8455632687867128,0.9971707516558833,73.36939342536934,17.650321513355493,110.61176720463882,3.3973653273899087,0.030577606823463666,7.66053886991358e-15,5.854148516756126,True,True,True,True,True,True,True,True,True,True,True,True,,gel
0.0003901810991187027,0.004263162704862267,0.8255731641443903,0.9954791334463692,72.52730814317765,17.24878584413662,110.05667559123611,3.3785352817933307,0.027673744889733287,3.530509218307998e-14,6.016348689244148,True,True,True,True,True,True,True,True,True,True,True,True,,dry
0.002513147070374089,0.002134340048489336,0.8340152059110157,0.997709259806328,74.53441895775943,18.21121825460142,110.3958758295417,3.3947902456527204,0.03272791279517151,8.881784197001252e-15,5.891106744154727,True,True,True,True,True,True,True,True,True,True,True,True,,dry
0.012031571007522945,0.0018578233477450912,0.8545171625093315,1.0003171390368188,74.15787045289683,18.03223917459889,110.92086794371427,3.421343672014098,0.02997875953090212,1.0436096431476471e-14,5.784536979112613,True,True,True,True,True,True,True,True,True,True,True,True,,gel
0.008571136685596503,0.002017932137582612,0.8640367741231466,1.0008239285113976,76.79007653866911,19.32430973397781,110.09781016824428,3.4292039688862164,0.032052102292056794,1.7985612998927536e-14,5.748868183431762,True,True,True,True,True,True,True,True,True,True,True,True,,gel
0.0012244023783277713,0.001982246795159459,0.8421846050919835,0.9993369386058286,77.84942834197847,19.854496468710746,110.51103219724902,3.4082084945398416,0.03284041947199867,1.865174681370263e-14,6.026860725916841,True,True,True,True,True,True,True,True,True,True,True,True,,gel
0.005539809205953428,0.005126481239265734,0.7950033306239346,0.9945615118983123,78.79166233344111,20.32708420455211,110.2479158239299,3.3595448330898248,0.03075885271717771,2.6201263381153694e-14,6.037370899669059,True,True,True,True,True,True,True,True,True,True,True,True,,dry
0.022200932924985928,0.001919811919451786,0.8415851724126236,0.9994427999313176,76.4697860705997,19.163072774171688,110.58744367991393,3.4079745216824495,0.032052145129067955,9.992007221626409e-15,5.736006541327369,True,True,True,True,True,True,True,True,True,True,True,True,,gel
0.010484179629034585,0.004536963579851672,0.8068165304534995,0.9951838821264074,72.39207317968473,17.184764135092706,110.34236429313667,3.365637366272554,0.026280700187982675,8.770761894538737e-15,6.047882893400579,True,True,True,True,True,True,True,True,True,True,True,True,,dry
0.01077469290344002,0.0017414624389943123,0.8194527737787224,0.998113461693155,72.5524585618581,17.263750149568427,109.86317019877903,3.38900757075084,0.029838058681693203,1.5654144647214707e-14,5.8689352633005765,True,True,True,True,True,True,True,True,True,True,True,True,,gel
0.010623962576501,0.006465073560741552,0.7971767451346454,0.9931633216782633,78.40720157822619,20.12912137888711,111.01005394498986,3.349144017226852,0.030738873905469255,2.886579864025407e-15,5.9457947324649325,True,True,True,True,True,True,True,True,True,True,True,True,,gel
0.024242279663538868,0.001755620866367158,0.85303455963896,0.998422053580784,74.73510838886851,18.309427785882367,110.3874880873373,3.408590845472401,0.030264655663144846,1.2989609388114332e-14,5.6957986439310515,True,True,True,True,True,True,True,True,True,True,True,True,,dry
0.00732304295894437,0.0018646223420287766,0.8588589912738145,1.0011879361550988,73.1127111134407,17.53277037712949,110.64872005458179,3.4272961416590766,0.0329752849942746,9.547918011776346e-15,5.980910089389715,True,True,True,True,True,True,True,True,True,True,True,True,,dry
0.002995810322526049,0.0021060007551173543,0.8265589839690178,0.9977354695605478,76.79958615448166,19.325094542516794,110.43541224100073,3.3920838623209395,0.029380430703714322,1.3322676295501878e-14,5.784960181180863,True,True,True,True,True,True,True,True,True,True,True,True,,dry
0.0039784186236668795,0.002235465143415327,0.8311135637933349,0.9976021753338037,74.33281988175523,18.113449758468136,110.06945920374355,3.3911417294354442,0.02967819008166428,7.327471962526033e-15,5.731047138207469,True,True,True,True,True,True,True,True,True,True,True,True,,dry
0.011545059915051503,0.00181914305389963,0.8341916449510838,0.9980390381985815,73.11601792193579,17.530652924360094,110.89826501750566,3.3965138080787565,0.03308596125177321,1.7541523789077473e-14,5.816225377081122,True,True,True,True,True,True,True,True,True,True,True,True,,gel
0.0023854171924604373,0.0019060681744892394,0.842031405163274,0.9997921198353331,75.71798778478474,18.79174886499956,110.11482618300917,3.410443882219374,0.028349098833277298,2.6201263381153694e-14,5.777304479008257,True,True,True,True,True,True,True,True,True,True,True,True,,gel
0.02157522876289697,0.0029368953286262878,0.8229149732796133,0.9968647742044513,75.22950539187408,18.54851179553368,110.48533950172312,3.38778287264494,0.03114866345524525,1.765254609153999e-14,6.031219076340568,True,True,True,True,True,True,True,True,True,True,True,True,,gel
0.013086691594931366,0.0030077979686381484,0.8225536858665254,0.996790475727516,72.85945829395958,17.407413440370274,110.41139727737308,3.3835394357869197,0.032142364230473675,1.7985612998927536e-14,6.056658967652011,True,True,True,True,True,True,True,True,True,True,True,True,,dry
0.0012664026011763863,0.003495716235954127,0.8298806249975323,0.9962835899744227,75.4180341155224,18.63999583969454,110.46479653179566,3.385481878066421,0.03033093041815549,1.9095836023552692e-14,5.978345443550097,True,True,True,True,True,True,True,True,True,True,True,True,,gel
0.0065095010784979035,0.0019001055922365229,0.8279126476181061,0.9990561165703531,76.43641618825217,19.145942103191587,110.12649272553304,3.397359644898811,0.03175714164452437,2.6645352591003757e-14,6.062700796597928,True,True,True,True,True,True,True,True,True,True,True,True,,dry
0.0007947681873545775,0.0016861721405143637,0.8443854758651014,0.998182643918131,73.36926677314861,17.651483099800963,110.51598146568563,3.4051423562085836,0.02909967340910924,3.1086244689504383e-15,5.955881667021861,True,True,True,True,True,True,True,True,True,True,True,True,,gel
0.0035164247615686595,0.002878531794788808,0.825791369951808,0.9969271703229371,73.27187950557936,17.6035104466284,110.77670962156446,3.3880166699329486,0.030843200035286178,2.531308496145357e-14,5.870223527757678,True,True,True,True,True,True,True,True,True,True,True,True,,gel
0.006625280348291462,0.0020057901878720585,0.8457885125830699,0.9999823272328887,77.48029044212808,19.66907105135304,110.84393096498708,3.415293312256689,0.029964729713432225,1.4654943925052066e-14,5.837987774859586,True,True,True,True,True,True,True,True,True,True,True,True,,gel
0.003832335606164028,0.0018783082966610243,0.8461481913751817,0.9979886209283737,77.69750544726652,19.77598389897442,110.57543780025438,3.4017617980337747,0.029420706077923686,9.325873406851315e-15,5.80169677381921,True,True,True,True,True,True,True,True,True,True,True,True,,gel
0.010980516501210125,0.0021387848854713676,0.8624563109337201,1.0010419623776883,78.83472084689559,20.357940119321505,110.66082572251618,3.4264836107538152,0.029130708080402967,1.354472090042691e-14,5.896547104010926,True,True,True,True,True,True,True,True,True,True,True,True,,gel
0.002970447824770406,0.001726542970573841,0.8523209034426881,0.9996420754590368,72.37211081867609,17.1803978664521,109.73715517135159,3.4127028561320376,0.032052786148621504,2.2315482794965646e-14,5.875253603614271,True,True,True,True,True,True,True,True,True,True,True,True,,gel
0.007661621127464935,0.003456691435256398,0.8251694228246818,0.996322214523317,77.39036070907606,19.619095263420004,110.6096813596653,3.3844666475037055,0.029486157930423196,9.325873406851315e-15,6.009920638950201,True,True,True,True,True,True,True,True,True,True,True,True,,gel
0.016030160574123986,0.003367569396167447,0.8343989256626326,0.9964196122889912,78.79970695600299,20.333805668899863,110.14595165442478,3.3890785645423596,0.03282582113784982,2.6867397195928788e-14,5.93530504315622,True,True,True,True,True,True,True,True,True,True,True,True,,dry
0.008973041111274838,0.0018718743302634788,0.8338792107766451,0.9979837158004656,75.82965323125512,18.844503004697646,110.86628713181169,3.3967081869918188,0.027812789241556946,9.43689570931383e-15,6.003084353522348,True,True,True,True,True,True,True,True,True,True,True,True,,dry
0.016121336548969523,0.0020622065299310544,0.8366262700803012,0.9977858462084991,78.19716855032271,20.028557837109933,110.32978765186778,3.3959792255739654,0.029187660624105605,1.0658141036401503e-14,5.882852847896302,True,True,True,True,True,True,True,True,True,True,True,True,,gel
0.0229718902255851,0.00203327565207001,0.8603835927214114,0.9997684894583062,78.47393725100711,20.171963150536836,110.57231119843705,3.418433423322801,0.02806821327404818,8.659739592076221e-15,5.72008952218063,True,True,True,True,True,True,True,True,True,True,True,True,,gel
0.0038390971823619724,0.0049353377154117695,0.8083796570343362,0.9947681356991778,72.99481664789863,17.46923604341216,110.81169785899812,3.366473291772054,0.031222375694065496,8.43769498715119e-15,5.900839772668346,True,True,True,True,True,True,True,True,True,True,True,True,,dry
0.014606254218599624,0.003652569746070644,0.824273364960804,0.996116960585892,77.63415750117103,19.7415383251102,110.33679567253924,3.3843697393227554,0.02807528832281403,1.865174681370263e-14,5.7370322180971325,True,True,True,True,True,True,True,True,True,True,True,True,,gel
0.005871884148316742,0.002224661474047096,0.8546971210162008,0.9976238059678467,71.98594381190084,16.996829390155767,110.59355225468269,3.406539321497683,0.028752025792043057,1.7208456881689926e-14,5.943624948712144,True,True,True,True,True,True,True,True,True,True,True,True,,gel
0.00890780112902989,0.002226463111152932,0.8242866497276029,0.9976084376106586,74.62502729778066,18.25500088780178,110.3138972073425,3.3880346276141955,0.029752388036537014,8.881784197001252e-15,5.928352970108433,True,True,True,True,True,True,True,True,True,True,True,True,,dry
0.0026272800508458927,0.004350796698778914,0.8135087517653444,0.9953817908028894,73.94610054058569,17.92435936289114,110.15811568617892,3.371074354746219,0.029114222332571105,1.7985612998927536e-14,5.9270894059805235,True,True,True,True,True,True,True,True,True,True,True,True,,dry
0.00676261667722422,0.001978795849427062,0.8529122291402514,0.9990871504660666,78.2472531992836,20.055779512132517,111.02510002750945,3.413192115959052,0.029293696078817377,1.8096635301390052e-14,5.8820361468286455,True,True,True,True,True,True,True,True,True,True,True,True,,dry
0.010193969149201898,0.0023564211029748483,0.8205685406473308,0.9974707905151307,71.79777262658459,16.90861989336675,110.38803839138056,3.385330138481411,0.03107863949558276,3.552713678800501e-15,5.909235330396601,True,True,True,True,True,True,True,True,True,True,True,True,,gel
0.018475681903988628,0.0017828416155746263,0.8253147633066236,0.9983185147682808,75.07705609839816,18.475840214636495,110.82696128656623,3.3944235684991457,0.030232969726369685,1.8762769116165146e-14,6.0838605139598005,True,True,True,True,True,True,True,True,True,True,True,True,,dry
0.006738589243958648,0.004451359852584158,0.8144386809524125,0.9952770631257309,76.99406664672861,19.419049958091517,110.83950217281892,3.3715812250923496,0.030370082832868683,1.8984813721090177e-14,5.988724946838848,True,True,True,True,True,True,True,True,True,True,True,True,,gel
0.009277175887937639,0.0033976201689203123,0.8305358104160017,0.9963864472681795,78.05451860708709,19.95431148516405,110.65018701659505,3.387332914601133,0.03149203915243237,9.103828801926284e-15,6.072326761152989,True,True,True,True,True,True,True,True,True,True,True,True,,dry
0.0014543103425558312,0.004949947208848338,0.8083415838710709,0.9947527945871786,78.23171107631599,20.042001870391193,110.56513722009241,3.3690339349323932,0.029737564556805873,8.215650382226158e-15,5.89705114812913,True,True,True,True,True,True,True,True,True,True,True,True,,dry
0.0008818806280164182,0.0017692486753909664,0.8330540853836308,0.9989608979712288,73.99241918435258,17.951012163985514,110.70114406877694,3.401808909046767,0.030026458877690287,9.103828801926284e-15,5.847636694376947,True,True,True,True,True,True,True,True,True,True,True,True,,dry
0.003546952119914737,0.0018403042494036237,0.8527170385715436,0.9981652812694788,76.78791128231485,19.31987188788086,110.52736986154912,3.4095183170025587,0.03130845817839423,9.325873406851315e-15,5.939373524347181,True,True,True,True,True,True,True,True,True,True,True,True,,gel
0.016912031538117267,0.00400859969835532,0.8275844028332509,0.9957461849779091,78.6456218075027,20.254139266565172,110.30734025884527,3.3815112453412954,0.027788860178178387,8.43769498715119e-15,5.671430427586971,True,True,True,True,True,True,True,True,True,True,True,True,,gel
0.011539690017486892,0.0025674988078016048,0.82130376476132,0.99725031430321,78.47930571870212,20.17130855591627,110.73521555119538,3.386798835985998,0.029958439176173357,2.398081733190338e-14,5.947790960302393,True,True,True,True,True,True,True,True,True,True,True,True,,dry
0.004299791818060283,0.003143479277909811,0.8091474511360279,0.9966421250381642,74.34562484508407,18.11852297272302,110.16857403872493,3.3755803319892346,0.03119592249060088,3.597122599785507e-14,5.988906721593537,True,True,True,True,True,True,True,True,True,True,True,True,,gel
0.017608899458846028,0.0018338529951505977,0.8597550534102534,0.9998077349557339,74.4519826615615,18.173781205111695,110.60802880788248,3.42049480281032,0.032290692597073845,1.2212453270876722e-14,6.132165618478157,True,True,True,True,True,True,True,True,True,True,True,True,,gel
0.008192339324939124,0.0019318832153116805,0.8521742918206242,0.9999422845316032,76.15162065802254,19.005906847522617,110.98126984119668,3.4195564115944372,0.032014432090630374,1.7541523789077473e-14,5.939976063874378,True,True,True,True,True,True,True,True,True,True,True,True,,dry
0.010947450729768882,0.002875905719006311,0.8086929649788801,0.9969217280958539,73.95452821851146,17.93035355832134,109.64026768449105,3.3771756384527434,0.030809388403529092,1.0325074129013956e-14,5.823592603543418,True,True,True,True,True,True,True,True,True,True,True,True,,gel
0.009282862885621412,0.002094926723558932,0.8677259766344612,1.0010950292621794,77.97755552889252,19.92164839513093,110.24685052115802,3.4301985446254473,0.03430988292692627,2.0650148258027912e-14,5.776266144647417,True,True,True,True,True,True,True,True,True,True,True,True,,gel
0.008168315030078421,0.004941711740041432,0.8056140484515883,0.9947600953564192,74.22812623742261,18.05952953450688,110.95838044401766,3.363967055005673,0.029257732451574037,9.103828801926284e-15,5.987214314593747,True,True,True,True,True,True,True,True,True,True,True,True,,gel
0.006655417343359504,0.0036510011759866012,0.8216373615533132,0.9961174112807802,73.06130066361816,17.502345382014397,110.83921005945894,3.380204876453812,0.027018756320827952,3.097522238704187e-14,5.9252243911180615,True,True,True,True,True,True,True,True,True,True,True,True,,gel
0.008460243268414325,0.003558841947469915,0.8329449973745437,0.9962189825656392,73.68999523933915,17.802444962462417,110.41649866216741,3.3849091099673814,0.03183052322752822,2.6423307986078726e-14,5.8848031830951335,True,True,True,True,True,True,True,True,True,True,True,True,,dry
0.009821065441575128,0.001827177040187089,0.8482511942232697,0.9980368328545297,72.10220224560352,17.051708150290114,110.94844529536344,3.4037055139701478,0.029468533721890733,1.7763568394002505e-14,6.0929698949690065,True,True,True,True,True,True,True,True,True,True,True,True,,dry
0.012210196149049724,0.005388400364953139,0.7971612801727974,0.9942888331230751,75.34264215457029,18.60061366289262,110.06549407806915,3.3560638946568515,0.02956759600916581,1.84297022087776e-14,5.846594892871359,True,True,True,True,True,True,True,True,True,True,True,True,,gel
0.005349353189185169,0.0021285541818422127,0.8204927609583424,0.9977090705988969,73.11403336347898,17.52930874954525,110.41723130830732,3.3887934459632825,0.03166719082062808,3.774758283725532e-15,5.974960295990567,True,True,True,True,True,True,True,True,True,True,True,True,,gel
0.0048966387540057,0.0017775475442330935,0.8326844793405911,0.9990354829093782,74.05208097734469,17.979733483633872,110.88040411565655,3.399760965850623,0.03455644074255415,2.7755575615628914e-14,5.827544056528858,True,True,True,True,True,True,True,True,True,True,True,True,,dry
0.003910295100328587,0.002626222662790556,0.809948796453053,0.9971834209689038,79.1169437526161,20.497373009811046,111.04928952931323,3.3826659917712827,0.02863124719323784,9.658940314238862e-15,5.904792101381748,True,True,True,True,True,True,True,True,True,True,True,True,,gel
0.008078527443108774,0.0018689137738197026,0.8528875428127504,0.9987426322496835,76.5618912970555,19.20795359529792,111.07710718887651,3.4131560380242134,0.032648226947066816,1.5987211554602254e-14,5.786919767417563,True,True,True,True,True,True,True,True,True,True,True,True,,gel
0.0061905971409906835,0.0018559404142516334,0.8545347680420491,0.9997783939537555,74.88031286746197,18.3816307827066,110.33772253708732,3.4193518132005134,0.027318702076403967,2.609024107869118e-14,5.821829670426131,True,True,True,True,True,True,True,True,True,True,True,True,,dry
0.02226406518388213,0.0017273782763311818,0.8479350606366538,0.9982595394737317,74.32617204113312,18.111024947453544,110.4840645827207,3.4038189550936377,0.029356003363366856,2.7533531010703882e-14,5.636569116873553,True,True,True,True,True,True,True,True,True,True,True,True,,dry
0.009998945815126392,0.0032974998903438912,0.827738028937668,0.9964898895388283,75.9652149048986,18.90938660147569,109.58603944731203,3.3859485242723015,0.028310509263201,1.1102230246251565e-15,5.8764427256110485,True,True,True,True,True,True,True,True,True,True,True,True,,gel
0.0003315001211763313,0.001988155008726511,0.8202069510009121,0.9978557830127073,73.22048649752585,17.580106762869676,110.13347596409122,3.387710319130784,0.030273525425044467,9.992007221626409e-15,5.840368096565589,True,True,True,True,True,True,True,True,True,True,True,True,,dry
0.0019673507677520075,0.0017727861515932641,0.8426456852502421,0.9997728306737959,73.02651191016767,17.490154524489736,110.50213869494533,3.4083915168522587,0.030299589123475856,1.3655743202889425e-14,6.038869758239539,True,True,True,True,True,True,True,True,True,True,True,True,,dry
0.010557343589477908,0.0017887915682130995,0.8323909202512816,0.9980699546488918,74.76998564573472,18.325974768720766,110.29335924580622,3.3974657032283146,0.030113914453558488,1.9206858326015208e-14,6.007540924240718,True,True,True,True,True,True,True,True,True,True,True,True,,gel
0.015293815031726332,0.0019239823313128568,0.8489153792790051,0.9993395586937144,76.78436587177434,19.3195335983927,110.56537496142111,3.413216239251575,0.0293407916119518,2.6645352591003757e-15,5.781750931808221,True,True,True,True,True,True,True,True,True,True,True,True,,dry
0.013578427361648604,0.0019388722308135709,0.8391074620414568,0.999126257887319,77.24887038385312,19.551698893028327,110.46503870157164,3.4050884254293727,0.03333884163702894,8.43769498715119e-15,5.7478021599756515,True,True,True,True,True,True,True,True,True,True,True,True,,dry
0.009802299476498577,0.004890667675151006,0.8050586763179634,0.9948131684431147,76.14914386762324,18.998120231323455,110.47567187136698,3.3659133173681703,0.029294713868284417,9.103828801926284e-15,5.888047254568243,True,True,True,True,True,True,True,True,True,True,True,True,,gel
0.013308354538224987,0.0017454605881556118,0.8594906299371103,0.9994358059856897,73.15701885318401,17.551748320203263,110.3230467517161,3.419772146162107,0.03363560437285784,8.104628079763643e-15,5.993072257448253,True,True,True,True,True,True,True,True,True,True,True,True,,dry
0.0038921819373786137,0.005379972413433909,0.8024508141057122,0.9943002911636685,78.70857333873981,20.284235650411112,110.46001430223497,3.359592961856092,0.02726213426495816,1.84297022087776e-14,5.847702818401178,True,True,True,True,True,True,True,True,True,True,True,True,,gel
0.009314961431154734,0.0019132068459210005,0.8419830327753621,0.9986529164640898,77.4255825171159,19.63987377846149,110.10875277755203,3.40274455279913,0.029684889115058843,1.9317880628477724e-14,5.796815450143627,True,True,True,True,True,True,True,True,True,True,True,True,,gel
0.019284432689073316,0.0018216055142102894,0.8529530149572228,0.9986475435142003,75.7505574966995,18.806387091369444,110.82037197696722,3.4097166008297974,0.031247934995036197,1.1102230246251565e-14,5.8643085557178205,True,True,True,True,True,True,True,True,True,True,True,True,,dry
0.017121438259626753,0.0020121635462229115,0.8544349381104562,0.9997296454041379,78.04823205311376,19.955653744162625,109.65866339576513,3.4157965051634975,0.03235599392391242,1.787459069646502e-14,5.752894964286388,True,True,True,True,True,True,True,True,True,True,True,True,,dry
0.004382423950494818,0.001987105452120441,0.8401601429296585,0.9989012381652962,78.50553805263166,20.18693831795452,110.84094461756452,3.4030160384606583,0.03140265023716893,3.574918139293004e-14,5.971517007804344,True,True,True,True,True,True,True,True,True,True,True,True,,gel
0.012278436756271605,0.002171964910737123,0.8432174409342688,0.9976739934499782,74.17105139284519,18.035423894362403,110.92683038116859,3.4025712912337864,0.029594735344474654,9.325873406851315e-15,5.706542634930177,True,True,True,True,True,True,True,True,True,True,True,True,,dry
0.008586293550641333,0.0028430776440305783,0.8230088356316672,0.9969629002233432,78.81111526765082,20.340322453223465,110.0342532723257,3.3850146706944018,0.033021013370313046,1.021405182655144e-14,6.0854265104539325,True,True,True,True,True,True,True,True,True,True,True,True,,gel
0.02836839109001188,0.0017419930943912698,0.8536531454925649,0.9990302832605858,73.59643652472933,17.76099611305477,110.82968879050709,3.4141420765002204,0.03244349828128967,1.865174681370263e-14,5.77522189010438,True,True,True,True,True,True,True,True,True,True,True,True,,gel
0.008414263213860629,0.0034259497841766517,0.8169181377692007,0.9963505201046716,72.53693902041923,17.25440015054972,110.73540283739321,3.3791426362240107,0.025270035871594043,1.3322676295501878e-15,5.712502958636199,True,True,True,True,True,True,True,True,True,True,True,True,,gel
0.014191401575160745,0.001964177123505828,0.8642853564769196,1.0005817382057427,76.05706249095655,18.95995874097027,110.36980511061188,3.428956107575072,0.033793275903156506,1.8540724511240114e-14,5.876970269682005,True,True,True,True,True,True,True,True,True,True,True,True,,gel
0.0048578219405942535,0.00242049958460544,0.8421423581571724,0.9974135563750459,75.91878856512348,18.887694848894647,110.62633661310755,3.39638026585391,0.02760013074479506,1.1102230246251565e-15,5.988183080813782,True,True,True,True,True,True,True,True,True,True,True,True,,dry
0.005812609612201092,0.0017443956053366794,0.8263194097539405,0.9985246006722464,74.01409447196812,17.960817964351506,110.31125143555828,3.3949418411507946,0.03112514012881018,1.7319479184152442e-14,5.821912176468073,True,True,True,True,True,True,True,True,True,True,True,True,,dry
0.016462145821081742,0.004068609144461388,0.8293913047825636,0.9956842816131988,76.62926439873097,19.23757536054117,110.08645717260788,3.3834630101547023,0.029600975614553215,8.659739592076221e-15,5.976424144264436,True,True,True,True,True,True,True,True,True,True,True,True,,gel
0.015327010652720352,0.005191077432535551,0.7988869008190314,0.9944960000763728,75.43533476478753,18.64630334265201,110.36930658936315,3.3600705308428873,0.028678259269607653,7.771561172376096e-15,5.82425675372651,True,True,True,True,True,True,True,True,True,True,True,True,,gel
0.004841749141569096,0.002564624316292341,0.8249287030372675,0.9972550255876116,77.91902349053854,19.8868567242746,110.23575106101347,3.390495343279745,0.029877271257217175,1.887379141862766e-14,5.8144232824511635,True,True,True,True,True,True,True,True,True,True,True,True,,gel
0.007076777030978865,0.0019755577163559357,0.8451815144561707,0.9996800715822362,77.29047580490862,19.57323299192059,109.72183687720135,3.41128988796837,0.030266735456709104,9.658940314238862e-15,6.0550406964043715,True,True,True,True,True,True,True,True,True,True,True,True,,gel
0.0020291325816792494,0.0023299867967804255,0.8117645293284078,0.9974941960434154,72.3824008578895,17.182807082180126,109.9449146591268,3.3814994967913607,0.028152795057160507,1.7763568394002505e-14,5.960242596707881,True,True,True,True,True,True,True,True,True,True,True,True,,dry
0.008320778693215791,0.004260004677044904,0.8208098961172345,0.9954802279990718,71.0035434237549,16.53734736453995,111.22166622961593,3.3764401686137755,0.029122229080793982,2.3092638912203256e-14,5.941881654070285,True,True,True,True,True,True,True,True,True,True,True,True,,dry
0.0001792045344986004,0.004749106444003837,0.8099149993399912,0.9949635779298833,74.97687259607642,18.422826186259055,111.04238873969081,3.367477643376585,0.03128772033213523,1.7763568394002505e-14,5.80133961576832,True,True,True,True,True,True,True,True,True,True,True,True,,dry
0.009691810334562234,0.004673037036394767,0.808788512678219,0.9950425549233634,75.5103624680761,18.68372941614669,109.8236612142052,3.3662076066103648,0.028739293767754637,1.7763568394002505e-14,5.765509121060849,True,True,True,True,True,True,True,True,True,True,True,True,,dry
0.013651061435098977,0.0017897539446872779,0.8480416716599587,0.9989041159734967,74.68661273190362,18.28640411561366,110.68761382507391,3.4084195427795003,0.032169959634588574,1.8207657603852567e-14,6.014095129044168,True,True,True,True,True,True,True,True,True,True,True,True,,dry
0.03638750821431258,0.004619262599023899,0.8167620610541944,0.9951026651875273,72.23123554428761,17.108997672211522,110.50754856515817,3.3723778738409966,0.031170610093364526,1.7985612998927536e-14,6.039787696420865,True,True,True,True,True,True,True,True,True,True,True,True,,gel
0.017305630690398366,0.001856047850865905,0.8504120148254064,0.998969304908173,75.9624103326312,18.911143377225375,110.86261885745252,3.4119757600558906,0.03046807226678927,5.551115123125783e-16,6.133710172603012,True,True,True,True,True,True,True,True,True,True,True,True,,dry
0.02141866937802439,0.00494728017062962,0.800635308885683,0.9947517892357736,73.20571613609316,17.56949877698796,110.51957888355354,3.3654674300421763,0.03135295465851862,2.7533531010703882e-14,6.116957921860635,True,True,True,True,True,True,True,True,True,True,True,True,,dry
0.011578704466331358,0.003561258682149404,0.8256995262995684,0.9962131293475913,75.37896515655059,18.62076247230851,110.90981999418179,3.382489388586184,0.02913704074959067,9.325873406851315e-15,5.802502690382299,True,True,True,True,True,True,True,True,True,True,True,True,,dry
0.0071073350979355965,0.001746497475705211,0.8345482745309671,0.9990311347475768,73.44215983193236,17.68721444499511,110.27380282410711,3.4011768673786924,0.02692746300885973,8.43769498715119e-15,5.858119602681233,True,True,True,True,True,True,True,True,True,True,True,True,,gel
0.01153755690290681,0.0019331619662590338,0.8510199410321807,0.9979271421096465,73.54296500846077,17.734169834467263,110.3560340485459,3.4054030885899476,0.030016042617848293,1.8096635301390052e-14,5.749742231433736,True,True,True,True,True,True,True,True,True,True,True,True,,dry
0.014913127496130385,0.0019966087243671327,0.8143000688025196,0.9978440633739544,77.86184768767761,19.858762420738742,110.48116809028625,3.3868551236619457,0.027605893829340422,8.881784197001252e-15,5.8449310502929155,True,True,True,True,True,True,True,True,True,True,True,True,,dry
0.009752285244384096,0.0025077517000703375,0.8275331826585174,0.9973157352805189,75.702517012205,18.78097750285904,110.57895214553868,3.3881676069418942,0.03331827018196343,1.0658141036401503e-14,5.939473479295512,True,True,True,True,True,True,True,True,True,True,True,True,,gel
0.010909648868931754,0.0031263874454539042,0.806536683097878,0.9966586954001477,75.59310606539842,18.726412588939496,110.40934706632761,3.3760080275805575,0.028917824397511782,8.770761894538737e-15,6.028411280177541,True,True,True,True,True,True,True,True,True,True,True,True,,gel
0.018196901658314446,0.002512283428291573,0.8083589337065887,0.9973018099247023,78.02846053196814,19.942306267799285,110.86378889284511,3.3806124917610805,0.03067370840452488,1.765254609153999e-14,5.871354822459529,True,True,True,True,True,True,True,True,True,True,True,True,,dry
0.007124590433787326,0.0021853490780466833,0.8153255946230459,0.9976472111821088,71.43381636716633,16.739121890058954,110.58447607681978,3.3840532429269414,0.028940036712653994,8.770761894538737e-15,5.803303249122768,True,True,True,True,True,True,True,True,True,True,True,True,,dry
0.0016298562713850107,0.0032582290119697044,0.8212393239262619,0.9965279239771434,76.93772986589521,19.392489726027947,110.30771397777046,3.3807934476666945,0.030804676882434823,9.2148511043888e-15,5.92799506416777,True,True,True,True,True,True,True,True,True,True,True,True,,dry
0.005314859670636385,0.0025768650663862136,0.8229895224147165,0.9972413125342747,78.36475849453551,20.11297843311521,109.98680249172837,3.387304979894214,0.02848974984032404,1.7319479184152442e-14,5.9963652137646815,True,True,True,True,True,True,True,True,True,True,True,True,,dry
0.027392282804591717,0.0016665746963011596,0.8577102227538076,0.9993238615227035,71.63711157721939,16.835718402888553,110.02724014970357,3.4176485492164894,0.031546348964341275,2.653433028854124e-14,6.164527249256627,True,True,True,True,True,True,True,True,True,True,True,True,,dry
0.012793513468725926,0.002537628891873478,0.8219626690046188,0.9972819164830188,72.98887728383242,17.469375339890757,109.7037147211266,3.3876375911462837,0.031225418405106065,1.7541523789077473e-14,6.061662086191637,True,True,True,True,True,True,True,True,True,True,True,True,,dry
0.010146293101628179,0.0021194485201097013,0.8523737643336138,0.9977328687406002,72.91013940924866,17.432483864217662,110.45301543547289,3.4063527352725242,0.030467008404327256,8.659739592076221e-15,6.085261441527827,True,True,True,True,True,True,True,True,True,True,True,True,,dry
0.001292552067465147,0.006979299428704011,0.791593846812379,0.9926229659059642,78.70545427769385,20.280455353750824,110.30089982944615,3.346117143544059,0.0326204047637344,5.329070518200751e-15,5.811595761815522,True,True,True,True,True,True,True,True,True,True,True,True,,dry
0.007996145593743176,0.0017980058257889286,0.8175085788015641,0.9980533915269032,72.3329663906112,17.160181701442344,110.8039886451881,3.387463496944622,0.0318566922072806,2.5979218776228663e-14,5.843336924792387,True,True,True,True,True,True,True,True,True,True,True,True,,dry
0.009912279980503813,0.004559134185057934,0.813117874366907,0.9951637763954645,73.12835649872113,17.533089593675253,110.09796331121647,3.3713339578226074,0.03304216727118492,2.5424107263916085e-14,5.724999993265455,True,True,True,True,True,True,True,True,True,True,True,True,,gel
0.0010410343136031397,0.001965907918083598,0.8565987011968429,0.9996283827875143,77.30714127323006,19.58162751529628,110.24760281791062,3.4160190739059924,0.031923169865834544,1.7985612998927536e-14,5.962152638013591,True,True,True,True,True,True,True,True,True,True,True,True,,dry
0.006159784379514033,0.006026680501869941,0.8011119642454838,0.9936236193824328,72.59080613029268,17.276624880638014,110.77110040324378,3.3563924074106755,0.028812855837685225,3.652633751016765e-14,5.83838024420881,True,True,True,True,True,True,True,True,True,True,True,True,,dry
0.012710345278630686,0.003579928500940799,0.8184558810160784,0.9961902256368015,73.46564638090081,17.695154870472862,110.50368842728224,3.3797610517484458,0.02967517956001564,1.27675647831893e-14,5.907525309015637,True,True,True,True,True,True,True,True,True,True,True,True,,gel
0.003803805421974893,0.005183190539209126,0.8061344325240019,0.994507877415891,75.88392572974078,18.866849013165453,109.9615372369256,3.3652222818460538,0.026971317859261434,2.1760371282653068e-14,5.913569851030377,True,True,True,True,True,True,True,True,True,True,True,True,,dry
0.01068824868810292,0.001821944767553707,0.8481147849559081,0.9998480963212715,74.00699405651379,17.959074406201726,110.34554148024819,3.413937681623845,0.03242986403708514,1.765254609153999e-14,5.8810066666168375,True,True,True,True,True,True,True,True,True,True,True,True,,dry
0.011679945925429758,0.0018101771191449956,0.8480742538280257,0.9990703944372624,74.8674257162921,18.374575609731956,110.8455460402098,3.411644165973437,0.03452322884774717,8.881784197001252e-15,6.0225295156531855,True,True,True,True,True,True,True,True,True,True,True,True,,dry
0.030534833446036247,0.00377810959921443,0.812501220009387,0.9959801215674584,74.19484128562016,18.044948281138225,110.28862326332083,3.3738220811655184,0.029790667774491686,1.9984014443252818e-15,5.691553292964205,True,True,True,True,True,True,True,True,True,True,True,True,,dry
0.011831440492236611,0.0018561218670375412,0.8612957277067761,1.000958551064093,73.29137017411507,17.61751981286474,111.26144010278666,3.4262654766580267,0.03393793204577367,1.9984014443252818e-14,5.923847471946349,True,True,True,True,True,True,True,True,True,True,True,True,,dry
0.007551436442727266,0.001961184343471034,0.8186552798039,0.9978832495656645,73.72426138010789,17.82084426114425,110.22558610851122,3.38728348415166,0.029619767848750755,1.1879386363489175e-14,5.854457301228873,True,True,True,True,True,True,True,True,True,True,True,True,,gel
0.0022688105043064954,0.004327577463907106,0.8078485846109772,0.9954032965842036,75.06617002875566,18.466854394755863,110.47230910524746,3.368137154216405,0.029900278648081535,1.8096635301390052e-14,5.99195090400876,True,True,True,True,True,True,True,True,True,True,True,True,,dry
0.01673654380275158,0.0033960142287581263,0.803469438678352,0.9963752340573911,72.17327178512657,17.083229655372367,110.61614975738605,3.3703615664476354,0.026446504612335997,1.7319479184152442e-14,5.993445637974762,True,True,True,True,True,True,True,True,True,True,True,True,,gel
0.012167019152915737,0.004559705651758894,0.8054555862219487,0.9951594296636062,72.43148971900493,17.20325822320079,110.16520576710926,3.3655514839804126,0.02683735552997668,8.43769498715119e-15,5.915112691533458,True,True,True,True,True,True,True,True,True,True,True,True,,dry
0.01495757884771054,0.0023501167906331277,0.8209404782460703,0.9974774995911606,78.35867352972743,20.110198166800398,110.26311440952267,3.3875333058765884,0.02858377339158713,2.19824158875781e-14,6.036214221177898,True,True,True,True,True,True,True,True,True,True,True,True,,dry
0.016571464922006007,0.0022603752706981117,0.8456747776916248,0.9975825550570205,77.8075368935538,19.830917536703804,109.92882516284678,3.401090467981525,0.028891690395173808,9.325873406851315e-15,5.897459835580619,True,True,True,True,True,True,True,True,True,True,True,True,,dry
0.014912851961670581,0.0019164422436673823,0.8468849634683374,0.9996294330493393,76.21094400148586,19.034945516111744,110.73516648530284,3.4136763676720734,0.03348342491698009,8.881784197001252e-15,5.828246435491086,True,True,True,True,True,True,True,True,True,True,True,True,,dry
0.01463290051521382,0.006873450699936723,0.7926662557880472,0.9927341740609039,76.61380713824964,19.226049862572353,110.6890284078642,3.349048966215447,0.031133334898828857,2.653433028854124e-14,6.021985032058612,True,True,True,True,True,True,True,True,True,True,True,True,,gel
0.006724794083018626,0.0022104927515181894,0.8346848927729145,0.9976298769097705,78.12187823138063,19.99015739034017,109.92751431809441,3.395498193532179,0.03232438845862595,8.43769498715119e-15,5.765600168188565,True,True,True,True,True,True,True,True,True,True,True,True,,dry
0.023199660500099695,0.004992040709574153,0.8014053906746317,0.9947053729408577,74.19526292834526,18.043565151247044,109.97931170397528,3.36030686353667,0.028894681412737655,9.992007221626409e-15,5.815877341660606,True,True,True,True,True,True,True,True,True,True,True,True,,dry
0.0036318544997264723,0.005408816666075511,0.8067943349312126,0.9942723149724113,76.73367471619072,19.28774259887325,111.32175905528088,3.361397842670724,0.027450811228481586,1.8762769116165146e-14,5.777754406990342,True,True,True,True,True,True,True,True,True,True,True,True,,dry
0.007266558736702011,0.0038216343535607544,0.823136938189452,0.9959396721029169,74.29809872508815,18.094736443546136,110.44829191864267,3.3801488618513504,0.03196191877005927,3.1530333899354446e-14,5.9335753413980985,True,True,True,True,True,True,True,True,True,True,True,True,,dry
0.018830784246451016,0.001972037831034612,0.8293400307921787,0.9981208160682287,79.12507456039879,20.50289420565369,110.30703189715416,3.3955960898869915,0.03231328201504724,2.7422508708241367e-14,5.95941464965733,True,True,True,True,True,True,True,True,True,True,True,True,,gel
0.00332537171964431,0.0026531647860337237,0.8370114156191086,0.9971679801246623,72.2993331870755,17.14331079048048,109.382164650023,3.3940568885456943,0.030658010605960295,3.885780586188048e-15,5.9109414122338935,True,True,True,True,True,True,True,True,True,True,True,True,,dry
0.005565147955127747,0.003504973474366735,0.8213247229131891,0.9962699822559068,71.41523265216742,16.728946131518363,110.3290598749168,3.3798598744912973,0.030682108165324795,1.5543122344752192e-15,5.794629744838015,True,True,True,True,True,True,True,True,True,True,True,True,,gel
0.006838460598768359,0.003305055775893795,0.8124635344153959,0.9964747787950162,74.37927062599204,18.134587185054997,110.49084682254174,3.3744540326455787,0.032529373205862355,9.325873406851315e-15,5.797976772347631,True,True,True,True,True,True,True,True,True,True,True,True,,gel
0.0014412539263219948,0.005306657289183225,0.8101251013084401,0.9943807900292979,72.3333122313511,17.15610193093615,110.72280889575643,3.3655595464608874,0.033087924199659224,1.765254609153999e-14,5.918847179189709,True,True,True,True,True,True,True,True,True,True,True,True,,gel
0.003579872922742311,0.0022417712685507407,0.8493821216000565,0.9976036579225207,72.34341440225133,17.164638862105495,110.44504042957271,3.402438919152105,0.028956147246958053,2.1538326677728037e-14,5.838799537434995,True,True,True,True,True,True,True,True,True,True,True,True,,dry
0.0030660011352172667,0.0027635895578138614,0.8348485004692725,0.9970514716749088,77.86032554250878,19.856885557011722,110.00101864148952,3.391668145042915,0.028516190057693125,3.5083047578154947e-14,5.905000590792787,True,True,True,True,True,True,True,True,True,True,True,True,,dry
0.0011109455761711962,0.0035417583658990948,0.8074535825136063,0.9962248215915332,71.47058048761262,16.754627273227754,110.0323279029707,3.373843178819064,0.02853089215758542,1.1546319456101628e-14,6.009172937892434,True,True,True,True,True,True,True,True,True,True,True,True,,dry
0.013003644009636384,0.0017379721298080852,0.8593881200135757,0.9997245070609428,72.58100754818864,17.279038575624547,109.79202626821987,3.4185514580819087,0.034747859673253556,1.3877787807814457e-14,5.743753748107418,True,True,True,True,True,True,True,True,True,True,True,True,,dry
0.008000243800356244,0.0016484539161214506,0.8469323747021136,0.9982680341212111,72.6659604148962,17.317441607966654,110.56012273051974,3.402361481075224,0.03186878434058249,1.84297022087776e-14,5.8179784756600235,True,True,True,True,True,True,True,True,True,True,True,True,,dry
0.00028739143509892706,0.0017532205636600073,0.8433559769663688,0.9981120696234984,72.40712896713674,17.195138977552713,109.64905552094477,3.404474624606497,0.028568155064068068,1.3877787807814457e-14,5.9064209736267985,True,True,True,True,True,True,True,True,True,True,True,True,,gel
0.007706117557856995,0.0020146440965045365,0.8551525181888383,0.9996226953588594,78.248743801843,20.05719747120198,110.72415605344224,3.4168577044480597,0.0332842666059886,1.7430501486614958e-14,5.7585480294667,True,True,True,True,True,True,True,True,True,True,True,True,,dry
0.0008593392228459784,0.0025127289807057585,0.8471904392435703,0.9973192886647964,75.35015770939009,18.608140079195895,110.47871128128982,3.4003867776760726,0.030754105744258187,1.7985612998927536e-14,5.992155938110517,True,True,True,True,True,True,True,True,True,True,True,True,,gel
0.0036278919926429065,0.002478200843721967,0.8452637541129862,0.9973546011980768,72.04534850186627,17.02428522417667,110.09640002090245,3.3971157990916705,0.025886664747888255,9.658940314238862e-15,5.853494238628961,True,True,True,True,True,True,True,True,True,True,True,True,,gel
0.013673825534580741,0.0019558181974668187,0.8511700682795066,0.9999285085859583,76.6340290605133,19.245424922814767,110.11448166795415,3.4163925064630907,0.03057047592871731,1.8984813721090177e-14,6.121229454208865,True,True,True,True,True,True,True,True,True,True,True,True,,dry
0.0010847193755436635,0.0017724996090409117,0.8518285055096415,0.9993673371836931,73.72079588755108,17.821037534138494,110.84924235662294,3.411733449183229,0.030664994583834315,1.765254609153999e-14,6.009444834703795,True,True,True,True,True,True,True,True,True,True,True,True,,gel
0.003458087506966967,0.0017346350172168234,0.8568248208299222,0.9994397492280865,72.89224033970955,17.426041986006574,110.42598176670879,3.4159687810161974,0.03145259683330681,2.6978419498391304e-14,5.985588327018876,True,True,True,True,True,True,True,True,True,True,True,True,,dry
0.017446758554051423,0.0016971442071164189,0.8384079114814652,0.9988196724479266,72.7708166731926,17.36777032546188,110.4162444959644,3.404228009961582,0.02874353908408267,1.0880185641326534e-14,6.024114542004041,True,True,True,True,True,True,True,True,True,True,True,True,,dry
0.005498863018215672,0.0026538521306903595,0.8326488974968832,0.997165248804757,78.00833114376796,19.93191192572909,110.14595135836196,3.3912463081757416,0.028749812115628104,2.3092638912203256e-14,5.939146605117813,True,True,True,True,True,True,True,True,True,True,True,True,,dry
0.014181738536239719,0.0029350117860937885,0.8364418054627331,0.9968729005416755,78.20087173897856,20.029218444004393,110.46276401558134,3.391220430105336,0.03286664049472787,2.6645352591003757e-15,5.82911793908872,True,True,True,True,True,True,True,True,True,True,True,True,,dry
0.01268100603507094,0.0069656604497193575,0.7942086820765185,0.9926385878047469,77.209778444802,19.523569905427802,109.83468554844629,3.3483149552822855,0.029503048047694658,2.6867397195928788e-14,5.870410013729586,True,True,True,True,True,True,True,True,True,True,True,True,,gel
0.024080122551049743,0.002007489843352084,0.8570131108411955,0.9987284543509161,79.32569574574948,20.606883189736198,109.57754091942624,3.4112018189190905,0.029164211245328753,2.6423307986078726e-14,6.1487609593680075,True,True,True,True,True,True,True,True,True,True,True,True,,dry
0.011763708717952737,0.0030257408272524877,0.8279968173119386,0.9967741893139067,78.18806081462486,20.02259125435809,110.29590896825255,3.387193086258292,0.029296153064242603,9.2148511043888e-15,5.822524827860535,True,True,True,True,True,True,True,True,True,True,True,True,,gel
0.003288029802849257,0.0019705941536147797,0.8550695217519446,0.999061056404891,78.14866553285124,20.005638968404245,110.19285421911421,3.413928915808128,0.03006718510727946,1.7985612998927536e-14,5.990339126567165,True,True,True,True,True,True,True,True,True,True,True,True,,gel
0.004255405556373937,0.0051217405136714245,0.8110539903790869,0.9945745591274132,73.13068187791174,17.533497600257807,110.35358221989553,3.3656040176000612,0.030588108586107943,2.6978419498391304e-14,5.9344883711034235,True,True,True,True,True,True,True,True,True,True,True,True,,dry
0.0007892939695508527,0.0021408193060449277,0.835613523654187,0.9977032217885213,72.31187800619415,17.149877121889848,111.07202333019941,3.3971257384000415,0.027770264317039883,1.7985612998927536e-14,5.9809034849237594,True,True,True,True,True,True,True,True,True,True,True,True,,gel
0.0038488097854791903,0.0052470546314371536,0.8108550489344994,0.9944434261802703,75.78114060295836,18.816133835318325,110.71525295800042,3.36880484753423,0.029901699483986244,1.8207657603852567e-14,5.887931008890061,True,True,True,True,True,True,True,True,True,True,True,True,,gel
0.0002705873670070247,0.0018628289239677187,0.8585303249893201,1.0003355729148622,74.28295322871365,18.09273291125303,109.95787697636973,3.4238841537815436,0.031086045682196306,1.8207657603852567e-14,5.82023433758014,True,True,True,True,True,True,True,True,True,True,True,True,,dry
0.015394486798102736,0.0016994517798225584,0.8326543778517248,0.998645352038442,72.99503026348944,17.473850123053428,110.325232575506,3.399459231637897,0.030507778474095915,9.103828801926284e-15,5.851207113951432,True,True,True,True,True,True,True,True,True,True,True,True,,gel
0.003024781462164561,0.0029600837766359245,0.8189451040924002,0.9968386457536468,75.66386616770386,18.761440238909504,110.14210841940253,3.3842562648846473,0.029929396448477585,1.6653345369377348e-14,5.853662909985452,True,True,True,True,True,True,True,True,True,True,True,True,,gel
0.0070429062617154425,0.0037122058638413558,0.829104976930671,0.9960568340055637,76.84334823901335,19.344698127619193,110.5015212455649,3.381894771391639,0.029157467570813278,1.1657341758564144e-14,6.0455235968393675,True,True,True,True,True,True,True,True,True,True,True,True,,dry
0.019573203440199194,0.0033313373209720165,0.816180648273677,0.9964491045239875,72.77454221338105,17.366694295617013,110.73161107506239,3.377909698947814,0.030136932171497044,1.3100631690576847e-14,5.703885981093578,True,True,True,True,True,True,True,True,True,True,True,True,,dry
0.018718428576542823,0.0031407465312991434,0.8259700669201411,0.9966530285603261,73.16851195336045,17.55399464929605,110.48694622591498,3.385452468973856,0.032365133452467276,1.1102230246251565e-15,5.871988783106826,True,True,True,True,True,True,True,True,True,True,True,True,,dry
0.002424471667331729,0.0019265929491958378,0.840828125568851,0.9979295801511943,75.96550531944881,18.911378484008846,110.40721722003498,3.4021429651023247,0.03093099859849091,1.3655743202889425e-14,5.789699535299137,True,True,True,True,True,True,True,True,True,True,True,True,,gel
0.0018704205171427013,0.0016760330093337217,0.8523805007678901,0.9995326429847586,71.46238744136033,16.75456231989272,111.05998795976458,3.415077538234195,0.03070612913984705,1.7985612998927536e-14,5.874308624068249,True,True,True,True,True,True,True,True,True,True,True,True,,dry
0.002691711039498057,0.0018567496986726661,0.8413104913218258,0.9997466234153064,74.77593629104184,18.330924742558796,110.72333808415684,3.411590047630969,0.03218307509202323,1.687538997430238e-14,6.024960097766413,True,True,True,True,True,True,True,True,True,True,True,True,,dry
0.003647275810772621,0.0022808161713930852,0.8130433496256148,0.9975462139448771,76.00227033674359,18.92902897622664,109.99742046984764,3.3807137040690702,0.027476154832423605,2.7755575615628914e-14,5.729009709667563,True,True,True,True,True,True,True,True,True,True,True,True,,dry
0.005348741365504006,0.005458237693739432,0.7992551118147151,0.9942168861897228,75.81341929892011,18.831742668307072,110.55539806714599,3.3571097880268965,0.03037953903147883,1.4432899320127035e-14,5.874755353437613,True,True,True,True,True,True,True,True,True,True,True,True,,dry
0.0020646553386981514,0.0018191400923147638,0.8328084804499107,0.9992940956719322,74.5383489657926,18.214929304737076,109.7816004178516,3.4037599149868476,0.03246717699467361,1.84297022087776e-14,5.863469099383879,True,True,True,True,True,True,True,True,True,True,True,True,,dry
0.021427450837592454,0.0038846489704266185,0.8234381393353695,0.9958738843526681,78.05978846200134,19.95619170712685,110.28265624617774,3.379157380039118,0.033684552726258365,5.218048215738236e-15,5.8810578077694835,True,True,True,True,True,True,True,True,True,True,True,True,,gel
0.004522641739985067,0.001854482894591003,0.8452800248165885,0.9983811932949578,76.68151793543989,19.26704518864188,110.15881545305618,3.4047878777463563,0.031367819664340435,3.552713678800501e-15,5.8583229274692155,True,True,True,True,True,True,True,True,True,True,True,True,,gel
0.026549202663785687,0.004526042210324155,0.8085816904756855,0.9951961342701786,76.54969872501769,19.197293273051184,110.16364026700295,3.3669247557306887,0.03342248521719282,2.6867397195928788e-14,5.784050548108663,True,True,True,True,True,True,True,True,True,True,True,True,,gel
0.011335680260125214,0.003325409741739893,0.822969612451671,0.996458475235933,77.559622847412,19.704423341784008,110.04782597950081,3.382936210535835,0.030416097856621138,9.2148511043888e-15,5.867412833253524,True,True,True,True,True,True,True,True,True,True,True,True,,gel
0.007596389764400802,0.002840417241412263,0.8205265812049719,0.9969645536216387,74.64938708915606,18.265951718998284,110.34311720737585,3.3854291981071896,0.03267923883766333,9.325873406851315e-15,5.814044068694717,True,True,True,True,True,True,True,True,True,True,True,True,,gel
0.0019137380920144498,0.002274781366082501,0.8413633421079,0.9975656270283993,75.72721023831345,18.79345039154285,109.6192193205535,3.3957712758211795,0.030464398936784542,2.731148640577885e-14,5.962939322074361,True,True,True,True,True,True,True,True,True,True,True,True,,gel
0.02318503303495323,0.00571161396058828,0.804281608186552,0.9939545337254937,75.72184648369455,18.78624495794699,110.71703880647408,3.357181455560639,0.029057256267694842,8.881784197001252e-15,5.7254784388245925,True,True,True,True,True,True,True,True,True,True,True,True,,gel
0.004130569849054022,0.00225250306439273,0.838297167967193,0.9975875858497468,74.5221805361033,18.205137442507176,110.11505965363921,3.397569641989757,0.03212722463314055,8.659739592076221e-15,5.992536430457489,True,True,True,True,True,True,True,True,True,True,True,True,,dry
0.005801176633938088,0.001955492491405808,0.8566941189891843,0.9997467710117114,76.94227633983975,19.39889579373389,110.75678277111889,3.4196209740618517,0.029249882885676648,1.687538997430238e-14,6.009594656455,True,True,True,True,True,True,True,True,True,True,True,True,,dry
0.020246994201167823,0.002028209402588521,0.8535346409080863,1.0001782447592598,77.74590460501607,19.80325223252066,110.58406520843663,3.4193695003054945,0.029944421145566613,8.659739592076221e-15,6.0740775464220205,True,True,True,True,True,True,True,True,True,True,True,True,,dry
0.01808284897481105,0.003045760917503748,0.8012816972037943,0.9967403914065017,73.44119897434157,17.68407193351733,110.4870108986288,3.3739182593452113,0.030060318188806612,9.103828801926284e-15,5.705510733783717,True,True,True,True,True,True,True,True,True,True,True,True,,dry
0.022073433326393,0.004563268334956794,0.8194194738129452,0.9951624625707312,73.21311505774239,17.573455055216503,110.7623196748841,3.3773260745692815,0.03190491164847009,1.3100631690576847e-14,6.046698530930874,True,True,True,True,True,True,True,True,True,True,True,True,,gel
0.0020611349897479148,0.0023866080090207964,0.8184649173158994,0.9974381829099892,75.7111285634076,18.78534644613773,110.75453465701335,3.387055704982135,0.029689415771464334,1.4876988529977098e-14,5.806895208381506,True,True,True,True,True,True,True,True,True,True,True,True,,gel
0.003493782425748715,0.0035208878686048273,0.8308915493538642,0.996257717667075,76.43041819657608,19.139479271933382,110.24668941644407,3.38452147678615,0.031380888671749596,3.6415315207705135e-14,5.777469561960183,True,True,True,True,True,True,True,True,True,True,True,True,,dry
0.017685443640647502,0.005322298174582185,0.8065934623957746,0.9943627097879552,71.9110267166115,16.957976160087938,109.97842336204448,3.362286991759415,0.031328286246055104,9.769962616701378e-15,5.7936225307005795,True,True,True,True,True,True,True,True,True,True,True,True,,dry
0.018263985668518834,0.0017414406519905556,0.8499625426615876,0.9981272452342762,72.3471252909908,17.166895902914543,110.25145703434534,3.4074512874993164,0.03135494014051543,8.43769498715119e-15,5.995187828296975,True,True,True,True,True,True,True,True,True,True,True,True,,dry
0.0069884029432334405,0.001961514412501808,0.8568747014195119,1.0001004644713307,76.57925660180645,19.21834682780816,110.23704073254386,3.41831750494,0.03513689701436473,1.4210854715202004e-14,5.899044124118094,True,True,True,True,True,True,True,True,True,True,True,True,,gel
0.01471074061757216,0.0016823668451704243,0.843655072239628,0.9989040216163462,72.40727539755237,17.196114886035133,110.06599954831361,3.4060390814177337,0.030814567989137842,2.7200464103316335e-14,5.92725969081356,True,True,True,True,True,True,True,True,True,True,True,True,,gel
0.013238336706812959,0.001979838997709038,0.8375838814389732,0.9978724318912211,77.74210360346078,19.798251283394503,110.68799615784569,3.398632069608598,0.030263442880468228,4.440892098500626e-16,5.761502686861122,True,True,True,True,True,True,True,True,True,True,True,True,,dry
0.007977602602632139,0.004086332759730027,0.8183319264796829,0.9956606150958491,75.34717038182767,18.60452424188292,110.64181358750305,3.3764348312117782,0.03244043491624238,9.992007221626409e-15,5.9562947274799996,True,True,True,True,True,True,True,True,True,True,True,True,,dry
0.0019370718817457444,0.002017810466487191,0.8516065127990787,0.9978388682949939,71.46572265078497,16.754239046122724,110.74113177851567,3.4054578694328668,0.027208272637412767,2.6423307986078726e-14,5.925757774241077,True,True,True,True,True,True,True,True,True,True,True,True,,gel
0.003921531299471814,0.00537860918147004,0.810232271870689,0.9943056064552293,73.9552155247861,17.927504121747024,110.03218270492077,3.36593467753387,0.02691131850006523,1.5432100042289676e-14,5.81215748252245,True,True,True,True,True,True,True,True,True,True,True,True,,dry
0.007286445817743736,0.001976668334811138,0.8609657877162218,1.000239992304981,76.73619622863738,19.29668661961469,110.17013808167492,3.423031738221033,0.036801196433441374,2.6867397195928788e-14,5.8062620749677585,True,True,True,True,True,True,True,True,True,True,True,True,,gel
0.002150456463881234,0.0016924368725629302,0.8534061869597551,0.9981799566756779,73.33724619323065,17.63613858379164,110.8667338695337,3.4096743199621877,0.02720141221867234,1.7208456881689926e-14,5.812074621680148,True,True,True,True,True,True,True,True,True,True,True,True,,gel
0.01949974998307158,0.0028334528524569524,0.8148990612802128,0.9969691068081714,79.09690491294353,20.4868868603381,110.34942748854692,3.381356664513519,0.029453119784191406,9.103828801926284e-15,5.912946611530497,True,True,True,True,True,True,True,True,True,True,True,True,,dry
0.01798627363104699,0.0017697526808982955,0.8391496693207938,0.9989578974055359,74.08758466283871,17.99677288808349,110.6596254203173,3.404778177623413,0.03268884016248308,1.7763568394002505e-14,5.917676682768219,True,True,True,True,True,True,True,True,True,True,True,True,,gel
0.011823656264851823,0.0018856209016220316,0.8393890706992072,0.9984341729698544,77.15082477700604,19.501542527128535,110.79567711949417,3.403821906559884,0.03172409199169235,2.020605904817785e-14,5.877302908368703,True,True,True,True,True,True,True,True,True,True,True,True,,gel
0.020132305357722702,0.001815265097834362,0.8403539278357856,0.9986564903237429,75.4547115941197,18.66093921929995,110.04533755393692,3.4056731412536605,0.02707035557342974,1.021405182655144e-14,6.0061585510333915,True,True,True,True,True,True,True,True,True,True,True,True,,dry
0.01772140455363891,0.0017667056864613118,0.8512430718695061,0.9982889564892262,75.12586717869077,18.49962140802851,110.69459228311617,3.4079468994618782,0.029134169259435905,1.6764367671839864e-14,5.938375299153998,True,True,True,True,True,True,True,True,True,True,True,True,,gel
0.004851869160403921,0.005558033615326585,0.7926298721307959,0.9941091327058609,78.40309988487971,20.1282683790076,110.79873982233951,3.35566477773981,0.026782710582648694,1.7985612998927536e-14,6.0432380669204155,True,True,True,True,True,True,True,True,True,True,True,True,,dry
0.021554861610066478,0.0036630282471474818,0.8187453610122843,0.9961034447013056,75.73365115842228,18.7948578601142,110.06793725920524,3.3786107902149727,0.02846073178048436,1.7541523789077473e-14,6.149145794808606,True,True,True,True,True,True,True,True,True,True,True,True,,gel
0.0006676797881424168,0.001790884686012073,0.829032294909511,0.9986625346988931,74.80512144542499,18.34373685763671,110.49783178841366,3.395932981432269,0.029896494432407383,8.43769498715119e-15,5.7837113812578576,True,True,True,True,True,True,True,True,True,True,True,True,,dry
0.009554418450240187,0.0019537292593321265,0.8611337694091357,0.9992171522632649,77.67932772746082,19.768403624643625,110.23679090333006,3.4173941764952946,0.034951866844806,1.7985612998927536e-14,6.076486622107832,True,True,True,True,True,True,True,True,True,True,True,True,,gel
0.007991415511841016,0.003093659761955858,0.8266548843448306,0.9967025490699926,77.34919322638073,19.59883264756435,110.00150061935591,3.3829815952025153,0.0282856826112311,1.7763568394002505e-14,5.789053000150662,True,True,True,True,True,True,True,True,True,True,True,True,,gel
0.012392019698227896,0.001925930304044976,0.832929884268845,0.9986864262669327,77.5163199684669,19.685539868723165,110.3844442618524,3.398821940933978,0.032857582503636906,1.8096635301390052e-14,5.72310539466972,True,True,True,True,True,True,True,True,True,True,True,True,,gel
0.0046254855509344495,0.006090501522768577,0.798366929441424,0.9935554820169462,76.52909014564,19.1849383704157,110.35743341012919,3.3528718432820637,0.028234698753469845,1.8207657603852567e-14,5.74984388282534,True,True,True,True,True,True,True,True,True,True,True,True,,dry
0.005869717975892752,0.002672848732937827,0.8290082393673863,0.9971437541906992,74.56491809694293,18.225298858726276,110.52790328442063,3.392235468842263,0.028410531115252047,9.769962616701378e-15,5.857958403315141,True,True,True,True,True,True,True,True,True,True,True,True,,gel
0.00616292553755704,0.0023555267111653455,0.8240277982310175,0.9974732902900646,78.60300850848441,20.234773828871756,109.89128128056115,3.386378898141724,0.028690798135212137,2.4424906541753444e-15,6.007744526201597,True,True,True,True,True,True,True,True,True,True,True,True,,gel
0.005182739007642878,0.0019449240935368595,0.8368484019818122,0.9981982874283091,78.59403546697378,20.23108828536194,110.0597447266575,3.4004077011692666,0.02955844353840298,1.709743457922741e-14,5.97861563223215,True,True,True,True,True,True,True,True,True,True,True,True,,gel
0.008364583643122092,0.0018855963591587477,0.8511918013937775,1.0003749726538251,74.60300972507801,18.24764127449221,110.46909516604721,3.4194675094447113,0.031379675761159964,1.1102230246251565e-14,5.869967653376964,True,True,True,True,True,True,True,True,True,True,True,True,,dry
0.002768799984832482,0.0066246585569317284,0.7931064701688914,0.9929944833652953,72.15547119373547,17.070996468019676,109.29475045671472,3.348234757406071,0.03056853800780046,1.0103029524088925e-14,5.9714772911727065,True,True,True,True,True,True,True,True,True,True,True,True,,gel
0.016413802133982358,0.0019237021229802087,0.8598063624799802,0.9991719735189599,77.13697679623796,19.495622647058266,110.21400231537402,3.417819705333919,0.02697247272550729,1.7985612998927536e-14,6.061706362045133,True,True,True,True,True,True,True,True,True,True,True,True,,dry
0.0039252471685778945,0.005347625946364509,0.8114744440842354,0.9943386090377689,73.07376987801905,17.506195988379766,110.46359157908724,3.3681547699371888,0.02914628541474662,7.771561172376096e-15,5.828662435575728,True,True,True,True,True,True,True,True,True,True,True,True,,gel
0.0031597545517745296,0.0027696810619972645,0.8130810815801912,0.9970349620086061,74.65161388765331,18.267124991185902,110.75585925902229,3.381986294630064,0.029143605790759253,3.552713678800501e-14,5.743246408480256,True,True,True,True,True,True,True,True,True,True,True,True,,gel
0.0005598193910365534,0.0035527017839673825,0.8318974001326269,0.9962249113390244,75.75781686739343,18.806798191288657,109.73801201459847,3.386319462206216,0.03128476854410889,2.6867397195928788e-14,5.837996348138179,True,True,True,True,True,True,True,True,True,True,True,True,,gel
0.015132119786676723,0.0018902538784082434,0.8522858708864304,1.0000962035428536,75.1023530287344,18.490364900868205,110.31724043636517,3.4170277231503983,0.03141464026147445,1.2545520178264269e-14,6.12788245535592,True,True,True,True,True,True,True,True,True,True,True,True,,gel
0.03147944958853388,0.0017835280361219175,0.8445998019960257,0.9986556052345216,74.86743387867195,18.3740811346278,110.81577866935207,3.407826105004001,0.0330952428430491,3.3306690738754696e-16,5.962403523740534,True,True,True,True,True,True,True,True,True,True,True,True,,gel
0.0289080206782939,0.0017841790393484658,0.8564177980454831,0.9998724519508052,73.29553460440856,17.61823815462454,110.910966556705,3.4190595513677406,0.032390204539223255,1.4099832412739488e-14,5.7825428853065,True,True,True,True,True,True,True,True,True,True,True,True,,dry
0.02999940128798606,0.004216797064367506,0.8162615521959131,0.9955232438840838,71.7326933876405,16.875993042298862,110.59176089506407,3.3751366742033695,0.03329734804689244,2.6867397195928788e-14,5.579254064883825,True,True,True,True,True,True,True,True,True,True,True,True,,dry
0.0028247187314784927,0.0016936605121947723,0.8318463898617592,0.9981692327296114,72.77188435034665,17.367467924237538,110.54934416331571,3.395494800289539,0.030420865840790845,5.10702591327572e-15,6.013569930425909,True,True,True,True,True,True,True,True,True,True,True,True,,dry
0.0066806998096982095,0.005013038494987132,0.8051396919794573,0.9946852933154199,73.70398740280001,17.807323697890485,110.59352645307368,3.361552340220819,0.030677605144477704,2.7422508708241367e-14,5.897289500342557,True,True,True,True,True,True,True,True,True,True,True,True,,dry
0.009327783588283456,0.001755563881238209,0.8529254832985316,0.9991296622431728,73.72552265376615,17.8229142128347,110.35749982609319,3.413364075963759,0.03144441201134507,2.2426505097428162e-14,5.934880460089581,True,True,True,True,True,True,True,True,True,True,True,True,,dry
0.00047298222452596406,0.0018592517997343405,0.8356677974486322,0.9990202013463502,75.77102219600256,18.81690973387618,110.58418353943138,3.403929925931035,0.030549294858478904,1.7541523789077473e-14,5.84258847607592,True,True,True,True,True,True,True,True,True,True,True,True,,dry
0.014861263461285024,0.00452392026736137,0.8085085377992152,0.9951983150739975,76.71008060032541,19.277118226324397,109.92676538061262,3.367609435950521,0.029516822082927385,9.769962616701378e-15,5.791485158456466,True,True,True,True,True,True,True,True,True,True,True,True,,dry
0.013247690565060033,0.0018703678389937473,0.8608531402233169,1.000842779717624,73.7462517283454,17.8349462447695,110.80228030462756,3.4263544543428677,0.0320952093216611,8.659739592076221e-15,5.682344659287941,True,True,True,True,True,True,True,True,True,True,True,True,,gel
0.004508453650165722,0.0033000827704626756,0.8307037025331473,0.9964885775021691,72.3812191365425,17.18105236618328,110.83959490532207,3.3878986247141762,0.03086886145247092,1.1102230246251565e-15,5.839067099357214,True,True,True,True,True,True,True,True,True,True,True,True,,gel
0.0013549422876888428,0.002160625724745069,0.8329865516766598,0.9976812895781875,75.7789572290136,18.81915225638041,110.76597802483448,3.3954823279749298,0.029363856784419218,2.1094237467877974e-15,5.988794159550487,True,True,True,True,True,True,True,True,True,True,True,True,,dry
0.019123117493526465,0.001732111973816508,0.8350435794195218,0.9984560277794141,73.9763887790122,17.942665658513953,110.28990195740717,3.400388047126778,0.03156993050088375,2.220446049250313e-15,6.104689864313249,True,True,True,True,True,True,True,True,True,True,True,True,,dry
0.00136762355824116,0.0022927408717487996,0.829746972352289,0.9975416707792343,71.43486188337653,16.73950161101773,110.29558155456336,3.3940832819400653,0.03118093056772897,3.008704396734174e-14,5.910228121090732,True,True,True,True,True,True,True,True,True,True,True,True,,dry
0.001206241621438564,0.0024049222450147623,0.8348632625722826,0.9974266446944238,73.23195780744003,17.58513132713994,110.53488317467063,3.3938998085310343,0.030895716938928786,1.84297022087776e-14,5.882209014422927,True,True,True,True,True,True,True,True,True,True,True,True,,dry
0.019703909083909066,0.004661061338960049,0.8080712694773192,0.995054698745932,78.1377759951635,19.994725431000447,110.63832868471117,3.3686221049696567,0.03116873091381589,1.4099832412739488e-14,5.9467016799185926,True,True,True,True,True,True,True,True,True,True,True,True,,gel
0.0011451921051242042,0.0018817209668189339,0.85239614820372,0.99977803594472,75.3760505231258,18.62384528267158,110.61144882698323,3.4150892596935436,0.031230236962015545,1.8096635301390052e-14,5.830261852353782,True,True,True,True,True,True,True,True,True,True,True,True,,gel
