condition,dc_out,acd_mag_0.05,acd_ph_0.05,cmrr_db_0.05,acd_mag_0.5,acd_ph_0.5,cmrr_db_0.5,acd_mag_10,acd_ph_10,cmrr_db_10,acd_mag_50,acd_ph_50,cmrr_db_50,acd_mag_150,acd_ph_150,cmrr_db_150,pulse_baseline,pulse_peak,pulse_end,pulse_undershoot,pulse_tail,pulse_rise_time,pulse_area,zlo_mag_10,zlo_mag_100
healthy,1.6475018315018315,191.3253089907738,39.20059665493239,44.63833323724073,246.48561847577406,4.178167097278346,46.01709054245653,242.0816667490446,-8.804525060190658,46.79883497884801,224.56867333471132,-29.070999804694026,48.563018239501936,179.87977905105782,-78.40475842703366,52.68275377233308,1.6475925925925925,0.2521436711436712,0.23499898249898252,-0.01818233618233616,-0.010345339845339818,0.006875000000000001,0.04755358404558405,411195951.4658854,86921795.70306921
R1:open,1.6536263736263737,4.235893868829955,39.35602636822762,-11.81107064841218,5.393192916587291,0.9820477079546327,-9.713158376373418,3.337183895231017,-56.06928976781569,-13.884287676956475,0.893673149028351,-104.53697978348305,-25.335511379761556,0.24657477293623756,-162.14676999575647,-36.63272867903193,1.6536406186406187,0.008044363044362901,0.0060297110297108936,-0.0032376882376883853,-0.00021571021571037408,0.07400000000000001,0.000962572242572212,1649997219.7405956,405231333.5265457
R1:short,1.6348901098901099,213.9741551589649,39.480423434806234,50.14559278486787,275.8686114886092,4.459877202379041,54.38681690112909,276.430405871952,-4.661543851916324,53.72213446113188,272.1603237378507,-24.11807143932627,54.177696646157344,220.7187571186766,-76.44196283898727,55.492460922764614,1.63506512006512,0.28449531949531937,0.26334147334147323,-0.021731786731786884,-0.01226292226292236,0.003,0.05346388074888073,30626211.38802725,12220475.663452689
R1:parametric:-0.5,1.6556410256410257,181.99913550854404,38.89730331578463,44.77320156977064,233.1631790304634,3.972774558657052,45.28819853185766,227.30526152275644,-10.383370153804607,44.85702340539845,214.24626401565533,-28.0987969432992,46.18478956263079,172.97210676739263,-77.56976770270163,49.1654428381555,1.6556878306878307,0.2394953194953195,0.2227737077737077,-0.017977207977208032,-0.009717134717134701,0.00975,0.044932690272690264,434632001.6312697,95230980.28713024
R1:parametric:-0.2,1.6477838827838829,199.30328060878475,38.62113379439159,48.01117704246924,254.65296790700972,4.313197582225936,48.51996532078483,254.6376067197948,-4.845106603877617,50.529189601230534,250.38748016395851,-24.06885851523464,58.78362677466051,205.87042439091596,-76.91584881118051,60.447993920531765,1.6477309727309728,0.26356939356939363,0.24362433862433863,-0.021100936100936052,-0.01042328042328039,0.003,0.04934880545380546,306110831.89128244,48968997.82145061
R1:parametric:-0.1,1.6483882783882784,165.24355240171928,38.60834695988723,35.30682549670085,211.3540223239592,3.7059458702949586,36.3414129561403,199.54240379144085,-13.535447963930762,35.55948928919479,174.56364813667255,-30.669680053142013,36.92579545346775,139.46246741700432,-77.97475875497118,44.18539977162725,1.648107448107448,0.21544566544566546,0.20134310134310135,-0.014426129426129364,-0.007979242979242906,0.013,0.040528711843711845,841519471.8492345,159116966.0135131
R1:parametric:-0.05,1.6530219780219781,193.02277248418054,40.020522189958626,40.00546825278521,251.3935404990816,4.3096104500593935,48.30263465833971,246.67230088598922,-8.885460925317435,51.32861534915695,228.33367686617282,-29.88386266965609,51.01267178181186,184.13432300926164,-80.24022223354356,53.493748690130474,1.653048433048433,0.2604680504680505,0.2397171347171348,-0.021180301180301175,-0.010502645502645402,0.0072499999999999995,0.048481137566137575,434477001.09142166,87723570.75645484
R1:parametric:+0.05,1.6542307692307692,201.03717324476793,39.153993271178734,48.72791824066232,258.60214481881746,4.516936566185061,48.69056948173745,259.48621642525075,-5.682049001913695,49.40038309602093,249.42888108825701,-24.227802228979336,53.575743180792166,206.2405363474892,-74.33528900617165,58.501378572326836,1.654139194139194,0.2688461538461539,0.24628205128205133,-0.024084249084249,-0.01119047619047614,0.0045,0.05023371794871796,246739510.9667456,46726242.334212005
R1:parametric:+0.1,1.6393223443223444,173.45420451160595,38.46172185163201,40.05097866497389,220.9638679666386,3.7577851217986824,40.547344987439956,210.39857741320492,-13.208907830038385,38.80693290162429,178.9120466578493,-32.95172622075438,38.73105761993824,141.13437404016608,-80.15616537915626,43.41545453446002,1.6393610093610094,0.22640822140822137,0.2123056573056573,-0.017364672364672373,-0.008903133903133964,0.012,0.04236462962962963,795092004.6216812,159499525.50839967
R1:parametric:+0.2,1.635091575091575,134.99255675837242,39.28497869566739,21.349823199008522,174.4344246919582,3.6707895426845765,26.64127338148429,158.80161131424805,-16.318889227879552,31.14909195735724,128.0170827769714,-33.31459537413977,31.93168011557622,100.88733385925333,-79.72521373353814,35.96835565780605,1.6347476597476598,0.17723036223036226,0.16695563695563692,-0.01315425315425317,-0.007311762311762338,0.017,0.033210816035816035,1239046846.5640395,228540455.91042173
R1:parametric:+0.5,1.6318681318681318,158.36891980674068,39.57615424107514,34.753493501892635,206.35310093694167,4.026494435507095,38.300200444811395,197.25105325299137,-11.973404067542802,38.22323358844327,174.07015595097747,-31.622338846931697,38.763981228802486,135.30617090261237,-80.13343678869397,40.17524682317816,1.631862026862027,0.21033577533577513,0.19623321123321114,-0.015506715506715618,-0.008858363858363971,0.012,0.039594975579975544,834065313.2982795,165341418.35279346
R2:open,1.654029304029304,4.549982774016196,39.81401420286784,-11.193246514446443,5.880302758273242,2.353278868487576,-8.96451648567546,4.158866568844715,-24.39665848561567,-11.970230149385108,2.7966339327472483,-15.907308840819864,-15.419518733333536,3.1313887691429807,-38.83570716063309,-14.450070300865816,1.6538787138787139,0.008410663410663433,0.005590150590150611,-0.0038787138787138575,-0.000453805453805467,0.04825,0.0010916381766381761,1649993056.1666756,407072834.85371387
R2:short,1.6354945054945056,207.53237373209916,39.5043666400277,39.437751705671715,268.4613080511583,4.460933267118435,42.54782068065364,267.489371499608,-5.486542455693521,46.11025976084871,256.36488773637126,-25.36431186703696,47.741487765075696,207.68930853851427,-75.64016310542372,49.71078887506141,1.6354110704110703,0.2750834350834352,0.25715303215303237,-0.0212718762718761,-0.012004477004476877,0.0035,0.051950386650386676,159470897.69460326,39794040.41501362
R2:parametric:-0.5,1.6536263736263737,211.69794794536958,39.39057005835097,49.49817425544659,273.02213580836144,4.44361983013971,49.5022609803231,273.5782071781351,-4.801065649269026,50.33164267136838,268.3177640914614,-24.845739713622006,52.24533390575444,214.80190000727538,-77.84404245168933,54.48715719651331,1.653632478632479,0.2806349206349204,0.2608913308913307,-0.019951159951160202,-0.011288156288156548,0.003,0.052901123321123275,45393912.72486577,18392736.371675327
R2:parametric:-0.2,1.631062271062271,210.8332525903851,39.41834863251284,50.55428919838856,272.19075944537116,4.453889479592423,50.55100716960732,272.3013712747052,-4.722220382810602,50.35010531225295,268.190763348542,-24.241810286280106,54.53990963763628,218.49025976249803,-76.99995380054996,60.891022407257616,1.631003256003256,0.2800956450956452,0.26035205535205547,-0.021296296296296147,-0.011625966625966433,0.003,0.05272658323158326,65402089.54386304,18575367.90389283
R2:parametric:-0.1,1.6465750915750916,199.78171852700572,39.32555070184402,37.8384236380803,258.21459249741633,4.378328431541214,42.67288424283957,256.16822333889,-5.899271275705082,48.99729578764677,245.9703142253839,-25.285720037264845,53.26518840762304,196.51407886873724,-76.78038522162134,57.503250615080525,1.6464306064306065,0.26325803825803823,0.2465364265364265,-0.01818884818884825,-0.011339031339031413,0.00425,0.04995499592999592,266765447.81734958,46653558.49434698
R2:parametric:-0.05,1.6471794871794871,214.09288445380702,39.42813867970376,50.23076117795746,276.9302662662321,4.501021703108182,53.19741781831953,277.5984694295175,-4.552988224038335,59.05449912412834,274.1632939603448,-23.91219606798384,61.76826350417907,224.29316379169512,-75.98283454271143,63.46958878115133,1.647126577126577,0.28714082214082215,0.26497964997964996,-0.022914122914122925,-0.011833536833536773,0.003,0.053650691900691896,26137842.092925053,13696779.485721553
R2:parametric:+0.05,1.6491941391941392,178.22116526574362,39.019440919498535,40.233736213926306,228.74575648442988,4.075784840224061,40.76278105578188,222.51884617255024,-9.12173454162609,40.23443871845714,207.14969525068526,-27.62413919928409,42.062831605579746,165.51299648358435,-76.68166462710874,46.092777553470164,1.6492938542938542,0.23259259259259268,0.21849002849002852,-0.01621693121693113,-0.008964183964183914,0.008,0.044075752950752965,635681735.773501,113683954.72946689
R2:parametric:+0.1,1.6693406593406594,212.49679867860405,39.45148770003874,49.29630527015948,274.44369698638957,4.457784957654517,49.306137185214155,274.9480125708435,-4.681893420221971,49.676566365778285,270.3241408969128,-24.325627872439256,52.75499619626262,219.5560328185893,-76.42243820081657,57.58461010476455,1.669100529100529,0.2820899470899472,0.2619434269434271,-0.02071225071225058,-0.011444851444851356,0.003,0.053171982091982116,36105924.065442346,18301250.810003646
R2:parametric:+0.2,1.6385164835164834,188.46765838456503,39.011859030490044,53.57255010553596,242.27011129653036,4.18540547887344,53.801993757560936,238.38824525702188,-7.618552852591254,49.21692217620878,225.3158531572815,-27.668446253779447,48.511737847389284,182.16914011158326,-76.79975393173198,51.96858843443445,1.6385164835164834,0.2482051282051283,0.23128205128205137,-0.018937728937728826,-0.009871794871794737,0.0062499999999999995,0.04677518315018318,448260695.96787345,87121905.31601082
R2:parametric:+0.5,1.6477838827838829,181.6392381708468,39.389429395529746,33.84459470523799,235.88292844462435,4.333553830629131,36.87266129953196,233.44136820721985,-7.6631198558278175,44.200397779477,223.2781272773059,-25.80186277689916,48.85461543027665,180.95145546212078,-76.41360405024021,52.39463622861157,1.6477269027269028,0.24524013024013008,0.22408628408628395,-0.02109686609686623,-0.010822140822140891,0.007500000000000001,0.045608209198209175,471073940.3126056,86773742.92203784
R3:open,1.6278388278388278,211.81003672463132,39.02499745884754,34.5876118707742,271.8910639952406,4.251020073434494,35.14312461925787,267.296290732537,-6.1877528321761295,35.59698312778646,255.6115385150028,-25.33978616339721,40.02444623658391,205.15517455101133,-77.70495120243686,46.2729204723225,1.6279507529507529,0.2764997964997965,0.2601811151811152,-0.01804232804232797,-0.011796906796906814,0.0045,0.052490325600325606,206857946.5963313,38955818.13884903
R3:short,1.6483882783882784,1.2163570185112125,34.810226771460776,-24.195328666370305,1.6456433878309673,31.453451345007466,-20.970013027134925,16.858038764609145,79.71941664912565,-0.9806003452701304,78.41316073658724,52.79420469685237,12.589507669790663,162.4635798810711,-22.627482603906834,19.820048222920438,1.6483923483923484,0.09851241351241352,0.0006003256003256352,-0.0975132275132275,0.00039886039886039004,0.002,0.00046618233618233917,1342696.1891041575,6844937.770224875
R3:parametric:-0.5,1.6481868131868131,195.90166372535046,39.29579097911811,30.72836145543736,253.8758995030069,4.431204427091002,33.62063612688453,251.7483564789954,-6.781439666498553,38.41999834215957,232.5905999275592,-27.85958044135854,40.47015070292299,181.1898988763164,-78.75437945530794,44.905370808397144,1.648107448107448,0.258962148962149,0.2422405372405373,-0.01785103785103781,-0.011001221001220918,0.00425,0.049065396825396845,299182119.30101144,74949399.79577719
R3:parametric:-0.2,1.6419413919413919,196.47308627764545,39.64044744161986,41.642708290455516,255.14162115611788,4.665027595638388,48.17465163005319,258.76816349675636,-4.290461616100936,52.795855501354495,255.37353391457225,-23.969192051108443,54.814410888235045,207.43236976501538,-75.90271000779285,57.751436482426186,1.642002442002442,0.26667887667887663,0.24290598290598298,-0.023028083028083013,-0.011141636141636102,0.003,0.04954520757020757,215758889.68767184,34537921.97725798
R3:parametric:-0.1,1.6391208791208791,213.7900966403362,38.967803587795615,48.54316245036027,274.10682165401676,4.379422697835122,48.543568620363075,274.4732186372229,-4.7158521359092855,49.54302901622823,269.9938331181711,-24.229499804141557,56.31070085944714,218.89249792890763,-76.40696383735714,63.43685542671023,1.638976393976394,0.2830016280016281,0.2612433862433863,-0.020606430606430526,-0.011943426943426871,0.003,0.053152853072853085,44315306.25657986,16860689.505971838
R3:parametric:-0.05,1.6447619047619049,175.8771677101803,39.16521074166479,42.60548770853157,226.7990318475014,4.125242413193583,43.72327140303576,220.79221781886315,-8.810769149787628,39.114805335499454,203.8373814457034,-27.73872366783838,40.81012940881003,167.73632753259642,-75.40159746466223,44.36929739330053,1.644790394790395,0.2314550264550263,0.21614367114367106,-0.01816035816035827,-0.008892958892959046,0.006999999999999999,0.04371265364265362,648924248.6912863,114765100.4218798
R3:parametric:+0.05,1.6596703296703297,211.02895328152596,40.16162726892306,57.79409787334068,275.3568803595621,4.591776767070222,57.78549235566691,275.86779512709296,-4.632137329261467,56.12420666847943,271.4221124882334,-23.88561237783763,54.92871852877836,223.76253345146844,-75.81470057074233,58.62195971721454,1.6595014245014246,0.28443630443630435,0.26227513227513216,-0.023201058201058222,-0.011919006919006936,0.003,0.053337645502645484,37229572.67384703,15397575.201987935
R3:parametric:+0.1,1.6514102564102564,181.90915547863804,38.17953689661064,36.89183855757544,230.928997316949,3.8359955871766336,37.40096517501547,222.3917392856062,-10.710731413337964,37.502894523639426,202.6748482471026,-29.312371641095332,40.715673827656346,165.51266032231752,-78.23803616306972,46.221163969384044,1.6512372812372813,0.2350814000814,0.22017297517297513,-0.015944240944241017,-0.009094424094424125,0.00925,0.04444840455840454,589516530.0314418,116957286.45429379
R3:parametric:+0.2,1.6564468864468864,177.34653099236473,38.578652824348126,34.661426663165955,226.1955317400811,3.854496506738167,35.736938134860104,216.939630676518,-11.46152225767071,35.250963126133406,193.43141410422294,-31.555932722537364,36.76165286356674,152.08845803119908,-80.66265453743345,42.981370751860155,1.6563064713064712,0.23001221001221012,0.21530525030525038,-0.015372405372405307,-0.00872405372405366,0.01025,0.043479694749694764,667673966.2719935,134101985.19609831
R3:parametric:+0.5,1.64496336996337,172.8321664656013,39.12132227573358,32.51587937907711,221.9052408894753,3.7478077687755817,33.05048517260187,206.6731957125831,-13.90301888257301,31.55897402008264,177.62162551149075,-30.922134424304907,33.16251922369533,142.28680032704986,-77.67888276147123,37.52463135036429,1.645054945054945,0.22575091575091583,0.21245421245421253,-0.016007326007326017,-0.00935897435897437,0.0135,0.042412673992673997,852685894.256906,153433358.18185547
R4:open,1.665915750915751,193.16969954261094,39.74200653976236,32.469446329845795,251.1492733424776,4.114766055316342,36.50853812542225,241.09037918554708,-10.259871646931122,41.03334442705332,222.87423921055165,-28.147709146164416,42.381568219753206,178.42653640345873,-77.14213239083742,45.75227193504918,1.665999185999186,0.255172975172975,0.2388542938542937,-0.018416768416768536,-0.01076109076109083,0.0095,0.04824168294668292,438198279.3925075,85309966.03141004
R4:short,1.6401282051282051,0.9445262085094508,42.27162623050502,-24.88591762665056,1.2907670631631436,21.218309725092265,-22.20993932169673,8.658504620735243,80.68030048742365,-5.693850561513592,58.183222027804554,64.81903039256255,10.268650831955735,162.1201769319971,-32.85351725719975,17.96485320290049,1.640059015059015,0.08387871387871382,0.001076516076516043,-0.08313593813593817,0.000270655270655229,0.002,0.000390980870980867,46398291.722021855,85456967.95903054
R4:parametric:-0.5,1.6197802197802198,208.14050854594257,40.681756495117185,37.517734824594086,274.38520482133856,4.7104414512214134,41.59913744942562,275.0338254506481,-4.671958023253835,45.61539823846918,270.2194272492201,-24.174948604760765,46.77446957279614,220.028367943999,-76.1083394816347,50.72419262186909,1.61986975986976,0.2825661375661374,0.26100936100936084,-0.021646316646316777,-0.012378917378917553,0.003,0.05310624949124945,36550346.62285245,15533107.998598378
R4:parametric:-0.2,1.6556410256410257,198.6637411061422,39.9165455137845,33.62856526956451,258.8341468406149,4.557368013536398,43.451801514972225,258.9176588280895,-4.958065808689373,52.103256916420506,253.31906442493303,-24.226354349518996,54.58421843607847,206.94810039510506,-76.27004570890466,58.12620020552225,1.6554456654456653,0.2667338217338218,0.2463858363858365,-0.020757020757020628,-0.011086691086691025,0.003,0.05012029914529917,221082098.85105664,40073719.06992036
R4:parametric:-0.1,1.6473809523809524,144.58313961546432,39.014277268358654,30.85895835691918,186.9964409897409,3.459271137417734,32.802397838108405,170.68428572014102,-21.551541686329696,37.14631670527366,116.3503233742289,-48.16328452472989,34.01419378505766,83.1565467361225,-89.06191402251352,34.227013176063636,1.6475478225478226,0.19001628001627996,0.17772690272690267,-0.014470899470899579,-0.008024013024013066,0.01725,0.035400929995929975,1238925352.7075372,250770056.2864344
R4:parametric:-0.05,1.6427472527472526,161.9832423453664,39.01464619249544,35.82857207598701,208.5371964851468,3.9690251197711337,36.873955478247574,199.76344736672607,-10.164525721157615,36.3167362536656,184.3828998031167,-26.76420674042931,40.3918029762043,153.01141486617607,-76.70380855111851,47.780157459482304,1.6426210826210825,0.21327635327635325,0.19937525437525438,-0.016796906796906874,-0.008335368335368354,0.010750000000000001,0.04009666259666259,840960085.1752148,146578018.83693886
R4:parametric:+0.05,1.6389194139194139,196.25593803129,39.24403235525364,43.038568224655826,252.44251887853432,4.147151956932349,43.02976403954761,248.00557799468103,-9.962325390727875,42.790834614591994,221.81510634840453,-34.11494710334582,41.84135988579783,175.66696413310333,-82.64423555161417,43.85990047882886,1.6387342287342288,0.25866503866503865,0.24113756613756615,-0.018349613349613325,-0.010895400895400809,0.006999999999999999,0.04864877696377697,440982052.3587458,105141453.30363013
R4:parametric:+0.1,1.6506043956043956,211.69108868707747,38.845827209275214,42.932773791477814,271.0838938233466,4.429252711294414,42.96619232689103,272.6361362306516,-4.574309637431744,45.42039021218598,268.3234365349433,-23.581528246989212,53.699953082227296,222.1971503376685,-74.94632314537488,63.17869757173614,1.6507285307285307,0.2813227513227513,0.2595645095645096,-0.0224867724867725,-0.011809116809116837,0.003,0.05262810337810338,65440344.609521165,16118528.084791366
R4:parametric:+0.2,1.6411355311355311,185.25215741928005,39.22971539218616,44.07765221850823,238.81907277716695,4.1394647999291365,44.60674888653251,233.64300254743142,-8.00803103040335,44.262130630602485,223.458287025255,-25.80369662906595,48.20029433756353,180.39013204395164,-76.73111788136364,52.02840004308103,1.6412678062678063,0.24404354904354902,0.22812779812779815,-0.016652421652421645,-0.010004070004069998,0.00825,0.04608349002849003,439019022.1162858,90621395.71767916
R4:parametric:+0.5,1.650805860805861,199.81567824550072,39.14886363283772,38.595464538355664,258.6224611177057,4.237407810843761,43.74023326811473,253.4083210049352,-9.523846742864713,53.13718849005903,228.71660569686847,-31.44653484599302,54.19330356826983,180.87584539994242,-80.39076399554693,54.88031034519858,1.650844525844526,0.26549247049247054,0.24635327635327642,-0.021192511192511143,-0.011119251119251106,0.00725,0.04977492266992268,425617316.671492,89973994.24429092
C1:open,1.653021978021978,158.40413498516082,39.85637382474177,32.234213466101096,205.57618113133424,3.8735920260087857,33.39860843832077,194.2311562934101,-14.16166420904539,33.08269893209915,167.4567968560172,-31.989238444275994,32.82523852136958,135.66701641885507,-78.10375937098938,34.40859063249457,1.652895807895808,0.21085877085877086,0.19615181115181113,-0.01578958078958087,-0.008939763939763978,0.0135,0.03934922669922669,867667404.5255315,170829682.89576927
C1:short,1.6461721611721611,33.36742919687472,51.70739784187904,54.530484489183266,42.60933024378867,-1.7363229974009682,59.38187420884838,42.49168515066197,-24.275746990045924,49.58177676751781,41.92421612666235,-19.774523065746983,54.85521596818043,37.40554103102931,-73.74597363655023,48.6371328904769,1.6461029711029709,0.046003256003256054,0.04136955636955647,-0.006176231176231006,-0.0015425315425314223,0.025750000000000002,0.008254973544973569,5238562.442242467,2258196.266915017
C1:parametric:-0.5,1.6636996336996337,191.22075065395433,39.03234560933725,45.683560413040674,245.57172678334797,4.026222137037057,46.23243090153257,239.921260394762,-11.007183787449414,45.23220241602775,217.56941176606438,-33.912815544747055,46.444365396577986,172.49988684961824,-82.18032105288955,51.14139556967015,1.6635510785510785,0.2523829873829873,0.234049654049654,-0.01919210419210421,-0.01093203093203099,0.00825,0.04728135938135937,435901518.4357248,98554303.48696521
C1:parametric:-0.2,1.6415384615384616,188.70479025002646,39.67055151737658,41.32237154680548,245.38798872505288,4.258126599459522,44.14427494932386,240.4800521437739,-10.15661951844242,49.97952509026344,220.62640092990029,-31.377277884397337,49.59507651849642,177.92930235499375,-79.03976813410603,50.81480585724165,1.6412962962962965,0.25247659747659734,0.2351505901505901,-0.020105820105820238,-0.01043549043549058,0.008,0.04729423890923888,428011378.92314273,98092460.96707924
C1:parametric:-0.1,1.6487912087912089,175.44197333789924,39.634803712894076,36.37605480096123,226.92360437061103,4.139188320350238,37.50962370050799,218.87983342575455,-9.43801242834146,37.26302751208733,201.47651237899254,-28.45647838489222,38.711724936932974,162.26337097304167,-77.71151787148949,45.78448518634631,1.6486446886446888,0.23122710622710607,0.21591575091575071,-0.016978021978022173,-0.01032967032967047,0.0075,0.04363564102564099,669608893.6099815,119956014.40316257
C1:parametric:-0.05,1.646978021978022,211.140866161816,39.556519882462794,61.68875316872173,273.1350511705283,4.47442721804174,61.40442442886882,273.64287848518677,-4.703020656261266,58.981299764355896,269.3934857857402,-24.30361799388867,61.087611516044134,220.03183942872045,-77.24317074959055,66.35969240230942,1.647100122100122,0.2811233211233211,0.2607753357753357,-0.021074481074481177,-0.012008547008547032,0.003,0.052893638583638575,41833429.80675348,16684485.504575847
C1:parametric:+0.05,1.645970695970696,208.4639333494215,38.41474305416684,51.36214101593402,265.3189770998473,4.24535518038515,51.78260307373634,263.2987887234091,-5.368043838454864,47.533567757152625,255.37925296137766,-24.397444215322793,47.43945910306323,208.4242085840714,-75.40584529705583,49.96472793955759,1.645995115995116,0.2697374847374847,0.254023199023199,-0.018156288156288114,-0.009896214896214894,0.003,0.05134718559218559,195959023.50191173,40870647.86027345
C1:parametric:+0.1,1.6421428571428571,169.36050943986206,39.414303118971226,32.771135832686056,218.6074973112014,4.01229706807155,33.632919009280926,209.73823562911042,-11.881525390262967,32.43936548767163,188.70379488468046,-30.0701323888619,35.5604438394477,152.32611156130014,-79.27903902620133,40.50847686222774,1.6423178673178676,0.2246601546601545,0.20955026455026443,-0.018306878306878382,-0.00883801383801397,0.0115,0.0420083679283679,708038710.014482,129211025.72676547
C1:parametric:+0.2,1.6487912087912089,213.56621243105448,39.66279294962381,54.64684805942789,276.60771244225094,4.503638544770933,54.64028046159845,277.17705964243476,-4.668682295616589,54.515635346228365,272.3237764750101,-24.121841921187993,55.569328833590156,222.90251137781019,-76.07353254032182,58.00810262500712,1.6491941391941394,0.28527472527472514,0.26391941391941376,-0.02095238095238111,-0.012490842490842646,0.003,0.05354159340659337,38076498.47129961,17186922.318527803
C1:parametric:+0.5,1.6391208791208791,187.1867235211437,39.25211361109996,42.35665296494106,240.74773016626844,4.010198220199768,42.9280446894292,234.68857816155474,-11.185587982900225,42.59620812916822,215.2908173378465,-31.478503747348753,42.6039442249805,172.5936511022216,-79.00213233888047,44.55749274102132,1.6391107041107043,0.24599918599918585,0.22947903947903936,-0.017718762718762937,-0.009660154660154796,0.00875,0.046377914122914095,440928660.1414496,99785109.11419716
C1:cap_degradation:+0.2,1.6423443223443224,197.400178608732,39.73704757558909,44.78373195169453,256.1798292204826,4.336248414684965,44.7924707493015,251.38551643730523,-7.547449642807594,43.982567721096,228.75121864298774,-26.948625783931725,44.903041691518126,183.52661498123285,-77.10338984342465,49.6232711397436,1.6424928774928775,0.2597415547415548,0.24422873422873426,-0.017474562474562416,-0.010826210826210825,0.00525,0.0494116625966626,361930005.65595466,80699079.19387211
C1:cap_degradation:+0.5,1.659871794871795,196.4568718797299,38.88952447460275,46.77676586213447,251.87069048133134,4.1298827144935295,46.726324814795234,247.80560521682827,-8.94987507358059,42.53826281017863,223.31937756107004,-31.618420444464103,40.707886482905714,176.88690869362162,-80.01614559157773,42.29554485309005,1.65991045991046,0.258038258038258,0.24030932030932028,-0.017969067969067998,-0.010716320716320726,0.006500000000000001,0.0485606919006919,398062016.2520325,92242527.82022204
C2:open,1.6467765567765569,182.31177770008583,38.72295916873874,40.14614673618057,233.5859496431745,3.940892956821356,40.181537657618634,226.51623754007113,-11.150011923899006,40.3908322408824,197.23838201852772,-33.14625130617713,38.984970687485145,153.74050184600682,-80.44878304154913,36.09773620387219,1.6466056166056169,0.2381013431013429,0.2237973137973136,-0.01715506715506737,-0.010103785103785179,0.0095,0.04492244810744807,574259643.1840898,132610438.01469299
C2:short,1.6429487179487179,21.16149219041464,38.14584218720971,28.334109617240884,27.562884579920823,7.284981497488839,40.93938508584178,27.619683226740733,33.80556064048914,42.76693441375865,27.36172148871071,77.10590908611499,35.95728305392968,22.70350365420969,-119.44850759175834,35.84197981588181,1.642989417989418,0.030582010582010544,0.02594831094831085,-0.004875864875864999,-0.0022568172568173117,0.052000000000000005,0.005327867317867302,2617473.3855796484,1326933.4357767238
C2:parametric:-0.5,1.654835164835165,173.65250465236062,39.41638428770857,41.955669821353005,223.49074366616563,4.193198382947515,42.524822335991416,218.05811851144972,-7.93949000579831,40.12387066616375,205.37136894071008,-25.522023522510548,39.685918803864794,169.1474274120486,-76.26933648562289,42.00885340576552,1.654932844932845,0.2275579975579975,0.21204517704517695,-0.015811965811965978,-0.01017094017094028,0.006999999999999999,0.04308535409035407,613344888.5394251,114418304.64003485
C2:parametric:-0.2,1.6433516483516484,187.3464099852091,39.03715198586076,46.85543748392412,240.9570469269178,4.165407758177008,47.05448315961324,237.60040201218257,-7.937358489521053,42.97565887213631,224.2409804890765,-29.80683488030705,42.6387746349899,178.87760860911357,-79.43140600085505,44.6083815209213,1.6434778184778187,0.2464672364672364,0.22934269434269422,-0.01866096866096878,-0.01060236060236075,0.006749999999999999,0.046513630443630424,444837315.57559216,91219050.35081634
C2:parametric:-0.1,1.648992673992674,213.77311687840506,38.62423875003151,54.677245199038026,272.8998751460832,4.366992475162871,54.67974885938878,274.5932149531949,-4.628091718792004,55.06716411234859,270.1964110995241,-24.542345824430782,60.93856694965264,217.0325782343615,-77.089323343367,62.039240484010385,1.648998778998779,0.28184371184371193,0.260891330891331,-0.021965811965811877,-0.01189255189255184,0.003,0.05295753357753359,59228030.736146644,16349416.089640446
C2:parametric:-0.05,1.6502014652014652,209.89399922350952,39.02202100749539,42.75367904299007,270.26688988320757,4.482046215546428,43.801269608406834,271.29461426731905,-4.528195717804525,52.98741624559093,267.5523888894787,-23.42333817002071,66.33821332894851,222.48621395119585,-75.09049435360636,74.2911832314904,1.6504334554334554,0.28040903540903533,0.2578449328449328,-0.02259462759462766,-0.011111111111111183,0.003,0.05241030525030524,90016852.23885158,17342376.097459726
C2:parametric:+0.05,1.6576556776556777,188.69432748592683,38.981148769502646,41.74640569147847,242.4572285466477,4.103577201756842,44.46674428036607,236.91482875576645,-9.23919408509761,50.27487784360648,222.06871394086406,-27.529248478136015,56.60086516715867,179.01026358269047,-76.61005713019986,58.329149012395945,1.6577187627187628,0.24713471713471696,0.23121896621896615,-0.017389092389092475,-0.00993487993488007,0.008,0.046772840862840837,435647748.38921547,87954331.59461154
C2:parametric:+0.1,1.65,214.80898282060338,39.11665519917694,44.40668532926696,276.0462675042053,4.408383246023389,44.405476373450206,276.5180997765424,-4.746095570557607,44.82314610382848,271.54789764941154,-24.392599944093426,49.894925589302254,220.61296433028656,-77.00133455623505,57.587481006829634,1.649871794871795,0.2839926739926739,0.26384615384615373,-0.021831501831501954,-0.010952380952381102,0.003,0.05347294871794869,39284057.4402089,16716331.57401656
C2:parametric:+0.2,1.6554395604395604,211.66769991815187,39.85397348676125,48.46156973782122,275.97424045879507,4.617656063719317,53.805105704204344,276.77710925597415,-4.501774568256674,59.94583809874531,273.904828683409,-23.658564989492056,61.486991642274376,226.23766641767457,-75.99985621946186,63.89185147684163,1.6554497354497353,0.2866748066748067,0.26270044770044776,-0.023783068783068684,-0.012299552299552263,0.003,0.05347106023606024,25302617.365094703,12097258.418692967
C2:parametric:+0.5,1.6274358974358973,195.12529722610176,38.53060720368136,38.54245541015895,248.4543200044015,4.078500977126268,38.54486970859682,243.85035366088195,-8.765777874362113,39.13448433284475,224.1881316208177,-29.29201402758013,43.894264646517385,181.0072557101239,-77.67278516419277,46.218063165159606,1.6275010175010176,0.25619861619861606,0.2378652828652828,-0.019204314204314232,-0.010944240944241068,0.00725,0.047968734228734204,469452661.0674312,88447159.49641284
C2:cap_degradation:+0.2,1.653827838827839,185.5051605149901,39.05117922511115,44.15794055294195,238.43256504922095,4.069839551328462,47.44672196518567,232.7809709859529,-10.533669926434579,53.286288824875655,217.62776131150318,-29.683065827198522,55.70799187698957,175.78317043636576,-78.59916363300069,50.079691683628006,1.654033374033374,0.24598494098494106,0.2264428164428165,-0.019546194546194495,-0.009674399674399592,0.00825,0.04595440577940579,427580440.3465321,94696874.01160526
C2:cap_degradation:+0.5,1.6409340659340659,186.68431238668123,39.098758775749715,36.23804985718838,241.7270026431438,4.137093039749441,45.104665152800834,236.35771774226444,-9.959384611611831,60.67949223303608,221.185599121605,-30.591772332104497,53.69377826198405,178.20416233381604,-80.54572899607348,48.00099890270429,1.6409279609279608,0.2502258852258853,0.22967643467643473,-0.0199389499389499,-0.010067155067154943,0.00825,0.04661503052503053,422800730.93923223,92542969.05995986
C3:open,1.6667216117216117,209.64300661420341,39.920473763265576,49.376309434266275,273.15428989744873,4.587709507105831,52.41206431517478,274.17168297610556,-4.235166691020144,59.13843880565408,273.2941667958346,-22.924890680507332,65.99487192452077,226.5460893130779,-74.68818371815115,74.76340431393513,1.6666442816442817,0.28555352055352057,0.26016890516890523,-0.026516076516076514,-0.011406186406186403,0.003,0.05294641839641839,26079146.850118674,12772522.714100726
C3:short,1.6552380952380952,0.04572259859368165,27.47433989905514,25.90677628411824,0.03351358090960784,-21.58619851556375,21.341945575957908,0.036876432438366996,-12.40140431140616,24.888405391341287,0.029443942553475023,15.655659848692949,21.0426330494752,0.0379735101163252,-37.94900107734647,15.827784854002564,1.6551363451363452,0.0025193325193325067,-0.0009055759055758839,-0.002920227920227947,0.00030321530321525403,0.06025,4.635734635727639e-06,31506.22261537479,12504.530998946759
C3:parametric:-0.5,1.6354945054945054,209.47534974640777,39.445201994981204,55.05620378239054,270.491527259082,4.605197912944575,55.04948987140507,274.7892042585757,-4.061898933537672,55.399740117730836,273.4153844471498,-22.988298624541898,57.598182213120104,227.87399400232943,-74.50808421345671,61.77169388788105,1.6352726902726904,0.28589947089947076,0.2572914122914122,-0.028386243386243515,-0.011261701261701451,0.003,0.052612476597476567,52994220.79699878,15024791.239743829
C3:parametric:-0.2,1.6574542124542124,190.18327215668833,39.442980594518204,59.024594140646506,246.0994973419829,4.218808914929049,58.8819571015197,242.050962852539,-8.804274518067487,54.068392426569524,222.84041645657314,-29.233405093145798,51.32068346074884,179.9360341937766,-77.98722077772865,55.47480775458661,1.6572222222222222,0.25145909645909653,0.23473748473748474,-0.018101343101343093,-0.009236874236874193,0.00675,0.04748883394383395,444750547.6710816,108530284.20067433
C3:parametric:-0.1,1.636098901098901,191.38602943715244,39.0732525701511,46.00064059923131,245.96874010148503,4.154664792011399,46.55472702523329,241.67810015011312,-8.425499136344603,46.19334667766156,224.86981061630297,-29.20729249481546,44.824596648060975,176.39452238032945,-80.1581382605314,46.58378064757953,1.6358689458689457,0.25206145706145716,0.2339295889295891,-0.01749898249898235,-0.01024623524623508,0.006999999999999999,0.04747230972730976,438235588.24221873,91160237.04731657
C3:parametric:-0.05,1.65,143.7857657468308,39.68529473289995,28.00161674545548,186.88462124451522,3.6399574534832255,29.67132928229711,170.20554238680688,-18.366666546819154,28.65190762241284,125.28214784113368,-38.79302680551677,27.074270333705933,94.65362675971282,-83.05447372337223,33.173860583934584,1.64994708994709,0.1882214082214081,0.17794668294668287,-0.013646723646723702,-0.008005698005698114,0.01675,0.03547309116809115,1244545590.7976444,242942746.33104086
C3:parametric:+0.05,1.6632967032967034,208.6589070363014,39.14691683497898,44.027007587310884,268.44329740578047,4.456545857149369,44.496255904425496,270.2899349900779,-4.652619192812377,47.43652438856836,265.4975275918263,-24.562228681792618,54.9959169832039,212.79575973610568,-76.69269045466291,59.5979525038497,1.6634615384615385,0.2764468864468863,0.25609890109890104,-0.02152014652014661,-0.012051282051282142,0.003,0.052059890109890095,71673972.4687189,18517896.523449626
C3:parametric:+0.1,1.6487912087912089,215.29484110312922,38.679412290980025,54.68775545042555,275.0129877935016,4.323628840237264,54.69336636937166,275.4558761014891,-4.814958664673333,54.11752178717743,269.65031691319575,-24.613729590655698,54.5731812264777,218.718459910302,-77.10128476688664,58.7649982817707,1.6486833536833538,0.2821591371591371,0.26322140822140816,-0.02044159544159546,-0.011375661375661428,0.003,0.05331334757834757,39857733.70168063,17894398.418842185
C3:parametric:+0.2,1.6711538461538462,185.92209075446704,39.25981590178317,35.11476219938802,239.8106418862041,4.115832508328533,37.95443095206708,233.2894175867217,-9.486253525885664,44.99191709399478,219.6278599958541,-28.08183253699846,55.29303473784762,177.20566910249997,-77.72874998446932,54.55911619879762,1.670885225885226,0.2458547008547008,0.229133089133089,-0.018266178266178323,-0.00940170940170948,0.009,0.046228137973137955,463607287.3099859,77971480.75140706
C3:parametric:+0.5,1.646978021978022,199.5580284764087,39.5765026756271,38.64408554680031,258.8368295602217,4.389673282754878,44.076303835869886,254.68969451195676,-5.70433455911992,51.4598809217376,248.4174321564368,-23.990796071754467,59.03560943597651,206.00159114272088,-75.67561478680764,65.61657443133946,1.6470512820512817,0.265659340659341,0.24752747252747276,-0.020018315018314692,-0.010952380952380658,0.0032500000000000003,0.05001923076923083,224842554.294711,34106125.98474579
C3:cap_degradation:+0.2,1.6453663003663004,205.45407704849342,38.93162250340043,51.21473571578137,263.63305442310343,4.457595263590087,49.349270980107946,264.998002178103,-5.2558262679232906,43.98607422682067,256.1837470151819,-24.885632817958985,47.747005030265996,207.9796605281167,-76.5595051063913,53.196425120787026,1.6454212454212453,0.27353479853479856,0.25056776556776555,-0.023626373626373653,-0.010732600732600683,0.0032500000000000003,0.051212344322344325,211306817.0684232,47299131.516862735
C3:cap_degradation:+0.5,1.6437545787545786,204.7711869235303,40.08339081130068,51.74295694026381,267.3814573047314,4.593076054720928,57.21238981597486,267.6744914342744,-4.81086140362092,59.830849757346364,261.879127370466,-23.93117321520088,58.29138799877262,217.51566734789418,-75.4817357682405,57.53861586767429,1.644035409035409,0.276935286935287,0.25437118437118444,-0.023650793650793533,-0.01115995115995111,0.0032500000000000003,0.05177277167277169,165752959.62611088,54421836.812981665
R5:open,1.650805860805861,52.250805275276164,40.10910766269801,43.01181990483728,68.00570892223816,4.526972572846809,47.28969865235119,68.02791485272023,-4.715958662430849,54.35617129315796,67.02285823239835,-24.263388610687798,61.397801171665385,54.27632615012228,-76.98275573889492,69.08549567339993,1.6507997557997558,0.07072039072039066,0.06387057387057377,-0.006239316239316284,-0.0030158730158730274,0.003,0.013150048840048828,17042953.341073237,3956878.1557899704
R5:short,1.659871794871795,374.3070992992619,39.288709986494624,56.59444310670063,482.8478286617261,4.451319612346716,62.630027643212756,483.9460636311742,-4.64442480443866,68.16773271628665,476.5110901799144,-24.195220235469122,67.10381929230076,388.9000458306532,-76.44661765625288,66.4974777410441,1.659774114774115,0.49731379731379716,0.46165445665445654,-0.03757631257631272,-0.020048840048840166,0.003,0.09356647741147739,54221298.4272021,27636827.443218082
R5:parametric:-0.5,1.6475824175824176,270.45958374459485,38.85953141600837,55.17175023841125,346.34748833193277,4.355085695824616,55.137106226945534,346.74551848071155,-4.791958393130457,51.47948786873235,340.85782144211964,-24.522842475772357,51.754924178273356,276.596883625502,-77.76866263048053,55.86161931229277,1.6473015873015873,0.355866910866911,0.33048229548229563,-0.02590964590964584,-0.014023199023198929,0.003,0.06711869352869354,61765993.27653269,22689867.769190498
R5:parametric:-0.2,1.6463736263736264,203.43219603294463,39.36014498294361,50.803125081207476,262.70601404333695,4.110405799021897,50.75685777174862,256.14762977213593,-10.033113772596879,49.65071234556814,237.97310695135127,-28.35659413593949,53.85669803067161,196.53204761293594,-76.53711181333884,60.66610088856308,1.6464306064306062,0.2697049247049249,0.25036426536426554,-0.02000203500203479,-0.011137566137566002,0.00825,0.050638365893365934,446585478.0225268,100928345.57768264
R5:parametric:-0.1,1.6435531135531136,188.93570406435558,39.09283049359887,36.86916257431028,243.03709429793324,4.091776320996443,37.387786802751414,235.22242454760206,-8.846328315312812,37.16326862675075,216.4322128701004,-27.591318195184133,41.59912291040125,170.15809994330257,-78.24356438774647,48.22573267792541,1.6435632885632887,0.24678469678469667,0.23187627187627186,-0.016933251933252014,-0.010687830687830802,0.00825,0.04679893569393567,594915771.4120032,108736213.2141802
R5:parametric:-0.05,1.654835164835165,153.7866313957411,39.47081627621969,20.34700296659939,199.1600675826738,3.9697318886076287,22.161245879446017,188.46388545100427,-15.702739861610821,27.94215704951879,148.85749583836315,-37.7456218927455,30.720594027138166,113.11399534357477,-80.99969906570908,35.79298253581244,1.6547944647944648,0.2051322751322751,0.18961945461945456,-0.01748677248677255,-0.009025234025234086,0.0135,0.03820977004477003,1076607707.255376,209228936.91357207
R5:parametric:+0.05,1.664102564102564,196.40051057269721,39.73050299270129,42.99928511928394,254.64359982811584,4.541812425558168,43.61279585703123,255.65661324022776,-5.145777175595515,46.305395119756874,248.1589517229748,-24.303829624460526,51.56930008197396,203.0332479837803,-75.56364090636069,56.26217459512404,1.663931623931624,0.2632844932844932,0.24213064713064714,-0.02098290598290603,-0.010708180708180748,0.003,0.049379462759462756,248854391.96957004,45244423.80943716
R5:parametric:+0.1,1.6324725274725274,204.6630246008569,39.75606884628417,54.16646038612457,266.51015367904665,4.588010884113728,57.1452252840422,267.2426394672524,-4.686536499019229,63.58093640116037,263.0135387040433,-24.54919238107641,68.53429441212262,212.08570900411632,-77.32075041560212,69.03815559417275,1.6327777777777779,0.27489621489621485,0.2533394383394382,-0.021056166056166115,-0.011587301587301646,0.003,0.05160067155067154,30597794.010300074,16967560.797305297
R5:parametric:+0.2,1.6560439560439562,170.4512691276235,38.49623058756325,46.3997976058536,217.58648746630402,4.1568205691933455,46.88918391702207,215.48287855499285,-8.503151043489392,47.009153957021255,204.49230035335708,-26.6481922727519,47.73289595024964,166.11628543820544,-75.92033159424216,51.61535939005132,1.6561823361823362,0.2259055759055758,0.20757224257224244,-0.018471713471713558,-0.009204314204314334,0.0085,0.04215490638990637,447578838.63242185,78047446.86921543
R5:parametric:+0.5,1.6634981684981685,160.98742206567027,39.149065953926076,48.356476260882324,207.0685043722574,4.2843760145186565,48.2656418772236,205.59132538037946,-9.38229634368461,47.04895655858367,186.82102374466413,-31.024837164561056,49.42452916703445,148.62333667424244,-79.24083561686392,54.25473782602467,1.6634981684981685,0.21576923076923088,0.19783882783882795,-0.019139194139194016,-0.009468864468864413,0.0072499999999999995,0.04004282051282053,420277483.9378858,80040184.00029805
R6:open,1.6373076923076924,38.864368761907045,38.92073296295257,33.29677376217623,49.79773690751484,3.8581292327703745,33.83372219382478,47.98528648815965,-12.599327595742766,30.181912600366154,41.96445702251786,-33.56319827782769,31.672835132831658,33.56123411887628,-80.35260966057962,38.04302845748886,1.6371713471713472,0.0527187627187628,0.04808506308506316,-0.0053032153032152585,-0.002079772079772002,0.0145,0.009585382580382594,257647731.73066103,41650866.593427844
R6:short,1.6514102564102564,314.53522228369917,39.8849798317196,32.13114378570867,412.234882218902,4.43909717820827,34.097916436334955,407.5740783561979,-8.126150276545204,40.455038389146864,392.17081379001866,-25.04953293849395,51.25372440529086,321.4368589412626,-75.3376219999006,58.70666605009771,1.6514265364265366,0.4359544159544156,0.3926393976393974,-0.04595034595034614,-0.017342287342287543,0.00975,0.07973707366707362,543126415.8802032,132563630.79404733
R6:parametric:-0.5,1.6439560439560439,267.46127419073815,38.59369403730574,55.1356289125391,341.2557214091056,4.3290817295004125,55.152035001438755,341.6568964531444,-4.593223490575827,56.28939501259618,337.4170967377485,-23.710443843283585,61.115106775559454,278.90000905740186,-75.74728218868653,65.19309530998474,1.643994708994709,0.35292836792836807,0.32653642653642667,-0.027639397639397545,-0.013335368335368192,0.003,0.06617680911680913,82591028.40005186,25191738.23285233
R6:parametric:-0.2,1.6667216117216117,226.67199719748277,39.319106995763725,40.082562078356396,292.0824162975425,4.5247264153986375,40.15178973064345,294.94109630937965,-4.484037516690324,45.968651250031186,290.6185912007906,-24.08219987786668,54.03387025335917,235.57067555337778,-75.67947870394451,61.01191718337556,1.6666381766381766,0.3032885632885633,0.27911273911273904,-0.024898249898249902,-0.012608872608872612,0.003,0.05672893976393976,83747479.10834493,18560783.027990356
R6:parametric:-0.1,1.6401282051282051,221.08716931991003,39.30289297452532,60.20157422840161,285.28098244165034,4.469894431043075,64.86434542559341,286.0757346101029,-4.5916557469051185,69.84639421195392,282.5052663381921,-24.276122869642595,69.48070123563087,228.9396667587097,-76.91151970124125,70.86009684087726,1.64006105006105,0.29581807081807093,0.27123931623931635,-0.022899877899877852,-0.011819291819291755,0.003,0.05527432844932847,22187476.48370501,13692479.22545638
R6:parametric:-0.05,1.6497985347985349,181.08418148358524,39.375582084188224,39.09851944582208,233.33115407546202,4.026354354287864,39.89959019714308,224.17537925579344,-10.854828872043075,39.965975241673405,204.97421396742226,-28.28097532756499,44.23068204749024,167.04571648184688,-77.00117011473299,48.37107714847353,1.64989824989825,0.23843508343508346,0.22211640211640216,-0.017627187627187513,-0.009770044770044728,0.01,0.04488443426943428,613357936.7209142,117960844.7387509
R6:parametric:+0.05,1.655842490842491,185.14981362817466,39.417514472585225,60.67867694709331,239.04172073812234,4.205623807598029,61.14011966157409,234.2761363550046,-8.232770662235804,53.880251201748294,221.43745285470555,-27.14194287134272,50.70672482988539,176.781162671814,-78.15871178634282,56.14479172704352,1.6556552706552707,0.24476597476597461,0.22804436304436293,-0.018146113146113307,-0.009886039886040032,0.0072499999999999995,0.04612683964183961,433377149.4461414,79960788.06142317
R6:parametric:+0.1,1.6491941391941392,180.51677248283033,40.17648987071141,40.24586184199883,236.19810034494498,4.271300733870139,46.50936961965548,230.34184054480087,-10.480807227480625,52.74710999537484,211.26917697211678,-30.53950441826481,57.24665780431391,172.2933967730267,-78.16834214392736,60.270442559904026,1.6492877492877491,0.24448514448514463,0.22454008954008964,-0.01963573463573448,-0.010166870166870012,0.008749999999999999,0.045470307285307314,430476904.8581354,87686967.54455516
R6:parametric:+0.2,1.658058608058608,167.36074264042264,38.35383492044652,31.257033960055793,212.85788325380926,4.003219496979148,31.760026097596995,206.8028829590844,-9.014987987983261,32.062809274414676,189.4527450379687,-28.94367716430737,36.014006564572526,151.5913629891038,-78.88100174953087,41.521615490390055,1.6578835978835977,0.21856328856328877,0.20325193325193341,-0.01715099715099694,-0.009092389092388908,0.006750000000000001,0.04103760276760281,659192439.8712208,110094415.93182191
R6:parametric:+0.5,1.6584615384615384,182.37213115241795,38.95225896390906,48.09862183354054,234.39435379437654,4.439788392303815,51.18821407972271,234.99073371624985,-4.630563788920477,57.523153767198274,231.07016655913608,-24.247121187907556,61.05386572804271,186.49150896728764,-75.51969642019502,65.46376670598654,1.6584879934879935,0.24032153032153042,0.22359991859991868,-0.017553927553927484,-0.009898249898249833,0.003,0.045447474562474575,22580668.015851162,13722763.268121582
R7:open,1.6497985347985349,207.5026650288453,39.40828221809068,51.312635690262795,267.7538430820021,4.545427960206878,49.6847220834363,271.4704768336674,-4.404165130734566,49.11905901875657,267.46214997718045,-24.522816192497352,53.722651027132684,215.6996724741499,-77.1131509776354,59.68224257625036,1.6498595848595847,0.27977411477411485,0.25459096459096464,-0.02463980463980453,-0.010537240537240422,0.003,0.05199462148962151,64802493.33590799,20721652.357557014
R7:short,1.6776007326007325,179.7068221317992,38.79020485059463,43.38588075110802,229.9010518802762,3.9873027125390035,44.43996472615326,221.8785010730009,-10.104661212418753,42.57635277367043,202.57030135946644,-28.02809678446568,41.876411176528535,165.67811956459641,-77.10045965284755,47.28734671695771,1.6776434676434675,0.3706532356532357,0.1548840048840049,-0.11044566544566539,-0.06531746031746022,0.036500000000000005,0.043011526251526266,633385595.4435484,115456259.27746317
R7:parametric:-0.5,1.6552380952380954,213.84126950086886,39.298591409077304,48.13201990485172,275.5274846667842,4.433213872935468,48.12952279083757,275.86452655040824,-4.744727055975211,47.35914038970641,270.5356740626816,-24.28166536951246,49.597954391175406,219.71229735344946,-75.83479963903466,54.963012039227756,1.6554253154253153,0.2818640618640619,0.26272486772486775,-0.019527879527879488,-0.012476597476597462,0.003,0.053375211640211646,48603610.19651976,19760193.94543486
R7:parametric:-0.2,1.6453663003663004,189.33949167258174,39.755948681403446,49.481265485814006,246.183724298402,4.242433687963688,48.512342559798114,240.35829558733244,-8.919746828741886,42.84451797884006,223.60930550887457,-27.53681170676037,43.916379660459945,182.277892161558,-76.95202782438344,49.47859852602304,1.6454090354090354,0.25138583638583634,0.23466422466422465,-0.01898046398046399,-0.011929181929181965,0.008,0.04744416361416361,454437760.5082231,84971111.59573801
R7:parametric:-0.1,1.6409340659340659,205.1895573341493,39.98295672617073,39.769358731108056,267.3050212663187,4.7546707497363725,42.20204826371394,271.0381135873755,-4.313605168590264,49.08390415982909,268.1146242005291,-23.261667512696484,61.570186132108354,222.0695129523732,-74.58256427802087,67.50568220873281,1.6407142857142856,0.2790476190476191,0.2544688644688645,-0.025970695970695956,-0.011868131868131848,0.003,0.05195247252747253,88677734.97346073,14243276.010344764
R7:parametric:-0.05,1.6536263736263737,212.1765029025423,39.49483356130201,52.23976716794106,274.1559676987296,4.476906131168828,52.228042951261486,274.87668863163117,-4.741114604709786,52.033009517855305,270.143330334236,-24.88989075944625,51.8918323168634,216.05590619537003,-77.95349807215476,54.45935731978406,1.6534533984533983,0.2816198616198618,0.2612718762718764,-0.02037647537647519,-0.011310541310541156,0.003,0.053114833129833165,32370239.51749842,18873205.109280583
R7:parametric:+0.05,1.6624908424908424,174.94431920021862,38.98092796239322,38.50850559492088,226.01078638539127,4.048492049453239,38.32496808607712,218.99133639921376,-11.081387211536676,43.23316960758506,197.9816839059418,-29.96940897994058,50.00728004129881,154.66781731923533,-79.90176831482454,48.62169133873885,1.6624684574684576,0.23070004070004047,0.2155901505901504,-0.017706552706552914,-0.008237688237688445,0.01,0.04350967846967843,574289179.2233872,129298042.1993787
R7:parametric:+0.1,1.6487912087912089,190.68734983802128,39.73781456119243,47.125635142775955,247.30204961266895,4.192908616615733,47.383310262283636,242.2971540784843,-10.447144514496125,46.81307439556144,218.1874068103589,-33.52366799476069,45.31247591113357,171.47417269812956,-80.61518669729662,47.84686783768885,1.648719983719984,0.252104192104192,0.23538258038258025,-0.017456247456247576,-0.01040496540496555,0.00775,0.047596900691900666,436791130.5194794,99580499.45513453
R7:parametric:+0.2,1.6554395604395604,170.69476987829592,38.9672035469428,41.31024666120147,218.97829766643548,3.828293962448247,41.86600510894338,207.98129001349415,-13.623692184924884,39.71258581608238,175.5281357930208,-34.46292277858541,36.948776266447396,138.32733074666763,-81.2316305388331,41.1054556971823,1.6553744403744404,0.22349002849002852,0.20999185999185999,-0.016253561253561255,-0.009403744403744363,0.01225,0.041952437932437935,844239618.181442,155904727.76368594
R7:parametric:+0.5,1.6604761904761904,188.15497446030764,39.281563764628444,45.59928143240158,242.90198926253504,4.148449198884904,47.66114585111163,237.21867653337404,-10.17319067629164,51.27800876306567,219.5879750247721,-30.773761550419838,51.02193222458796,174.16862990314957,-79.92770026465237,55.01884219876277,1.6606471306471304,0.24823565323565344,0.2313125763125765,-0.01870573870573855,-0.010848595848595655,0.00825,0.04679962148962152,432977540.5307936,97319677.47780722
R8:open,1.6580586080586082,199.7179059091497,39.34944372540311,34.15645221722225,258.3208996943714,4.410229203324739,36.782806040700436,256.0456675181214,-5.979639688762356,44.86379450594993,247.1604642713189,-24.76867428242508,54.824686669270406,201.43676466978172,-76.99985605052154,59.622461957871025,1.6582437932437932,0.2663532763532764,0.24540089540089544,-0.02133903133903131,-0.011870166870166787,0.0045,0.049964006919006924,274581864.4710039,45286801.692210644
R8:short,1.631062271062271,188.3375640323403,39.582867722191615,35.22482319777701,244.78237549929565,4.334760594344951,38.420574113291174,240.15424364187896,-8.46233777683195,44.93247596356618,226.30939645871354,-27.097614370024733,52.72256555662905,182.52153094067967,-78.08688527837174,57.77574952799924,1.6311904761904763,0.25230769230769223,0.23357142857142843,-0.019871794871795023,-0.01020146520146531,0.0075,0.047217545787545764,431920528.83369136,81081681.01814866
R8:parametric:-0.5,1.658864468864469,188.16869345788643,39.03852180371167,42.888421453664236,242.07346926260246,4.115182758431241,43.39451749640728,236.86091891239883,-8.72495488002648,43.10854926402154,223.40009759305283,-26.86460184144228,43.684137795340355,183.02173561210708,-77.2023283900586,47.896179675303344,1.658970288970289,0.24950956450956435,0.2295645095645094,-0.019043549043549157,-0.009977614977615124,0.00825,0.04671433048433046,435730008.1133542,87938112.04763344
R8:parametric:-0.2,1.6594688644688644,169.68071787269446,39.55892275755721,40.29272079338307,218.90978475781057,3.9954975147230574,40.856138870270634,209.37672117691076,-12.0774835757989,38.43756920916122,180.58317502599033,-33.37997128707848,37.1194538651843,141.32614098982899,-80.70823377415888,40.8588115074826,1.6595706145706146,0.22171143671143662,0.20942205942205933,-0.015614570614570666,-0.009369149369149454,0.011,0.041997232397232374,834735395.5383518,154290864.567835
R8:parametric:-0.1,1.6379120879120879,189.43749691778865,39.30164147207275,51.14809555213448,243.68121147015668,4.134374163600587,51.54703281619659,238.59629861720228,-9.332352256631513,49.185564059449135,223.3882605448291,-29.87814726114175,49.06613410237185,177.3871839528144,-81.25094290346449,52.40955179579274,1.638032153032153,0.2519129019129019,0.23257224257224257,-0.021676841676841696,-0.0105962555962556,0.0085,0.04698023606023606,459038040.4941459,87373025.4399718
R8:parametric:-0.05,1.6534249084249084,213.06920602662495,39.266674526154006,50.356050373586235,275.5064580936091,4.510023132898462,56.27976672249598,276.27195107353026,-4.523290073778175,63.04666753005788,272.9358296589727,-23.752027220749895,64.13383386309138,224.68512332058145,-75.73339976567505,63.9706192861691,1.6532458282458282,0.285050875050875,0.26288970288970287,-0.02339234839234844,-0.011304436304436338,0.003,0.053382592592592586,25491266.86654341,13390597.321200244
R8:parametric:+0.05,1.6419413919413919,212.33821028880618,39.70708106674951,52.989384976532904,275.16545594089416,4.500550101289932,52.985841918452046,275.6338756910685,-4.772359999543644,52.60028711360481,270.0440320456719,-24.4482020765041,54.382891094776994,219.45058420838953,-76.84977253813378,59.096674962086446,1.6418559218559219,0.28314407814407816,0.26158730158730165,-0.021068376068376027,-0.011398046398046424,0.003,0.05329496947496948,42201587.74234334,17225059.654155314
R8:parametric:+0.1,1.6491941391941394,205.21487218779447,38.903795004212434,46.97294127283807,262.82146774898604,4.383060675997953,46.952338407984165,263.6115750785647,-4.631584144591551,46.625626544939216,259.2518177904685,-24.178595052974277,49.994077047980404,211.00806211230815,-75.86273391538583,54.395015739992616,1.6491900691900692,0.27097476597476605,0.2512311762311763,-0.019940984940984896,-0.011479446479446376,0.003,0.05095861619861621,209804035.0189284,37346280.63189349
R8:parametric:+0.2,1.6447619047619049,195.95783054926633,39.67859535902446,41.81032966301817,253.6071113253505,4.269237546299159,42.40151826303952,248.7858440046844,-8.728322943640833,42.573475940913525,227.11983540056295,-29.842035655291376,45.138777205924455,181.91962452213795,-78.44393080508021,50.105409789461774,1.6447273097273096,0.25932030932030947,0.24159137159137178,-0.019708994708994565,-0.010240130240130096,0.00675,0.04887734025234028,402368207.06499565,84498138.60628922
R8:parametric:+0.5,1.6612820512820512,191.20914388812372,39.116282986775325,52.47291803288984,245.8358315721697,4.081966508683061,52.89592821248566,238.7813740576129,-10.215180744200723,52.86382614063151,212.87720206039097,-30.95902509858099,53.447169359611266,166.63584474497708,-79.55090097205924,57.33609710972006,1.6615567765567767,0.24954212454212454,0.2348351648351648,-0.017197802197802203,-0.009139194139194229,0.0075,0.04729401098901098,539336105.265247,102475888.22696993
C4:open,1.6475824175824176,209.60629920355814,39.8266869750945,40.27899910075878,273.4099860746172,4.616364718572597,48.859327952398544,274.24615714395685,-4.44794072643149,62.43019642156047,271.79600240553424,-23.470727431901917,72.26889527298599,225.67424720784467,-75.66746693699503,73.7638920889358,1.6475559625559622,0.28449531949531986,0.25931216931216966,-0.026566951566951158,-0.012867317867317485,0.003,0.052930400895400964,26855384.59223417,10461947.350249087
C4:short,1.663901098901099,214.35951530226345,38.974486166030246,47.87662324014923,274.90574995849624,4.377536510001031,47.87988735712094,275.434908806566,-4.725239176497224,48.22435145264771,271.18983976700383,-24.43613240494837,51.87935457791296,219.81632972822158,-77.59242430335479,56.3077849413567,1.6635653235653236,0.28399877899877896,0.26264346764346763,-0.020818070818070744,-0.011349206349206331,0.003,0.05329405982905983,35154057.71398652,15690632.960607838
C4:parametric:-0.5,1.633076923076923,203.22140267224609,39.45163711449645,49.77694655016779,262.2937813081395,4.386343156116672,50.37118462065854,259.8001612417753,-5.574339164610841,50.186852212190374,251.89507440314188,-24.361738339920183,52.887326483384776,206.85462976771078,-75.87682567283778,56.45026128261755,1.6332702482702484,0.26795685795685786,0.25022792022792006,-0.018929588929589014,-0.010870980870980929,0.003,0.05069248880748879,231274542.11216274,47828112.98719401
C4:parametric:-0.2,1.66007326007326,175.4127291744373,39.7232966601733,35.70776645952382,228.51228240035536,4.160100582539618,43.87538137563592,221.22407294143542,-10.314720048295259,48.23143136346105,202.89414842326437,-28.568345213705335,51.40279005234345,165.82760996909667,-77.84761194158472,54.92674641955664,1.660042735042735,0.23352869352869354,0.21761294261294256,-0.018101343101343093,-0.009639804639804628,0.00825,0.04395332112332112,644023150.3054727,115367473.90080412
C4:parametric:-0.1,1.6447619047619049,203.1196022763247,39.42206721679572,50.38109712845679,262.4158696608668,4.394760624547093,50.835509924318934,260.6892490424949,-5.506299965137803,50.815928841467795,252.20510461367277,-24.835178453037784,53.011625868491514,203.48772690669736,-76.58478310400609,57.59450898952631,1.6448392348392349,0.2678713878713879,0.24973951973951974,-0.01881359381359382,-0.01135938135938136,0.003,0.05074530321530321,219828164.21821076,41972138.73391867
C4:parametric:-0.05,1.652820512820513,202.4114021678249,39.334337490212924,62.38069677287726,260.70095041440914,4.379872270620027,62.21212363477579,258.9485671027717,-5.30489892157633,55.70853101308951,252.89934972374195,-24.300617539383513,53.255608629152256,206.8108246693149,-76.47443019136134,56.21290955683912,1.652977207977208,0.2673890923890923,0.24824989824989818,-0.01949735449735457,-0.011438746438746483,0.003,0.05045382580382579,261990908.4217626,43274120.512532234
C4:parametric:+0.05,1.6473809523809524,166.67452690136716,38.18694549421054,30.49118612232543,211.65580096594923,3.6213937914154273,31.540197776543124,200.09471677697948,-15.256177491338047,32.462669831714464,166.52451749288474,-36.25451640797085,34.70840019965079,130.10275319668278,-82.71438962979128,41.241134317887116,1.6474867724867723,0.21687220187220196,0.20276963776963786,-0.017028897028896983,-0.008567358567358463,0.01325,0.04053096052096054,875255622.545596,162786461.92153218
C4:parametric:+0.1,1.6437545787545789,215.47636407158802,38.484943142402614,52.25057482603389,274.53895231641803,4.302913370009987,52.25533427564981,274.9011377702309,-4.760802023316396,52.078032740940216,269.5790324984308,-24.3144942365937,54.34698752637971,218.79059485994927,-76.13244787264381,60.533152219169665,1.6438013838013839,0.2816015466015465,0.26226088726088714,-0.01918599918599928,-0.01173178673178682,0.003,0.053198001628001604,39387205.206891224,16259332.704761367
C4:parametric:+0.2,1.6308608058608058,211.19273453154597,39.292459792165204,43.718979420013014,274.069396787029,4.613751469977185,50.44292116925129,275.6048325619703,-4.418052205231273,65.64088580199453,272.882379337084,-23.738880872359726,71.82577027832315,223.0112301099407,-75.50850637881832,71.24493180643907,1.631111111111111,0.2842185592185594,0.26145299145299167,-0.02442612942612926,-0.012136752136751916,0.003,0.053140982905982945,42983028.23768731,10579898.46810321
C4:parametric:+0.5,1.6564468864468864,151.13476285507767,39.2314443108519,24.120197663674396,193.9194525512667,3.6642267577701313,25.74851201087346,178.5201859180797,-16.849667846046163,21.923531804166657,134.0987779448878,-37.54591417899961,21.159358607807125,101.19745506502164,-82.10847900846102,28.666371158200317,1.6564000814000812,0.19385632885632897,0.1853947903947905,-0.011638176638176567,-0.008213268213268121,0.01375,0.03695687016687019,1153273669.425248,222742940.05346486
C4:cap_degradation:+0.2,1.65,213.11558197976007,39.08700508681909,47.0946844996332,273.72486756953606,4.43244667220902,47.11665058998115,275.10955875615895,-4.458574972088558,50.91461335535108,271.96787756536,-23.697868159719288,57.01751934166925,224.27624643646317,-75.68035399411589,60.32360728039018,1.6498087098087098,0.28425722425722433,0.2612901912901914,-0.024387464387464253,-0.012702482702482587,0.003,0.053077800162800184,46282127.1079663,15238998.33650583
C4:cap_degradation:+0.5,1.6451648351648351,182.96340876417466,39.593122806751396,47.7839886006496,237.48816195072146,4.350420144622094,43.92199366555745,235.57375663864875,-9.5300301620399,46.431202768924116,220.05394786676192,-29.149396393212655,52.710225087388764,178.2795557404589,-78.52085169839964,56.37837703012176,1.645189255189255,0.25039682539682556,0.22662393162393168,-0.024200244200244136,-0.009694749694749594,0.00825,0.04597148962148964,473566803.68717337,86094971.73616761
R9:open,1.6447619047619049,207.37286808965476,40.009721533064265,58.312657203159226,270.00017032994754,4.637079944912617,58.39918707591601,272.23603229682504,-4.5424509996713756,61.735841109969385,268.66807199026175,-24.25337601859416,73.15987283437082,217.22200203335794,-76.5790990916393,88.42535580763419,1.6447008547008546,0.279896214896215,0.2575335775335776,-0.022905982905982836,-0.011825396825396739,0.003,0.052398601953601964,47418414.31339613,15366165.224115318
R9:short,1.6542307692307692,188.1487592698567,39.75877709631491,31.907431492155524,245.0490478711696,4.442237744685121,37.49554716353836,242.1186981915182,-8.510988106118475,54.7465423110241,225.69041767071846,-27.483464438138117,64.94633057075173,183.9951695336389,-76.11606738267531,67.4126770876866,1.6541595441595442,0.25573056573056563,0.2333679283679283,-0.02410459910459911,-0.010404965404965383,0.0075,0.047352120472120465,445694088.166023,74868066.87738386
R9:parametric:-0.5,1.647985347985348,213.60379769950885,38.731871933160534,53.589597834878674,273.0113041363551,4.40595500118947,52.84359548194339,275.39997738800116,-4.419259670363305,51.752616260375525,272.47410475331304,-23.944424356293545,55.82599742756089,223.1684611796785,-76.53656971450299,59.59104408561953,1.6481684981684983,0.2842857142857142,0.26010989010989005,-0.024761904761904818,-0.01166666666666677,0.003,0.0529853846153846,48121142.09503015,15971481.256477017
R9:parametric:-0.2,1.658864468864469,186.86172888484964,38.26570532391586,35.49859126993894,237.3322472162711,3.98470489300231,36.036468237716484,232.7433158362034,-8.99099167253611,38.003567839857524,220.34831000949578,-26.82608954865617,41.02053148122738,179.617630587038,-77.41900401992342,44.12804023167073,1.6586955636955636,0.2465608465608466,0.2258099308099309,-0.020984940984940914,-0.009501424501424494,0.008749999999999999,0.04582017297517298,475506325.08560246,87056691.34219588
R9:parametric:-0.1,1.6477838827838829,211.14522659415834,39.39998230271205,63.22386772184386,272.4158680596866,4.450715071033949,62.69097191389497,272.9953701641931,-4.677437708048226,52.95604969367557,268.3072806874204,-24.16560824920649,52.07428065086377,218.13437602459618,-76.04883316004288,55.15674274541513,1.647903947903948,0.2801180301180302,0.2601729751729753,-0.020266585266585202,-0.012207977207977172,0.003,0.052788477818477834,78143727.48762253,18483460.379119903
R9:parametric:-0.05,1.6455677655677654,213.446661144156,38.74654230398241,60.59062875824639,272.90115950899263,4.3490326481156965,60.64787932453396,273.4706260985506,-4.643315986666644,59.700329817032184,269.6243288348757,-24.047193162247275,58.40051626686773,221.87041044890563,-76.92158233643673,60.07652923511299,1.6457081807081806,0.2829181929181931,0.2601526251526253,-0.021495726495726453,-0.01162393162393155,0.003,0.05286841880341883,33931303.86117877,15613789.012245417
R9:parametric:+0.05,1.6467765567765569,209.01518235698842,40.04839429031509,44.09856976330381,272.3015968941575,4.587575274492199,50.31242429742785,273.29573140711113,-4.516981228828017,59.534571754334564,269.93295673562875,-23.90662627719344,69.86253951404943,220.3808724204582,-75.8855918864061,74.4595998302186,1.6469373219373218,0.28148758648758665,0.25952787952787965,-0.022120472120471968,-0.01204721204721193,0.003,0.05274689458689461,53356524.21534523,13796558.53080638
R9:parametric:+0.1,1.660879120879121,205.6315104632592,38.57652091500763,43.31522487049995,262.15489738427686,4.198542695202834,43.87435432976525,258.95925210978584,-6.333511527037866,43.058708837974926,246.44103828810358,-25.56300129338159,48.29925506216344,199.10062984725448,-77.26725365686713,55.09954510404587,1.661159951159951,0.26827228327228325,0.25074481074481075,-0.017808302808302756,-0.010958485958485975,0.005,0.05070097680097681,259348575.0583167,50359815.1200891
R9:parametric:+0.2,1.6657142857142857,195.7725803919719,38.99840653068984,42.75776468108561,250.83943116193115,4.161531996973978,43.330013593915176,246.55423123334404,-8.523901731768637,43.063851027943706,226.32603977251455,-30.631987559691563,42.578296755665754,176.36129744279012,-80.54128369763163,44.69058791713462,1.6656043956043955,0.255970695970696,0.23904761904761906,-0.018021978021978025,-0.00976190476190475,0.006500000000000001,0.04839336996336996,415633243.27537596,88040300.78023835
R9:parametric:+0.5,1.6536263736263737,212.73508755756984,39.27032394975522,52.40289345996127,273.9719469161198,4.428601996154623,52.41234258630121,274.11559270698575,-4.688400911344138,53.279729739753435,269.8233429087354,-23.8030780038084,58.31622531699874,222.3628994431771,-75.83055950338239,65.0080497207448,1.6534778184778185,0.2821998371998371,0.2606430606430606,-0.021005291005291082,-0.011737891737891804,0.003,0.053091011396011384,58412378.69740956,15478829.748628471
C5:open,1.6596703296703297,0.9937954517615647,0.47267620552776735,40.87624126910391,1.028382059847848,-1.8076006297134355,41.91014595229058,1.0290969564818377,-5.763336771876909,47.18309249231757,1.0342385398514635,-23.988937915345023,56.82950512668539,0.9020691440480113,-75.97585718165013,61.49803578294937,1.6594566544566545,0.004041514041513983,0.0010195360195359715,-0.0032112332112332886,-0.00039072039072041154,0.08524999999999999,0.00021297313797312667,293604.61002768204,17088.323776833968
C5:short,2.110750915750916,208.5946404776582,-0.09819306798384156,38.640157993546886,208.57060175137912,-0.8739608641360961,38.642012059609726,196.8207286622366,-14.2424896907154,37.71344266355588,170.27609867500743,-35.29081440482122,35.169832895854775,132.01147929990586,-82.51079778062302,37.89280328470479,2.1108302808302812,0.2126678876678873,0.2094444444444441,-0.004511599511599795,-0.00068376068376097,0.0145,0.04081528083028077,842941894.2687055,172979292.17777452
C5:parametric:-0.5,1.6546336996336997,133.472051873301,58.40617522566008,36.650349106501714,251.41354544440426,8.8802759219093,38.28279852619413,250.20768566520368,-6.181163933703168,38.89796286849964,235.95093842131146,-25.878710452258858,44.895838215545844,191.91799832474157,-76.6306157188005,51.31017695577508,1.6546886446886446,0.25701465201465207,0.2302197802197803,-0.030274725274725245,-0.01758241758241752,0.00375,0.04784163003663005,373532074.1353203,71209832.03313528
C5:parametric:-0.2,1.6415384615384614,190.6949820197319,45.15919424150489,53.12858523302289,269.1767379885386,5.517531624304788,53.044540097466324,270.3169988300073,-4.478092970933333,50.529747389578645,267.15727225258917,-23.674259298100587,53.70674780197936,219.9252879408532,-75.61708121332519,57.83785235507621,1.6414489214489212,0.2791188441188443,0.2541371591371593,-0.02589947089947081,-0.013811558811558655,0.003,0.05195462962962966,76043348.44523093,17057181.197206944
C5:parametric:-0.1,1.6429487179487179,162.624344990357,41.91563036027213,29.637548961367543,218.00224939179787,4.326022070457771,30.25593136808637,207.64399053413143,-14.57813320026199,31.87261160671466,171.70154713301815,-35.43909279796231,38.547809052202695,133.77947135202885,-80.63917873709008,45.84858647283812,1.6429894179894178,0.22257834757834777,0.2076699226699229,-0.018575498575498395,-0.009912494912494685,0.012,0.04166493691493696,843738686.7089537,162121982.37763453
C5:parametric:-0.05,1.6491941391941392,160.57465840349397,40.80201816670211,25.63867563898754,210.84816428068464,4.155988460769233,31.527603026913283,200.92816652496174,-12.849358773340468,40.024796745043936,175.41621077456392,-32.95224856422427,43.913280002162,138.4536076160819,-80.70663301274803,49.4147932668628,1.649043549043549,0.21793447293447293,0.20040700040700038,-0.019190069190069214,-0.008915343915343987,0.012,0.04041905575905576,862316858.7649662,153577015.39138752
C5:parametric:+0.05,1.6534249084249084,179.81333185496288,37.42882094537229,32.56126239396292,226.08074230294918,3.7801497094451806,32.9083187912183,217.68101045966034,-9.278354782692663,32.025483388850596,200.62282237612862,-26.220356243305677,37.058724290163276,162.67709919148032,-75.58844379824227,44.01680031339763,1.6534228734228733,0.22866503866503873,0.21677859177859182,-0.014704924704924627,-0.00866096866096866,0.00925,0.04354126780626782,659097373.2352593,118175672.96107645
C5:parametric:+0.1,1.6647069597069597,193.7734069562608,36.80434159992205,38.0832051425917,241.09837077274815,3.7331822620167157,38.59028481840349,235.10912396986546,-9.148094323078535,38.72738638116694,220.19408336461086,-27.46559654911369,42.09688297562156,176.84927477512645,-78.2115376098784,47.90357248314772,1.6646438746438748,0.24665649165649156,0.2315466015466015,-0.016054131054131116,-0.00900284900284909,0.00825,0.04656759869759869,452070259.46171814,87202992.55826123
C5:parametric:+0.2,1.6586630036630037,145.00533678708504,33.84424280924594,25.035472495961912,174.63305078487835,2.5525377890923346,26.2180510506754,155.38843194458917,-20.504105337569143,24.924595784324016,116.12558148055345,-37.99654225847926,22.82674652156899,91.52765382781712,-80.21956452082671,28.603194150154344,1.6584188034188032,0.17672771672771687,0.16846764346764365,-0.011037851037850821,-0.006202686202685992,0.0195,0.0331703235653236,1245955141.8158202,239232505.58281922
C5:parametric:+0.5,1.653021978021978,212.8333057536142,28.461234598740344,37.90154031133371,242.83641862920652,2.5751938594572272,41.99200531312357,236.5550691214945,-9.457314205217328,48.0750904171101,222.81920481259615,-27.48258877877839,50.63184310746811,182.47944981850753,-78.45662306983526,52.95082342836472,1.653074888074888,0.2515771265771266,0.2354599104599105,-0.016774521774521767,-0.0071041921041921086,0.009,0.04712602971102971,430886987.1932708,87422291.33446991
C5:cap_degradation:+0.2,1.6653113553113552,153.9238851299931,45.24392209323381,47.81595637949725,218.8572145223705,4.8785148885247835,46.907703588419366,207.89187096889248,-15.265949006888377,40.32322061604241,170.92179172583238,-37.91204693507956,37.76383645609703,128.22007215836697,-83.45098056959799,40.586560533439396,1.665569800569801,0.22175620675620644,0.2062433862433859,-0.017584452584452903,-0.011137566137566446,0.012750000000000001,0.041679006919006854,830685256.7976677,169586960.01826984
C5:cap_degradation:+0.5,1.65503663003663,129.18411294710057,58.050145746980355,43.415085150973894,240.0401922639206,8.54411889025705,44.84759867517027,236.65381046464796,-9.629056505226599,44.505846798089195,220.09965653101227,-31.473415233966136,44.30045202123768,169.55286968401558,-81.46728259449868,47.56137387558512,1.6551831501831502,0.24584249084249088,0.22045787545787543,-0.028351648351648273,-0.016666666666666607,0.008,0.04560256410256411,436909897.2321765,97852608.02534527
R10:open,1.6602747252747252,213.67705164899328,0.10737161236260143,35.62862784513081,213.59781800282144,-0.8461934746810461,35.62397532028514,201.8172321424788,-14.564421065978317,35.06825349844783,171.22756927147265,-34.95331212492067,35.59804605242381,134.14201238629542,-80.7464962716016,41.44897786756928,1.6602442002442,0.21882173382173398,0.2137851037851039,-0.005006105006104822,-0.0007753357753356172,0.014,0.04180610500610504,840563252.4162029,163179043.4337137
R10:short,1.6592673992673992,0.019444316852331882,69.36049600484073,35.3657543026945,0.02614687016611837,104.97266019472912,33.815926195246945,0.018125147348790175,72.82639694414799,33.674183953663615,0.04553433437376029,43.72990198972093,39.070981063914445,0.15321183101757244,-9.256309770851747,43.32861925064735,1.6591758241758243,0.0029120879120877463,-0.00010989010989026493,-0.003131868131868276,0.00029304029304011436,0.09375,-2.032967032995935e-06,49963.86273296858,54204.65043646328
R10:parametric:-0.5,1.6334798534798534,138.53333473391456,58.13740054224068,38.60740016205536,259.1572072211532,8.900153969636605,39.34482644596832,261.62771820893374,-4.7313343358927655,42.128328808196954,255.78982789099527,-24.34194885470345,52.106149397451176,207.06780658993299,-76.38027114142925,59.096198121350824,1.6336324786324785,0.2667887667887669,0.23757631257631273,-0.030775335775335644,-0.01747863247863235,0.003,0.04947128815628818,203283037.31271514,35364691.12443112
R10:parametric:-0.2,1.6407326007326009,169.72949353552258,45.410324346702936,38.53422142326782,240.49428259225397,5.290039155701406,44.364848830456566,235.88707990535022,-8.330216545716342,49.68132221931327,223.78582055955215,-27.501671235030187,51.72960172112977,183.0723242755174,-77.30284777219721,55.92453030132822,1.640769230769231,0.24917582417582407,0.22802197802197788,-0.022600732600732698,-0.011318681318681412,0.00725,0.04620536630036628,446020526.9154637,86208817.15915966
R10:parametric:-0.1,1.6516117216117217,182.25478642797606,42.216767324669746,40.23577789489047,245.4666261901758,4.663789437010908,40.87466087561201,240.2114426788723,-8.853472310692261,40.654984573045354,223.5162607224951,-27.48630919928715,41.73194091729799,181.53166756589886,-75.90455377519277,48.557148350825436,1.6517826617826616,0.25065323565323583,0.23312576312576327,-0.019310134310134175,-0.01044566544566533,0.007500000000000001,0.04722048229548233,438988449.19898707,90200744.33264768
R10:parametric:-0.05,1.6354945054945056,209.70397960119993,40.76842521868629,58.360597104015596,276.02263118062626,4.679252151601977,58.332116189456336,276.51463230719827,-4.822504726849109,57.56304278851567,270.44437705447467,-24.79796375756346,57.758645791409386,217.6908785345529,-77.28135141617426,61.3088373153169,1.6354171754171756,0.28313593813593807,0.2625864875864875,-0.020875050875050982,-0.012010582010582083,0.003,0.05343678469678467,43422834.79029792,19117137.251036797
R10:parametric:+0.05,1.6493956043956044,193.3527166185746,37.31565279544951,42.17768335952803,242.46813906600582,3.762058048503804,42.650963879935624,234.58432671139445,-10.614246367624364,41.91470589644389,204.27457188970766,-31.434851060013564,41.79813598413723,160.00539231224673,-79.4711300167185,44.57495256117156,1.6492897842897842,0.24629629629629646,0.23179080179080191,-0.01560846560846546,-0.009363044363044193,0.00825,0.04667909442409446,599115337.251732,123484390.92254303
R10:parametric:+0.1,1.6365018315018314,198.6788653385866,36.36269842581876,44.85725888865408,246.34687797548054,3.648007225098131,45.30665638772206,241.14691852481528,-10.33387166528783,45.223987869209154,218.01637371738613,-33.06515284152365,47.08043465717744,172.60446024019205,-80.88013320688069,54.66208731792441,1.636184371184371,0.25275335775335783,0.23623321123321128,-0.01801587301587293,-0.00975579975579971,0.0075,0.04755609279609281,436249888.77162725,96044690.53905118
R10:parametric:+0.2,1.6512087912087912,207.65119333054,33.59767629509008,50.984673141724336,249.0164827936719,3.285546773300948,51.35462200266268,243.1880185642926,-9.041729526720328,51.252814922294746,225.79811725726688,-27.680074511302504,53.49515093917887,184.93292096103275,-76.69631852336872,59.51971129903649,1.6509238909238908,0.255944240944241,0.24002849002849008,-0.01663817663817657,-0.008378103378103297,0.0075,0.04820575295075295,434894863.94297224,85623621.85132936
R10:parametric:+0.5,1.6504029304029304,190.2701929461452,28.48710043554106,29.19171417387593,217.5680635160708,2.452170528220178,35.18333318480958,207.66477992624414,-11.70899598074281,41.51720449999617,181.74209645301949,-31.25165205105533,44.893287926964035,143.6351171836009,-78.97556584910272,51.217887416409624,1.6503256003256004,0.22168905168905173,0.2106084656084657,-0.012816442816442786,-0.006369556369556328,0.01125,0.04205339641839643,835058936.0235555,150872047.1750419
R11:open,1.64496336996337,3.06669187975578,39.42784775064087,54.738278663162646,3.9655766850090934,4.532664846340128,55.42696055083716,4.055665933974565,-4.817615901463036,55.99093814662381,3.924295967166102,-25.170632588129088,57.36330242758674,3.0946279339724936,-77.08491045016666,63.174446206633895,1.6447680097680097,0.006843711843711853,0.004023199023199142,-0.0032295482295481293,0.00019536019536026128,0.09975,0.0007770390720390914,536327.5281366737,246317.38703520474
R11:short,2.4494139194139195,0.032223109385521455,62.816956774339886,38.893261911021625,0.04292443086796141,8.688395601972434,32.03096019645147,0.016866730875130395,-25.522021698428468,36.06488371628459,0.044587621425616356,-29.023625631344487,39.18266763978308,0.01832451038061127,-123.39651475104945,28.52037029582741,2.4492470492470493,0.8024013024013024,0.7991778591778592,-0.003459503459503589,-0.0004375254375253764,0.062,0.15837494912494912,33070.48675640774,66404.10257215808
R11:parametric:-0.5,1.6576556776556777,277.2471727931099,38.67995821056175,25.171403134793792,355.757159530775,3.2727737585936945,29.871800159300335,319.2603888336988,-22.249429829885283,35.088113056039845,224.36999775871575,-45.05228815636823,34.000451330111375,167.21139661503267,-86.18309173363401,35.06762475213043,1.6576027676027674,0.3594668294668298,0.3397232397232401,-0.02432437932437903,-0.014049654049653748,0.01875,0.06731184574684582,1240399370.6362956,493588397.4441846
R11:parametric:-0.2,1.6314652014652014,216.50644286691235,38.62507260176595,36.20008506401083,275.9767717880375,3.836757876123788,37.28457184850104,262.5108583788763,-12.079072990818005,36.68041732781644,228.3816852932374,-30.5652324006726,37.34295741188899,181.819182372209,-78.42691239057251,43.47342119063178,1.6314875864875864,0.2804171754171754,0.2630911680911681,-0.01896011396011399,-0.010700040700040714,0.011,0.05296555962555962,845069123.8379691,178478871.5702718
R11:parametric:-0.1,1.6363003663003663,180.03741615618588,39.31716398763537,36.560108612216155,232.94147107458645,3.779644456095872,37.61693098149426,219.90930216233426,-15.177735646073723,34.81448835725308,185.45966271708426,-35.17061175754903,31.05023535071498,144.0645145898106,-81.60708216018173,36.21368319569956,1.6364448514448515,0.23677859177859156,0.22247456247456232,-0.01666463166463189,-0.00921041921041943,0.0135,0.04453298941798939,846145823.9798393,190437869.63275135
R11:parametric:-0.05,1.6592673992673992,224.15407889920493,38.731267099178986,46.62609641161338,287.259917597542,4.369406772325358,49.495904291043075,287.38992746006375,-4.824975865518509,56.70317570049459,282.1331007100481,-24.34500923402974,64.42975697030401,229.2175880869725,-76.90752887256991,68.49343891615968,1.6593304843304844,0.2962922262922264,0.2745339845339846,-0.021619861619861513,-0.01174806674806661,0.003,0.0556572547822548,52624313.08222303,16256008.666156247
R11:parametric:+0.05,1.6516117216117217,205.30657444697212,38.93978931144025,60.477348554587415,263.1724377818184,4.37806482774713,60.43995887787541,263.6403720288641,-4.746695418203022,59.27529999542229,258.2800031121491,-24.49045031046319,57.538540565791024,209.010428761713,-76.28337649171664,61.11510352094147,1.6516646316646317,0.26970899470899473,0.25036833536833536,-0.018587708587708585,-0.011939356939356993,0.003,0.050998392348392346,37492847.75266343,18615152.65361874
R11:parametric:+0.1,1.6574542124542124,191.34686815032214,39.35542999416339,54.82325145037003,246.83999749442296,4.605025215503589,54.92823772334911,250.41326307171556,-4.460333122539524,58.573421282329065,246.35645020537612,-24.13295411462683,61.773818307657976,200.72468388147757,-75.79685160992777,66.27573912636291,1.6573829873829873,0.2577452177452178,0.23497964997965004,-0.021485551485551424,-0.010606430606430572,0.003,0.04800869556369557,50698278.67716997,17692586.63411929
R11:parametric:+0.2,1.6397252747252749,170.9447884064818,39.101099754645496,45.15427848180266,219.61164390093006,4.345642299682603,45.72836209544528,218.57597836151942,-5.462643533348424,44.12183284941252,211.72269717619213,-24.915765143392036,46.90364498049868,171.7150944333767,-77.32780797230586,53.23070393275696,1.6398188848188848,0.22554741554741553,0.21043752543752542,-0.016613756613756636,-0.008555148555148606,0.0032500000000000003,0.04251138787138787,189486525.42885166,36692526.88841923
R11:parametric:+0.5,1.6348901098901099,141.82123268617673,39.31306561825605,43.42718504598284,183.53774445872492,4.537030645033911,49.405506261624424,183.8430234589736,-4.66192999592646,56.50948795444787,181.16334308548232,-23.8798359596102,65.65694398527067,148.65500024915346,-76.31186025669356,65.76116611974851,1.634847374847375,0.18921855921855912,0.17531746031746015,-0.014462759462759545,-0.008015873015873143,0.003,0.035550836385836365,30749875.498485886,9572313.171885537
R12:open,2.450018315018315,0.033704175500293754,70.50699368889627,49.24845997816886,0.04140898899590927,1.7491688966454113,43.16219673678235,0.022267852245937553,23.810743231792753,41.83781205054055,0.028648974773874486,49.56545445095382,51.37609192285373,0.03452992306293006,34.35665449471582,47.59414817086527,2.449916564916565,0.8027391127391129,0.8001200651200652,-0.003121693121693154,0.00030321530321541883,0.0315,0.15843163207163208,18371.461451405223,21676.30848142453
R12:short,1.6536263736263737,2.9304510340242724,39.400609174806924,46.05213603647827,3.7516037037364915,4.268646860637011,46.436342391784066,3.7790947350173347,-5.706290199984837,50.93797178372124,3.592279113790766,-24.565463909993255,60.65990256693891,2.9288073772028937,-75.70425889362691,65.87480484580726,1.6537667887667886,0.006507936507936685,0.0048962148962150565,-0.0037667887667886535,6.105006105017186e-05,0.07175000000000001,0.0007290231990232244,3304454.826746492,658280.5393136336
R12:parametric:-0.5,1.647985347985348,109.02067397373528,39.11697961502561,60.14240765005365,140.0617253385483,4.4055319342153725,60.145398646819956,140.43639942727265,-4.660963027127186,59.37086704949809,138.50159525421896,-24.52460609998502,56.99039377609556,111.68234519058139,-77.62182098101214,56.81824392884492,1.6480097680097678,0.14523199023199046,0.13274114774114798,-0.01170940170940149,-0.005262515262515033,0.003,0.027138925518925563,14425138.078694146,8770081.285471028
R12:parametric:-0.2,1.6554395604395604,152.17414192401822,38.939459053511754,48.723660233253156,195.29368075497703,4.019085500441346,49.275332553007445,190.64459502126044,-10.762611238118899,49.138095695172005,174.05866701648478,-32.11664363472929,50.4204612124475,135.38887807966,-80.87058608915235,56.177082963651046,1.6554212454212454,0.1990659340659341,0.18637362637362642,-0.013882783882783911,-0.008040293040293023,0.008,0.03761137362637363,429879086.31959444,75302982.26100169
R12:parametric:-0.1,1.6485897435897436,166.5799335478035,39.79292983529089,40.88662788399628,217.22180141536728,4.422080367898321,47.053842640748684,215.21876151854173,-7.781588711391857,54.792553222690245,204.53979604189777,-27.37190484979129,59.17459934329703,167.284124571313,-77.28188618010816,61.45021266374971,1.6484208384208383,0.22762311762311777,0.20707366707366714,-0.021186406186406048,-0.010911680911680766,0.00725,0.04199575905575907,438436056.1725717,76798372.3850089
R12:parametric:-0.05,1.6560439560439562,177.75292922141583,39.79075443923223,40.27896130520965,231.12921485722566,4.24118247884393,48.26952971631806,225.9630932861548,-9.53088509921828,55.18178847721019,209.84419689410578,-30.523626033064026,52.0175357912005,165.47419375740301,-80.44598154677351,53.49432600611113,1.6562596662596663,0.23751322751322756,0.22018722018722026,-0.01754171754171746,-0.00988603988603981,0.008,0.044530630850630866,432491707.1924304,83967248.72349235
R12:parametric:+0.05,1.66007326007326,195.99962339842955,39.47613913792234,30.747208840087673,253.25004599150947,4.404241617581143,30.76114143200775,251.2580225066964,-9.03330155014756,33.192248747040395,231.9347369303462,-29.762332944545207,38.31509982788178,184.555828553046,-79.08088777775126,42.52934936155783,1.66014652014652,0.2634432234432235,0.24208791208791225,-0.023644688644688494,-0.010750915750915635,0.007500000000000001,0.04906247252747255,491672314.35557824,93860762.45343426
R12:parametric:+0.1,1.6534249084249084,235.1443433214419,38.89172190244,52.74793457742494,301.23716909111226,4.37007928252093,52.61182266850641,301.5619785362039,-4.761874002376882,49.776145108776674,296.267239116496,-24.361208651107695,52.87442099243767,239.82177265114984,-76.7144095370983,56.23653260363483,1.6535693935693936,0.3087016687016688,0.28714489214489225,-0.022305657305657145,-0.012635327635327542,0.003,0.058384326414326435,51287343.55608755,18009144.030204613
R12:parametric:+0.2,1.6419413919413919,194.56072312763305,38.83763258717176,42.80070894537501,249.25680538135978,3.744129856985958,43.08074875781351,235.22250880797526,-13.847087796518558,38.43924076450104,204.6850680390618,-31.602234136301735,36.57648768521143,167.48250761262187,-78.49508656035859,37.895291536472236,1.642303622303622,0.25610297110297126,0.23776963776963794,-0.019501424501424336,-0.010032560032559867,0.0135,0.04774572242572246,840401045.5394267,196354312.452088
R12:parametric:+0.5,1.6602747252747254,316.1976056773256,39.23960565055631,51.6537055040793,407.52967558349843,4.624706112653202,52.17700932001278,412.8148886010159,-4.40969278485068,56.44632530480449,407.3990609859577,-23.743339640178434,58.73828954950425,337.1542109641154,-75.45349998946537,61.597539322659784,1.6602319902319902,0.4253357753357755,0.388870573870574,-0.03803418803418801,-0.016880341880341876,0.003,0.07927442612942613,72013362.00012866,25259290.3593786
R13:open,1.6215934065934066,10.956003175945673,-48.261707682134706,48.18024316063938,1.4035182341174652,-86.06072614700969,47.93792655718005,0.05634426360268807,-48.82589075635847,35.7321731714038,0.034156792813271775,-57.59023602312278,34.887406864252945,0.02413960155341245,-99.27691820325703,20.95072771422662,1.6215486365486365,0.0032682132682133602,0.0012535612535612417,-0.002372812372812394,0.0016564916564916765,0.096,6.717745217745929e-05,48361.39018989584,27865.081505267943
R13:short,1.6417399267399269,180.12051002286742,38.95956282319408,37.19666445188928,231.623559092147,4.233782808205947,37.742154302256345,227.66554479715046,-6.848142998708571,39.601537510759655,213.50938419294275,-14.977761509051996,41.8564417254257,185.406775209931,-33.14958364200525,45.57658600694549,1.6418030118030118,0.2346438746438746,0.22074277574277568,-0.015374440374440412,-0.00892755392755401,0.008,0.04486415954415954,461434300.8129843,94610803.10941494
R13:parametric:-0.5,1.6546336996336997,195.95533048919344,39.342845542882806,41.35765105992757,253.4614787276644,4.3188029408318185,44.853045747861,249.12072323095322,-7.437125571711498,50.62782556675731,228.7634454028248,-24.106629433917163,51.6445538437068,200.15219276445015,-58.54569200251697,54.58492852796549,1.654794464794465,0.25711029711029687,0.2399857549857548,-0.01607651607651628,-0.010636955636955825,0.005750000000000001,0.048950081400081356,411501393.4399666,87474484.15959169
R13:parametric:-0.2,1.65503663003663,205.5545572834993,39.165086298222825,42.25360890062251,265.15218299366734,4.4641147539047275,44.88915038546864,265.55507745038494,-5.140637614938082,50.231437752223854,255.08932834565016,-23.692385261394758,56.41176417054424,213.92343467493643,-70.51011267032885,59.73597378679625,1.6551831501831502,0.27344322344322336,0.2528937728937728,-0.02230769230769236,-0.01142857142857151,0.004,0.05140657509157508,186181960.31072408,44142562.481437854
R13:parametric:-0.1,1.6572527472527474,209.92135113927822,40.16741971617917,40.45352633707287,275.2019166310868,4.690819159213397,46.81134457712522,276.07702343893857,-4.2983967917582095,59.82853893637451,272.720477015085,-22.592787497389963,67.9440287432556,229.40220092557036,-71.53130971145947,71.01681327147172,1.6573768823768824,0.28454619454619456,0.261982091982092,-0.02208384208384212,-0.01281644281644273,0.003,0.05332799348799349,24082049.889778756,11791378.227827843
R13:parametric:-0.05,1.6467765567765569,193.1311231859222,38.93409632752211,38.17412540086329,247.0659576159821,4.133430626346544,38.16034265920213,241.4809781915719,-8.331509041765045,37.6581851894409,225.8468166771181,-26.411063690116166,42.08325556960961,185.550286821517,-75.34589626571633,48.261306368033,1.6467806267806269,0.25223036223036216,0.2363146113146113,-0.018538868538868547,-0.009472934472934569,0.00725,0.047676127391127386,447921583.92502993,83299681.48850659
R13:parametric:+0.05,1.6387179487179488,209.6049341267396,39.505555219142664,44.07347255655979,270.857124907939,4.507565601799728,44.09445299410932,272.1470999944063,-4.614335785417398,46.78961078134154,268.2063755201171,-23.874385172280967,55.1974302502972,220.37489474030622,-76.2924373736096,62.76616236932031,1.639086284086284,0.28007122507122506,0.2587159137159137,-0.022730972730972743,-0.010441595441595453,0.003,0.0525099592999593,64920680.309059106,14971203.03333254
R13:parametric:+0.1,1.6401282051282051,161.88905828336897,39.82420973778305,47.52594990801447,209.94209926381512,3.882564260320396,47.710047495190025,198.06044798477515,-13.934160423218207,40.96498960465699,171.96761982107014,-33.07103268138586,39.99741696130418,132.46027936908783,-82.60426163827498,44.341501882004415,1.640136345136345,0.2137464387464389,0.20044973544973554,-0.015319495319495169,-0.01008140008139996,0.013,0.04017677859177861,841432202.3259119,150727034.43500584
R13:parametric:+0.2,1.6497985347985349,212.75030580019876,39.41155761933098,51.383548738203736,275.27014496421555,4.48128968227446,54.464407202596,276.06574103059654,-4.941459726699154,61.04080769439345,272.5977247377315,-26.070191859824742,67.24308159560049,211.1051816748683,-83.18436247824911,68.84085150374344,1.6496499796499797,0.28562474562474566,0.2624562474562474,-0.02241554741554741,-0.011939356939356938,0.003,0.05331201872201871,24229258.516159423,13927607.720075648
R13:parametric:+0.5,1.6336813186813186,190.2575043343652,39.23219968680614,43.320735733080326,245.37929699260576,4.141105523983197,49.35886076597091,240.44918940689712,-9.287117793235126,53.35838471138076,224.77730769694512,-32.78128684412267,54.59231501938318,152.68711948525595,-92.6157841063816,60.75119264275346,1.6336752136752137,0.251031746031746,0.23491452991452988,-0.018528693528693574,-0.010873015873015923,0.00825,0.04729557997557997,429696211.2781355,78824970.26408683
R14:open,1.6487912087912089,10.708403232805988,-47.053218790742505,46.62945076325914,1.4033194226259005,-86.04740560082354,54.1851617065476,0.0538423520564973,-115.57162092292083,44.19932721891725,0.029260843022219696,-166.88974676955945,35.922845406945626,0.036418316177794584,-148.5125429233779,34.97867958508348,1.648931623931624,0.0032844932844931507,0.0006654456654455743,-0.002356532356532437,0.0006654456654455743,0.11375,8.534188034186457e-05,41585.1492837499,36084.493782046455
R14:short,1.6411355311355311,208.9954015799096,40.47777289495811,39.784928713745146,274.8337860807039,4.803608539275411,47.82782288119742,275.26263059194457,-2.34275262777546,61.01267282900388,268.06875951674385,-11.977534572681375,70.44929705097755,234.7701012331621,-32.16619498575165,77.5410914306737,1.6411579161579162,0.27679080179080184,0.2622853072853073,-0.01734839234839236,-0.011908831908831852,0.002,0.053359424094424096,33044039.744339768,12561181.97228759
R14:parametric:-0.5,1.651007326007326,196.03539435136526,40.12165641120983,45.780523657742954,255.7105412189021,4.6781804933948745,46.431239437575435,257.5505293314604,-4.014054970091427,47.474953742991815,250.02447636478746,-18.56047699875794,51.53489974341856,225.00852063271498,-55.22527912986207,55.461573199651326,1.6508933658933658,0.2626231176231179,0.2428795278795281,-0.020838420838420635,-0.010765160765160542,0.0022500000000000003,0.04966865282865287,263167075.23670876,43776751.22859716
R14:parametric:-0.2,1.659065934065934,181.04703399964836,39.5505063343814,37.12842054932388,235.08078105046195,4.373919446224309,37.421357306265016,232.4490950578196,-8.444639025616505,37.24625754993873,218.81902158653313,-25.999961472094554,40.019290713302325,184.3681313711383,-69.8383727427996,45.51220118139263,1.658951973951974,0.24328245828245815,0.2245461945461944,-0.019226699226699284,-0.009757834757834927,0.00825,0.0455390191290191,465256469.62179506,97554009.62670113
R14:parametric:-0.1,1.6493956043956044,213.18917654276424,38.6639610684802,46.425880746255956,272.23471508602404,4.353690485608498,46.41020828476426,272.81423795316755,-4.505684373552366,46.671155078895204,268.71766608451287,-23.526109431415996,50.95145376921764,221.7379574840317,-73.95415626809758,55.696583035935134,1.6493243793243793,0.2799063899063899,0.26016280016280025,-0.019470899470899472,-0.011210826210826197,0.003,0.05278825600325601,68610323.97274557,18656356.52350464
R14:parametric:-0.05,1.6463736263736264,213.20959810947076,39.63951300289339,52.578425053209926,276.9232571852277,4.568243421327647,53.75404668575269,277.59518994258394,-4.485604762769262,60.16158406028602,272.9824371801813,-23.27305058021319,64.54511519126424,226.83128932591288,-73.02540592018411,66.62419044364023,1.6463939763939766,0.2854558404558404,0.26369759869759873,-0.021577126577126626,-0.012309727309727347,0.003,0.05367049043549043,33370184.15467599,16339927.01327326
R14:parametric:+0.05,1.6522161172161172,187.23830472058523,39.134184353517284,39.78805958809714,241.23402727987047,4.093624324092691,40.30103885339369,235.7471948688918,-9.700150823848805,40.38649933501847,218.23756689293828,-31.147279872936508,42.19753299091267,170.38324831596304,-82.34998255474596,47.58985850254325,1.651996336996337,0.24641025641025627,0.22968864468864464,-0.017509157509157602,-0.009450549450549517,0.008,0.046501831501831487,445134994.6645874,96525717.30884905
R14:parametric:+0.1,1.6463736263736264,180.36306959530998,39.65329391461388,36.86454238488905,233.54073400054017,4.291295480913626,35.998776103588895,231.27457075327186,-8.442210351840881,33.57222966709837,219.748572782005,-30.8708787176615,39.41274224911842,171.1429779233577,-85.2311781398895,44.11172389008093,1.646251526251526,0.24308913308913338,0.22213675213675244,-0.022240537240536984,-0.009548229548229203,0.0072499999999999995,0.04514073870573876,514579131.7989766,94164503.64195743
R14:parametric:+0.2,1.652014652014652,215.33405873306367,38.931154319560825,54.41803816126158,275.9386856689735,4.348920923097987,54.42181506521115,276.38892710017257,-5.268133771060006,54.67075050506802,269.4789068528159,-27.03704235615169,57.57317936893837,203.01560853285918,-83.30999916836679,62.5143849229133,1.6518803418803418,0.28238705738705744,0.26284493284493293,-0.020012210012209986,-0.01175213675213671,0.003,0.053436898656898664,42006601.76247449,18173808.958594877
R14:parametric:+0.5,1.6687362637362637,212.40773943318476,39.53103687636445,50.06320083069578,274.7704243796185,4.428221349336914,53.95108917436057,275.4098462384839,-5.7712626369868865,60.21111517377862,268.8666245236343,-30.30510253083832,61.71596404464317,182.30190356049687,-92.5159642193108,61.59235900422847,1.6685938135938136,0.2821937321937321,0.26204721204721193,-0.020407000407000497,-0.011945461945462088,0.004,0.05316292226292224,25357392.269531045,13372880.272225393
C6:open,1.6705494505494505,161.27268444831998,38.955233104205504,36.70912243390238,207.41198198281847,3.6880837552774675,37.75780851189544,195.07165290777743,-15.50482186932172,36.79341622585722,154.77141254935574,-34.747313488117825,33.63545384008148,101.77884914656667,-57.177393781227494,35.55689558073937,1.6705229955229954,0.20793854293854308,0.197865282865283,-0.013068783068782897,-0.008636548636548502,0.014499999999999999,0.03966996133496136,847609781.8416115,147656049.07679716
C6:short,1.3776190476190477,46.40287480755816,8.099411009622127,46.420879162278304,7.353378938973028,-39.85765679657323,48.53926747385639,1.0190087942277977,-45.624601774681764,45.70430779448609,0.7893809711768305,-46.2592157180367,53.7251873635781,0.7148456744277625,-70.71482585081317,48.6774013268345,1.3774582824582826,0.007010582010581813,0.0053988603988602505,0.0005636955636954422,0.003182743182742965,0.14075,0.0005368233618233363,545442.6720357555,54893.309522797805
C6:parametric:-0.5,1.6645054945054945,210.58616034103716,39.93949732454297,49.52842078320158,273.7434748843705,4.53611954855103,53.53101358416636,273.8474143498166,-4.7907277455507025,60.162768116124425,259.76213290728646,-23.86647302558987,65.43338703450111,195.60924457040537,-63.18654954290729,71.5862530952952,1.6646459096459099,0.2750610500610499,0.2609584859584859,-0.01666056166056179,-0.011623931623931716,0.003,0.053016092796092776,38420112.08006956,15625724.056842852
C6:parametric:-0.2,1.6471794871794871,204.93672833478988,39.37165135862963,40.658776146555994,264.42311591339524,4.673384394121028,40.28223857336321,269.28382674702164,-4.267989593960442,40.09716716120329,262.86589443590253,-23.271127757153813,47.9982671393375,211.79127047916705,-69.56020029528676,54.29223082379774,1.6474399674399676,0.2723219373219372,0.25318274318274303,-0.020809930809930932,-0.011542531542531653,0.003,0.05152742775742773,91178470.575932,15468754.838434216
C6:parametric:-0.1,1.664908424908425,176.40854117021115,39.717239890528965,33.29801876188045,229.5187018231589,4.40681086247213,34.829022030317816,227.13554920281518,-9.371794355288904,44.530481495340815,213.60196645204698,-28.744112698982562,50.63571496948863,171.68871263948654,-75.21448095500048,54.882755012466724,1.6647741147741146,0.23746031746031748,0.21832112332112336,-0.01920634920634917,-0.010140415140415082,0.009000000000000001,0.04442133089133089,449637425.1994172,90222090.6061528
C6:parametric:-0.05,1.6455677655677656,193.32499407495732,39.30010697884184,39.51483155171701,249.18783095736785,4.288212894385791,40.551260689236926,243.97531659453472,-6.56532795839041,40.1659242707572,231.55195228694828,-25.026293382211673,43.48084411707076,185.65381988692283,-75.11219328125175,49.86281984218682,1.645714285714286,0.25168498168498143,0.23717948717948695,-0.015457875457875747,-0.009816849816850104,0.0035,0.04811241758241753,415620165.81538767,65416532.992008366
C6:parametric:+0.05,1.6453663003663004,212.76340359851636,39.067153808483845,45.024351099726516,273.23520005172054,4.455665687938632,45.04029291997084,275.4714025174037,-4.5230094554711355,47.46533814785367,272.2596897766735,-24.34174485866064,51.856729266422384,222.83424595198517,-78.43761702210739,56.85128601360702,1.645270655270655,0.2855718355718357,0.26038868538868554,-0.02448310948310939,-0.01179080179080172,0.003,0.05302462352462354,59684805.70358388,18436930.524848863
C6:parametric:+0.1,1.663901098901099,212.09644701720407,39.41210069523498,61.37569199185804,274.6922129474399,4.5368820047652285,62.798047899694986,275.5725666341767,-4.626684349067867,62.872370630302555,273.52098128893056,-24.36028705711546,62.60446140240927,224.4532209992296,-79.843899725438,63.887067925036945,1.664112739112739,0.28667480667480677,0.2620960520960522,-0.026402116402116316,-0.011896621896621773,0.003,0.05321701261701264,28174286.271402538,14773372.069605086
C6:parametric:+0.2,1.6610805860805862,185.17049291477818,39.19714125294226,34.152464024244985,238.9270383373003,4.178616565323348,38.92889463126036,234.44716015842351,-8.821082405225752,48.52044310744489,225.77407249099943,-26.848908927536847,55.12930348504006,190.39362154575352,-82.68638693034153,59.30683566762739,1.6611111111111112,0.254017094017094,0.22802808302808297,-0.027026862026862053,-0.009499389499389554,0.0085,0.04612479242979242,442063098.9994233,85856851.99633904
C6:parametric:+0.5,1.6387179487179488,213.70934409440773,38.9942808067164,46.64447630604311,274.2053191126348,4.383580908817963,46.64063035087941,274.8868563091626,-4.694019506937958,46.36238409136659,278.4349559461532,-24.595000034674488,48.82942666078704,233.02954282037098,-90.60066378691343,53.798011857443115,1.6386507936507935,0.2990415140415142,0.2617704517704519,-0.036599511599511414,-0.010006105006104826,0.003,0.05312852258852262,49971108.54448415,19544328.057924658
C6:cap_degradation:+0.2,1.6421428571428571,181.970499107534,39.637756961641756,37.88971185242326,235.74923948358554,4.186224648766816,38.46538450898713,230.75156818785103,-9.86282105261216,42.4172575621446,213.84611811848242,-27.65848816297708,49.80335135027301,173.43425508199007,-71.1532211795894,55.42762184518563,1.642124542124542,0.2401648351648351,0.22465201465201456,-0.016703296703296733,-0.01005494505494503,0.008749999999999999,0.04546912087912087,482878574.3229839,86030021.88375321
C6:cap_degradation:+0.5,1.6403296703296704,177.22986328516268,38.79964623516052,37.81563934058036,226.29251983758422,4.081362150850156,38.902571762421196,221.8645666465432,-8.700753377638563,38.46397920253882,200.08340206922145,-28.563331294766044,41.71129414609007,151.93452077352748,-64.41346767404778,47.166663205079445,1.6403011803011804,0.22707977207977204,0.21640211640211626,-0.013671143671143748,-0.009238909238909354,0.0072499999999999995,0.043672877492877474,587771615.1332457,105797890.97793947
C7:open,1.654835164835165,204.01486524756064,39.353252632317606,46.770499784291786,263.15638682591236,4.558831446605861,47.27423781515885,260.4969021138101,-1.8615164038921181,44.49838911442374,247.68429284680425,-3.278068509019816,46.40327448970443,241.5442882674265,-3.22454666756555,54.848003249494546,1.6549694749694748,0.26479242979242984,0.2506898656898658,-0.01645299145299134,-0.01081196581196564,0.003,0.0510622954822955,250163486.70358372,58673937.985170975
C7:short,0.04996336996336996,0.04353559138565931,77.99208474298061,57.45218253471062,0.042170945371740196,55.99622327164835,57.754562680608785,0.056347403365278804,61.47820072527644,42.260919791479566,0.19473128194131287,72.26235205709366,41.39120062804494,0.5479888195982461,50.53131663724644,50.190799738944605,0.04995115995115996,0.002631257631257624,1.2210012210000717e-05,-0.0028083028083028174,0.0006166056166056078,0.01825,-7.631257631259456e-06,108321.77508796743,186470.24438989477
C7:parametric:-0.5,1.6576556776556777,182.21580140174987,39.5866698219135,42.19265212653025,236.56856940369215,4.352002701868144,46.04732013457535,231.82267771626476,-6.511655628576535,51.946799543788806,225.85075868879494,-15.097146917694035,55.36531093949504,245.7713386279463,-44.83238859953025,58.542799268481374,1.657720797720798,0.2598249898249896,0.2251729751729749,-0.034314204314204566,-0.010138380138380365,0.00725,0.04576430199430195,435326394.53717226,98517097.08285148
C7:parametric:-0.2,1.6441575091575091,188.0805279611871,39.585042054059784,44.52832715608483,244.5409280247689,4.255681095891883,48.05076997009505,239.10680146768112,-8.925144134352896,53.79827917944908,225.26659976820252,-24.71284458315613,55.069957967929014,207.10425345025757,-68.52577458467758,60.0787037861178,1.6441798941798944,0.25563695563695554,0.23226699226699216,-0.023593813593813684,-0.009491249491249576,0.008,0.047181493691493666,429183601.76528156,97702491.00435475
C7:parametric:-0.1,1.654029304029304,214.70233643652648,39.44508388184149,64.68801622622628,277.23949895364126,4.487537588630865,64.74082421669543,277.9985243703444,-4.1631261251111304,63.42048140313527,276.5332847721116,-21.933378700249943,62.76623393510411,242.11708329157904,-72.19545063247492,66.67073944025758,1.6540170940170942,0.28992063492063463,0.2643345543345541,-0.026379731379731652,-0.01247863247863279,0.003,0.053738449328449275,28826500.69145192,15116300.06815456
C7:parametric:-0.05,1.6506043956043956,210.69351889696472,38.65433449875547,52.89752313826529,269.00761172328924,4.2686242411011595,49.969775566453905,267.48759126207955,-5.687244936180872,44.400957067616076,254.4174709408016,-24.781011562662002,46.798476899517595,211.91282010191384,-74.23624163206463,52.30540786720538,1.6505229955229956,0.2754843304843305,0.25715099715099715,-0.020468050468050503,-0.010999185999185923,0.004,0.05206823972323972,169424591.4314737,48737909.34951597
C7:parametric:+0.05,1.6369047619047619,157.0685828150929,39.320117153741236,35.903367466759306,202.81788202950958,3.7800552003942403,36.986289145160434,190.87814290516752,-14.152717521887652,34.308985354330886,167.26529421532226,-32.16214056156561,33.91202725869119,129.02738415150458,-80.75677477330615,40.71430646243242,1.637079772079772,0.20552096052096053,0.19323158323158324,-0.014277574277574201,-0.009240944240944238,0.014,0.03881595034595035,843400576.9708691,156851066.80959085
C7:parametric:+0.1,1.6475824175824176,136.76474574944424,38.728301479903756,18.202781974659388,174.80807542760886,3.489015333974459,20.325696697436193,158.29932721835954,-18.904717444508687,19.843967643467824,110.45380657463423,-42.89848659759073,21.79600665905747,77.83631339001849,-86.6577267229157,29.31658534088784,1.6474847374847374,0.17456654456654452,0.16691086691086682,-0.011184371184371267,-0.006550671550671572,0.0155,0.03316579975579975,1392390770.6123788,250455031.05733597
C7:parametric:+0.2,1.6425457875457876,211.3942712799565,39.228283736740124,43.005468633963815,273.1439693296196,4.505351868557116,45.36425309301369,274.48241382442785,-5.293211251617637,53.63130236958662,266.21564533414346,-27.396686317717197,60.30404669891527,195.3726223524299,-81.82277392649715,64.35408735422716,1.6426495726495725,0.2779181929181931,0.259786324786325,-0.01863858363858345,-0.01057997557997542,0.003,0.05292369352869357,60588195.687088355,15290384.067031823
C7:parametric:+0.5,1.6542307692307692,204.11113251858683,38.8304160348566,47.9125230752246,261.4011085991108,4.159476402546945,48.32812096043266,258.1774956816729,-8.32314966008289,44.24642954347024,233.25199244511492,-36.08202509457544,44.665909527042636,139.3792419631864,-92.7988145731683,48.84941695804059,1.654074074074074,0.2626658526658527,0.24977207977207982,-0.01555759055759054,-0.00991656491656484,0.0052499999999999995,0.05040771265771266,248199070.3654584,44515104.1754817
C7:cap_degradation:+0.2,1.6506043956043956,195.94964572234932,38.94328979292832,39.378716596250044,252.10557015578567,4.251616945918532,42.105726042931934,247.34949598274744,-6.889937060661825,48.267227946457986,235.11451840934183,-21.933886264325274,53.64096676482474,221.03163419634114,-65.36755582781669,61.139339903882735,1.6506634106634106,0.26547212047212043,0.23928164428164422,-0.02564509564509565,-0.010333740333740404,0.006749999999999999,0.048718196988196974,403643364.26050884,78616479.45498571
C7:cap_degradation:+0.5,1.6493956043956044,180.6441159912239,39.81945745084835,34.94773181413535,235.57459650775064,4.356030361688559,39.51302354447313,228.02174879593105,-6.9686956801273094,44.90324398088481,211.14169359128422,-16.207796776774682,50.89053175656656,229.04815288735983,-44.39191311162868,56.920664161770794,1.6495685795685797,0.25427757427757414,0.22385632885632872,-0.029788359788359975,-0.008835978835978975,0.0075,0.045447785917785886,671751984.2414564,129694323.35591063
R15:open,0.057014652014652015,0.015576684329274922,-2.7123759362588586,36.634174035861214,0.02110838138421951,-79.47094734719693,36.44995537001664,0.05482801609592758,54.69703637500559,48.85106358424026,0.07501043311611391,13.322487957281739,55.14458795662317,0.059301289498157,-7.993224345808768,46.3842732476258,0.05708791208791209,0.056739926739926734,0.05049450549450549,-0.00450549450549451,-0.001080586080586081,0.03425,0.010155714285714285,46992.55657941007,37510.769667442386
R15:short,3.249835164835165,0.05934369311863232,14.58047948433104,41.64646279266543,0.05075263203142595,-137.4042354658436,35.845482060696995,0.05800880508106069,-112.52517265862147,47.279637930131194,0.04647483418478694,-103.33981400103376,38.88666530631132,0.01949184149334325,-30.7036824131375,32.473717851123276,3.2499185999185998,0.0025356125356127412,-0.0006878306878305152,-0.003105413105413235,-0.0002849002849002469,0.09125000000000001,-1.809727309726672e-05,32157.495355337054,29273.593839640424
R15:parametric:-0.5,2.2070512820512818,204.94126198383896,39.30606088325895,41.83743723756787,264.7573490004907,4.396092692197657,45.81428753200059,262.28153548014564,-6.5063039781842775,51.86345394995375,246.69936788166783,-26.53237179037532,57.78505607036135,197.65693891918258,-77.91568215580678,61.41821658307358,2.207122507122507,0.2725111925111925,0.25256613756613755,-0.01981481481481495,-0.011151811151811186,0.004999999999999999,0.05116053520553521,230310127.6197183,55504782.772373706
R15:parametric:-0.2,1.8357509157509158,189.83398702518852,39.517357608868565,46.743959628722415,245.72439845487887,4.227609024069611,46.668327232164685,241.29193866164712,-8.730202958830091,42.78509646602171,223.78452990893956,-28.642327428314225,43.7662674315734,176.8686011313089,-78.86895995795952,47.7360678919495,1.8353032153032154,0.25248066748066744,0.2349531949531949,-0.01909442409442408,-0.011035816035815993,0.007500000000000001,0.04739759869759871,469186408.3557441,81381742.33918388
R15:parametric:-0.1,1.7209157509157509,214.81801478564995,38.69261858888572,68.03180001265304,274.5282999316279,4.344972141148019,67.54791200832719,274.97435893427144,-4.744235338763842,62.19379951095827,269.4707658136258,-24.426274290748722,63.05754776496563,218.2055624227378,-76.06697152830776,67.53770822823338,1.720864875864876,0.2808933658933659,0.2615527065527065,-0.01949124949124953,-0.011432641432641444,0.003,0.05320665852665852,39146624.035101935,18593853.623612046
R15:parametric:-0.05,1.698150183150183,182.01207671367087,39.50413410466835,41.141626310490935,235.392894472412,4.23730683882623,41.73092110100431,232.48097373515918,-9.519634897724103,45.19513678998778,217.93998477097696,-28.842689380203204,49.78072453119,175.61779028280742,-78.90192003642802,54.329841815578355,1.698097273097273,0.2452360602360602,0.22388074888074888,-0.02251119251119249,-0.009818884818884821,0.00825,0.045469391534391536,475478946.3269031,91184988.41077006
R15:parametric:+0.05,1.6133333333333333,193.38079634015472,39.28222699109921,40.01843412153718,248.82397112829784,4.14225776463991,40.019291638217965,243.65791580001041,-9.985017639280457,40.087231010130836,220.63927696648057,-32.01084484863631,41.429709988042966,178.0391097178237,-79.18698975188855,44.29446396018061,1.6131807081807081,0.25581196581196575,0.23747863247863243,-0.019389499389499465,-0.010323565323565376,0.00775,0.047949224664224646,448317522.2189841,95771857.43307428
R15:parametric:+0.1,1.5766666666666667,197.61641405598283,39.071582607325446,44.118939797967656,253.752817249788,4.429493792244237,44.17183122541326,254.66576834985304,-4.818450723778385,47.162609727492274,251.1546907606243,-24.213660203189654,51.34167787628398,204.36217721682968,-77.36182198709056,55.03178429851157,1.5764672364672365,0.2631115181115181,0.24215913715913723,-0.022364672364672267,-0.009672364672364597,0.003,0.049221168091168103,292047612.195904,44290555.21627796
R15:parametric:+0.2,1.511794871794872,181.40105483422514,39.5679033471567,39.59973062134539,235.2108659825552,4.226650662313502,40.12644065395272,231.36736952269322,-8.04548054876772,40.12759730905951,219.80682805130544,-26.96237339537945,42.195697696754394,177.03799107538924,-77.07883112053796,47.26766159957408,1.511890516890517,0.24206552706552703,0.22433658933658923,-0.018227513227513314,-0.010974765974765988,0.007500000000000001,0.04540966218966218,439283002.79122543,88530497.0792974
R15:parametric:+0.5,1.3208058608058608,205.8121592054069,39.60263548816776,41.21869910982142,266.3659858985601,4.433359811965424,41.217710403318755,265.4226903217693,-5.808254044997326,42.16742224145692,252.63931277587997,-26.329886857069603,46.97377643880597,199.83121688733763,-78.07665980965848,50.74134907242682,1.320726495726496,0.2734676434676434,0.2545299145299144,-0.020268620268620363,-0.011001221001221084,0.004,0.051539389499389486,177449251.2159192,43593244.0973618
R16:open,3.230897435897436,43.026703156422556,54.817422992494016,50.81890954597395,54.48717792165287,6.691684550428624,49.30154784711609,54.65202264978684,-36.18903705629243,51.201307832023275,54.17098219301111,-65.35229378130818,52.30349586085683,44.20397699126033,2.1395673171628147,48.85037201683831,3.2306674806674804,0.015944240944241073,0.01332519332519333,-0.005612535612535496,-0.002187627187626995,0.04675,0.0025592694342694566,2482119.117922685,1993216.1589311718
R16:short,0.05862637362637363,0.013029894188831066,83.33190015021195,43.15244641824941,0.010198976862073762,34.03806599771204,24.96522919666996,0.05013192545083375,-61.40329618606128,48.92123256070752,0.022658054956351176,-61.286993244403405,36.44526785455062,0.031268564319085014,22.891458127991427,44.23874932860116,0.058742368742368746,0.005323565323565321,0.0031074481074481013,-0.0027350427350427402,-0.00011599511599512217,0.07525,0.0004560866910866903,75715.33618567022,33152.98203174933
R16:parametric:-0.5,1.0945604395604396,210.21235677225093,39.29459598354529,62.666109032798474,270.9026772359017,4.5527579149200905,62.642343311826146,273.6115580836596,-4.3781023495086115,65.90629446886234,270.7627544273571,-23.623553025855962,68.05562882057464,223.10424608154463,-75.33134864644623,68.09932280526084,1.0945726495726495,0.28284493284493284,0.2572588522588523,-0.024590964590964548,-0.01129426129426131,0.003,0.052623894993895,49046216.959625214,17085760.18624229
R16:parametric:-0.2,1.4787545787545788,214.13358452136583,39.174604495285124,49.916998997073236,275.4386607867994,4.411276566874568,49.92248689217354,275.91320371882347,-4.774488384902889,50.519385851492345,271.86236494936793,-24.69325383916818,54.56680543873904,219.0588157954682,-78.68895208850294,58.545694552265395,1.4786304436304436,0.2845929995929996,0.26243182743182736,-0.022238502238502267,-0.01156084656084655,0.003,0.05337079772079771,38489921.68043299,14627661.5349806
R16:parametric:-0.1,1.5595421245421246,213.68349212588947,39.406069124397575,51.772440660759536,275.6986192753623,4.453289440633119,51.77465405302081,276.3841299256459,-4.728380210852244,52.013335593842655,271.9140047037498,-24.71540203556392,54.46749843401891,217.62800308862555,-77.49817402808401,58.910976726833965,1.5598107448107448,0.28379731379731377,0.26284493284493277,-0.0210195360195361,-0.011550671550671632,0.003,0.05340426129426128,30422570.147301957,15847388.834573908
R16:parametric:-0.05,1.595,175.5003239145393,40.14194280768266,29.580514563404112,229.5495911596892,4.4242725302288175,33.624132626002364,225.30900454941593,-10.819401975422661,44.78663442439972,198.4323831271734,-32.26330224077192,51.267990930926885,156.15307357990375,-80.73279218659407,55.39198546365888,1.595120065120065,0.23901912901912908,0.21766381766381776,-0.021273911273911206,-0.009387464387464295,0.0095,0.04432492470492472,595320275.3742892,128786493.47150257
R16:parametric:+0.05,1.6927106227106228,192.0748545081326,39.183575105007975,41.548163008170306,247.59889572429745,4.108433459550611,42.002537884965086,242.44108059330802,-9.970587454331966,41.93325727597644,219.8733952356679,-31.413351147023647,46.26797984731792,174.62310431526612,-79.75213686297877,54.31215658291437,1.6927167277167277,0.25263125763125777,0.23570818070818084,-0.01793650793650786,-0.010079365079365021,0.007500000000000001,0.04770573870573873,439379702.116842,93767016.83331573
R16:parametric:+0.1,1.7207142857142856,211.89385207359237,39.71507623116128,42.9475770775225,275.77092830656227,4.609554900302365,49.095393995342754,276.6026931721559,-4.705231257169803,61.7646966834605,272.3172123858599,-24.415321353726355,68.25527730527043,220.5523908234823,-77.43586101819454,71.09580396151735,1.7206573056573058,0.284122914122914,0.262969067969068,-0.022104192104192122,-0.012030932030932084,0.003,0.05341397842897842,29897375.601493385,13654198.9296151
R16:parametric:+0.2,1.7934432234432234,214.97015613808202,39.13345197252832,43.67690741360124,276.78154151127376,4.438168266728394,51.95978436237707,277.40622713429804,-4.569364888669359,58.76557533040315,273.50909616338157,-23.7723213010216,60.29685972717201,225.30870720026658,-75.49994287655372,64.09948415153653,1.7935409035409036,0.28457264957264955,0.264023199023199,-0.022661782661782648,-0.011581196581196496,0.003,0.05366147130647131,30077851.047133077,14370249.03073691
R16:parametric:+0.5,1.9542124542124542,213.46630730829284,39.199930764748814,48.60884936333686,274.64569982424445,4.4174314641450545,48.6084785171987,275.1251635369548,-4.706944366475021,49.068000922521236,270.2153979657922,-24.240131853422476,53.69540830292975,219.9441172041835,-76.25197256709379,60.05816441667615,1.9545848595848594,0.2826862026862027,0.2615323565323566,-0.020921855921855803,-0.011855921855921825,0.003,0.053207625152625164,38417443.44063467,16660885.52146127
C8:open,1.6445604395604396,199.4975371089021,39.04244695824026,43.01141565250633,256.3182413970909,4.158786333744099,43.21784991931149,251.82444676473858,-8.80675836544695,43.30898367722966,228.22192402806274,-30.272643407152202,46.36448980159551,179.12621883001094,-79.25839921663038,54.872636145421005,1.6444790394790396,0.26118030118030106,0.24445868945868943,-0.017244607244607302,-0.010999185999186145,0.006500000000000001,0.049431866096866076,403547586.4173672,86635956.94538245
C8:short,0.0552014652014652,20.22981676753077,56.85567967515012,47.78442455012262,26.56870198656135,30.713986430647168,51.07023333975343,26.595034405174435,-66.9645950595379,49.026036356502146,26.398744953941048,-68.53435234030783,42.18558416791419,21.8931263921354,-8.022956537437068,38.754880856664286,0.0552991452991453,0.0673931623931624,0.06094627594627594,-0.0043284493284493335,-0.002313797313797319,0.027,0.012423962148962148,2284304.321956112,583711.848920053
C8:parametric:-0.5,1.6358974358974359,191.68566887102645,38.765249605333466,42.42370040099399,245.5308812178447,4.011519521708702,42.93706700097056,239.68414473641988,-10.116672617627184,42.771917175929325,219.20227563721062,-30.09691774053531,44.89236580686856,177.9722733671924,-78.65575629764965,52.32456104871757,1.6358892958892959,0.2518396418396419,0.23411070411070417,-0.018929588929588848,-0.010468050468050383,0.008,0.047314723239723244,444428503.1729853,97035624.43352346
C8:parametric:-0.2,1.636098901098901,194.3880773478148,39.60066748958853,34.43339841458255,252.86688352291424,4.4908411065563305,40.63032380599641,251.26489433489985,-6.012974064533209,48.49614938439343,237.94964116815464,-25.72156724431172,55.62571923938692,191.86309955761465,-76.86860867109054,59.711683050450034,1.636098901098901,0.2596886446886446,0.24135531135531124,-0.019945054945055052,-0.011483516483516532,0.00425,0.04889600732600732,352780729.7453079,65373392.974957034
C8:parametric:-0.1,1.6504029304029304,153.03147845519766,38.89526437293571,31.249495681086465,196.90457835968908,3.58998679137565,32.14440398494121,184.3753718847644,-16.427775450833117,29.44025377938234,158.89311905923392,-34.29804174175202,32.412352995990375,124.27729518499328,-80.78881976039959,40.706046918803565,1.6505820105820106,0.2008831908831909,0.18758648758648755,-0.014281644281644246,-0.008439153439153413,0.016,0.037680685795685794,865511137.6613114,175589256.02138367
C8:parametric:-0.05,1.6465750915750916,214.2583018840784,39.47573791498383,53.44482534337317,276.700735988572,4.468527743950832,53.42806764900888,277.1877926906241,-4.62973127522841,51.229915197430245,272.27425681225407,-23.90615233726278,52.46746586154082,223.68912597054518,-75.10422226500536,58.606738690351825,1.6463349613349612,0.28410459910459923,0.2635551485551486,-0.021518111518111394,-0.011041921041920921,0.003,0.05360029711029714,38628147.28748453,18054430.639284715
C8:parametric:+0.05,1.658864468864469,214.1733986245348,39.12416169524819,52.50019427303269,276.26042736618444,4.474187185279264,54.4452332604551,276.87090487916714,-4.572084572177565,61.31042530987008,273.32331291121324,-23.79677940461326,65.55011196977004,225.10867260975522,-75.91963312604224,67.17375252347209,1.659037444037444,0.2855046805046806,0.26354497354497364,-0.02314000814000805,-0.011455026455026385,0.003,0.05353036833536835,36279177.98557053,14029763.712718304
C8:parametric:+0.1,1.653827838827839,192.58123619906218,39.21866318311825,40.05901002183973,247.41237417934047,4.15052859627224,40.65120355230065,241.676137922095,-8.816666613913617,40.434349914265056,224.5947265713782,-27.318818628006024,41.95782102065216,183.3599409575987,-77.05356992642612,47.48968728426315,1.6535938135938135,0.25307285307285304,0.23695563695563698,-0.01749491249491253,-0.010443630443630447,0.007500000000000001,0.04771790394790395,442773278.5238691,86632095.65651181
C8:parametric:+0.2,1.6630952380952382,212.8632529253744,39.29974502863907,58.84345503947611,274.23012275794133,4.432381372719008,58.82193146656318,274.8342623606692,-4.709658576825873,57.43603218608694,269.9920773850603,-24.543918142796507,57.299929687971094,216.7558760006918,-76.51547555320575,59.906752257488414,1.662928367928368,0.2812108262108262,0.26207163207163203,-0.01937525437525439,-0.01131664631664625,0.003,0.0531277146927147,31828946.73609466,17249550.541340787
C8:parametric:+0.5,1.6661172161172162,185.3611483482543,39.36161286502597,36.904854237150815,238.98814702089504,4.039371793145076,37.9024517206441,230.55730735862582,-11.39956693563687,36.79566883056376,201.81605335242483,-32.63753080775006,36.824748727188535,161.29059347830392,-80.52663526662732,40.45835414573058,1.666117216117216,0.2435714285714286,0.22826007326007325,-0.01672161172161163,-0.009871794871794792,0.01,0.04590163003663004,599275794.6554412,126308257.81816483
C8:cap_degradation:+0.2,1.6471794871794874,184.93540172979718,39.82793509066244,50.022208281515944,239.7869677661592,4.208696591014345,50.59085699306431,234.68549621850866,-9.283430049007537,47.41826376108989,219.87076549310922,-30.942705449738604,42.679484990637185,171.7742135321656,-82.80470964552231,43.64640591134771,1.6474643874643875,0.2455026455026455,0.2287810337810337,-0.017409442409442477,-0.010761090761090775,0.00775,0.04620769027269026,441003005.6330146,97279889.76016313
C8:cap_degradation:+0.5,1.651007326007326,157.35444437455632,38.72278133618723,34.611513425956474,201.37995302729578,3.5753203336048602,35.029866061486416,189.4529180562693,-16.57586409732066,32.89594411156311,159.4695435795224,-36.899804181801585,32.522259146586876,124.68194288423079,-81.61514719012378,36.64458911802187,1.650797720797721,0.20509971509971503,0.19321326821326817,-0.015101750101750189,-0.008050468050468107,0.0145,0.038517140822140805,844984158.1075671,177235087.32261288
U2:opamp_vos:+0.02,1.6377106227106228,192.27079146426357,39.068055792839374,41.27386614055947,246.68332658320156,4.057698279448514,41.83629916255946,241.2885696631402,-10.585814118088326,41.56115531461904,216.84071438008556,-33.74599927351006,42.75377192792175,172.3922999526799,-81.27827259060041,48.05923987785037,1.6375478225478224,0.2507855107855109,0.23527269027269043,-0.017163207163207017,-0.010514855514855315,0.00775,0.04750017908017911,453201495.5450143,103265174.1901
U2:opamp_vos:+0.05,1.6512087912087912,207.75014285829906,40.21768153466916,47.50398383570658,271.750078929727,4.783868825850268,55.594077115196555,274.9431737858501,-4.309589259041386,68.95385515474528,273.517728490533,-23.408380052339545,73.40732128946891,226.48840469392826,-75.9400217935756,74.25697768237707,1.6512576312576313,0.28583028083028067,0.2584310134310134,-0.02764957264957274,-0.011733821733821814,0.003,0.05281601953601952,40146154.64719583,11453438.30640983
U2:opamp_aol:+0.01,1.634084249084249,201.3292207249536,39.66558992681722,43.329612145295954,261.4782171521442,4.545203993730013,45.773032492802486,261.24010537300137,-5.8176854088875265,47.94279195315953,249.82561749339482,-25.06613092359772,52.62318782525546,204.3048343706736,-75.80014747546946,56.71323078731773,1.634126984126984,0.2705250305250305,0.24916971916971914,-0.02341269841269844,-0.011929181929181965,0.0045,0.050617442002442,248728406.34239495,50238279.79805141
U2:opamp_aol:+0.001,1.6552380952380954,181.14938155602124,39.19284647950366,43.1102473251544,232.99421859493654,3.99247221433658,43.67207103572988,225.02122153844692,-12.101256820297792,42.35167720597467,195.45541453427575,-34.76047623130606,41.459248693865646,153.01209414021497,-80.84355436283106,45.062790980026456,1.6552604802604802,0.23690069190069185,0.222999592999593,-0.01654253154253149,-0.010095645095645145,0.00975,0.044745175010175005,615849382.4504619,133521949.60517605
U3:opamp_vos:+0.02,1.6497985347985349,198.49685076722395,39.45731915025458,47.69948757056244,256.3002793996515,4.467343228895153,47.46804058805128,256.0588564424807,-5.774771687465632,44.96469360468051,247.4524261895994,-24.934614822703935,49.669827772822224,201.09790850758927,-77.84076448556259,54.138398326889664,1.650006105006105,0.26552503052503046,0.24437118437118427,-0.023174603174603292,-0.010280830280830433,0.00425,0.049636379731379715,278982366.38165283,47351779.43453781
U3:opamp_vos:+0.05,1.6695421245421245,216.38488040686656,38.264803243505135,60.38911342857865,274.7924763930029,4.266913637061025,60.34856506854427,275.38452766693825,-4.680567714533236,57.50561090471912,270.9215110829779,-24.371950938372887,54.51227153684947,219.81964501284827,-76.66487113604728,56.28881788969216,1.6697008547008547,0.2826984126984127,0.26235042735042735,-0.020506715506715567,-0.011037851037851043,0.003,0.05330032356532356,33230555.046478484,18318597.504451428
U3:opamp_aol:+0.01,1.6467765567765569,213.19148147011217,38.82441283936802,55.499584454891185,272.83848667554145,4.36859287006185,55.513214853983925,273.60655652543943,-4.540267180006853,55.52864801507043,269.69579104266745,-23.727745047042564,58.304712369113744,222.81313498760906,-75.34614629070921,62.42883864978727,1.6470492470492468,0.28218152218152226,0.26122914122914137,-0.021628001628001436,-0.010748880748880585,0.003,0.052904619454619474,63457244.12131285,19317246.47945068
U3:opamp_aol:+0.001,1.664908424908425,157.22465956612672,38.99840772018797,34.6219458056838,201.39468232386173,3.6859010275986117,35.72277971210109,189.6701806708503,-14.576294041804049,34.95996147240402,166.54006361635055,-32.19410477399336,36.63967334425209,134.6146825508797,-78.22771421991624,42.957163206270764,1.664839234839235,0.20596662596662574,0.19186406186406169,-0.015242165242165373,-0.008190883190883347,0.0145,0.03857588929588926,843035233.1408447,164305275.71869403
U4:opamp_vos:+0.02,3.035879120879121,207.52371480361137,38.86042062561,41.056601200542964,266.9659539014669,4.366033630267223,45.231179501085386,264.9543723353106,-5.860995927476676,52.20931683885358,253.2656446710721,-24.7189716871817,60.080348663407904,209.4574897076714,-75.65376045185096,68.09830134216924,3.0357529507529506,0.21589540089540082,0.2122690272690273,-0.01941595441595456,-0.011155881155881175,0.0032500000000000003,0.04213851241351241,177785974.56452835,39607693.92225019
U4:opamp_vos:+0.05,3.2486263736263736,0.03610842343930814,63.88418262691792,35.952840249700834,0.029737395021398765,-23.261681049891397,40.11978703777321,0.05215730030896188,12.761973339095029,48.07122886198371,0.051183013899581735,-1.6701329020853755,41.69432034918456,0.04862272794819577,-76.35992368970321,45.29114304443929,3.2488726088726088,0.0027757427757426623,-0.0006491656491657283,-0.0032682132682133602,-0.0004477004477004831,0.056499999999999995,-1.3184778184793688e-05,46832.1647853162,26381.34864543716
U4:opamp_aol:+0.01,1.6336813186813188,141.23885606958447,39.80080120796919,30.409085880688703,183.60295012723785,3.5786310415194515,32.12044375494591,165.36973353035873,-19.645763464698046,30.141123587157665,119.84008133206925,-39.4435360353525,30.057915730842105,90.83744738460115,-81.89409721239403,35.877494948234116,1.6337769637769637,0.18484940984941,0.17437321937321953,-0.012183557183557014,-0.00734839234839213,0.018,0.03479990028490033,1251048607.060144,238168031.9343356
U4:opamp_aol:+0.001,1.5305311355311355,182.98128344279388,39.00477568751155,54.31550052461293,234.82570367515336,4.103458261053646,54.64316224668716,230.49415691910218,-9.791491971139555,49.8230870551451,206.10168987152133,-33.375368717649906,49.32622344145001,162.4696485318738,-80.87022209373893,54.466555288642525,1.5304008954008954,0.24067969067969058,0.2237566137566137,-0.017195767195767264,-0.009943019943019993,0.006999999999999999,0.045242293447293434,418075137.46268076,88355689.5859517
U5:opamp_vos:+0.02,1.6814285714285715,164.3903595032585,39.24183472092416,29.053072140844098,212.65506858611255,3.8082019823603135,35.78532187942107,201.04653301124137,-14.863612019863702,41.73040150206201,171.4948850217478,-33.18635479276701,44.360983251216815,138.10497779560936,-78.67824843170507,49.98639059325788,1.6814977614977613,0.21711029711029722,0.2020004070004071,-0.01658933658933648,-0.008329263329263203,0.01275,0.04070328652828656,825382117.9498762,164988912.58972773
U5:opamp_vos:+0.05,1.709230769230769,193.02454707367258,39.383810642637144,45.17877288777584,249.63850906016182,4.219237173083438,49.071323466314155,245.1197865145313,-9.460942300375933,52.73581681276903,222.5209357369252,-31.00817230875701,51.72111976780041,177.9871151927784,-78.7532794923487,52.06708081027217,1.709013024013024,0.25587708587708596,0.23814814814814828,-0.01851851851851838,-0.011265771265771107,0.00725,0.04813208384208386,434240958.1286254,96156889.54188636
U5:opamp_aol:+0.01,1.662087912087912,196.00928545028495,38.63925121594375,43.09097217266967,250.46317337302747,4.187350798252009,43.00126270738002,245.63700641299002,-6.643232385296465,41.047307898352265,232.41163318392847,-25.19336345883083,46.48535901454264,188.34423497819566,-76.15925484153757,52.95615704340588,1.6621367521367523,0.25339438339438336,0.2396947496947497,-0.017173382173382212,-0.01032356532356532,0.00375,0.04837109279609279,395537146.1362772,68947104.40457805
U5:opamp_aol:+0.001,1.6391208791208791,195.04316749344264,39.69951847388314,49.139699990199226,253.20266911173405,4.226247533472314,52.82215439279126,248.99297443704688,-9.784021628132672,52.884274190326714,222.80387220337815,-34.179104416582085,52.04229512861088,178.04800935940878,-82.14983833312412,53.4947826710088,1.639251119251119,0.26016280016280025,0.24162800162800174,-0.01947089947089925,-0.010002035002034837,0.007,0.04877728530728534,430644082.77802354,96351299.45579171
U6:opamp_vos:+0.02,1.6733699633699635,192.3317799571333,39.461362256455814,47.47807541535825,248.60554069090438,4.16653518113038,48.005098900206065,243.59690802035414,-9.769830002232718,47.634058779284835,221.21924981620413,-31.683530233738992,45.978900629526024,172.93576512308417,-80.45133307750707,47.811542350163236,1.6734310134310133,0.25338217338217345,0.23706349206349225,-0.018394383394383207,-0.010537240537240422,0.007,0.0479038705738706,435489700.0641198,92374586.26382136
U6:opamp_vos:+0.05,1.7015750915750916,211.45569279032964,39.823943674983916,52.25493924739987,274.4439058648081,4.525126504142403,52.26182839834951,275.02062342653807,-4.654211826135896,52.48626990839105,271.07748630625554,-24.359702234509093,54.42362552415667,220.01894139581987,-77.02101409470241,57.91706905288864,1.7013512413512413,0.28308099308099316,0.2611212861212862,-0.021937321937321896,-0.011461131461131424,0.003,0.053159660154660164,33857250.860804975,18679843.226429015
U6:opamp_aol:+0.01,1.6379120879120879,177.806942526347,39.44158419946306,41.76721832888856,230.57737427232806,4.1370972894032,43.78802984005924,226.06258546493737,-10.723843807868114,45.90095631868351,212.0593668737555,-29.536352833212845,50.82673613831845,169.71205173648016,-78.16270473391354,54.320257231894644,1.6381746031746032,0.23827228327228328,0.22054334554334554,-0.018998778998778998,-0.010134310134310098,0.00975,0.044467680097680096,475388361.8272573,96177134.24539222
U6:opamp_aol:+0.001,1.6483882783882784,209.77171413993815,39.42142380305261,40.665938893636024,270.8935303232724,4.50636031263885,44.44168353331302,272.82402949806374,-4.551591336619625,53.74494355005307,269.1909820556286,-24.337217934945564,62.61255568439343,217.3541819446416,-77.0749235246048,68.42793692966896,1.6482682132682132,0.28096255596255615,0.2585999185999188,-0.02284696784696766,-0.010759055759055558,0.003,0.052546192511192545,56423795.03274585,15704007.54139096
U1:ina_vos:+0.005,1.6403296703296704,130.764101415575,39.49038764678362,21.87959764403796,169.2508709183364,3.5906635115009156,30.695417166552524,153.61434885932357,-17.63030866280441,37.85393328726245,119.62306080226202,-36.15752981466257,38.92873225766393,94.25960922324053,-80.72586205379258,43.047673034490344,1.6404395604395603,0.17274725274725283,0.16247252747252755,-0.013809523809523772,-0.0065567765567765,0.018,0.03215906593406595,1238936708.6282358,238760413.1960013
U1:ina_vos:+0.02,1.6596703296703297,193.38192562202505,39.41210551219318,47.68786037845551,249.4279196476636,4.165412818106483,48.20999939420104,243.85429628953767,-9.421552245397868,44.939310101796025,223.6592666045639,-30.28107050664165,43.06879529278898,178.6962962847395,-79.02847139122372,45.97445844837705,1.6596357346357347,0.25549247049247054,0.23715913715913722,-0.018701668701668672,-0.010038665038665018,0.00775,0.048052138787138786,443835595.256219,89954704.06026761
U1:ina_cmrr:+70,1.6697435897435897,169.49545191798066,38.99602236585481,47.99343894002827,217.84292329316654,3.7480627092731185,48.04594285416052,206.77224611225364,-15.218501019602503,39.47628141296938,171.9788707477902,-37.50676267344609,35.575642179273586,131.9250217809194,-84.07958562217208,40.17708694323255,1.669700854700855,0.2220573870573868,0.20835775335775314,-0.01607448107448134,-0.008418803418803689,0.013000000000000001,0.04171587301587297,802585322.6083264,165713824.79888725
U1:ina_cmrr:+50,1.6745787545787545,153.5189126981216,39.018892219778344,31.724981434933788,197.85374135558854,3.572253927771755,32.219129015623835,185.44623350144244,-17.431026681729744,30.445359327356364,158.19303213747457,-37.129763094728105,28.669502934121745,122.24707205702225,-82.2529553874347,32.83407227143405,1.6744179894179894,0.20122303622303622,0.1883292633292633,-0.013135938135938163,-0.008905168905168903,0.01625,0.03780123728123728,848598973.1942853,178927001.18531892
U1:ina_gain:-0.05,1.6352930402930403,202.95329252582633,39.23626821237989,46.44658034620523,261.40245215641784,4.491362155606168,46.48303064506841,263.497954977296,-4.492540887978401,49.13609123445787,259.9218838169249,-24.111707402438505,53.862273798667495,211.494542734782,-76.25173885904694,58.56160944118642,1.6353683353683353,0.2717012617012618,0.24893569393569404,-0.02203500203500197,-0.010350020350020306,0.003,0.05072959299959301,49266304.009063594,15568299.181430217
U1:ina_gain:-0.2,1.668736263736264,158.00168723838377,39.30424738180025,53.72387988694392,203.19172105650426,4.036542209097528,54.146920454103295,197.73736042777978,-10.952574248974923,48.47523070967803,183.04301728252264,-30.40377832300323,45.128037807079814,146.5331929130488,-79.63752575427307,49.00827026664921,1.6687240537240537,0.2085286935286937,0.1938217338217339,-0.015500610500610412,-0.008852258852258765,0.009000000000000001,0.039131617826617844,438143245.71484,78566279.10057062
la:electrode_off,1.6437545787545789,4.221870540996991,38.962329983955186,-11.839855102788691,5.407885151973749,0.906477712707749,-9.68914678234612,3.4021490456031853,-55.378187108199484,-13.715572175280073,0.8717664088004555,-106.44644906205933,-25.55589070868461,0.2487394622327564,-154.9156598008475,-36.52683561801575,1.6437830687830688,0.00803011803011805,0.0058140008140008526,-0.003050468050468047,-0.00022995522995522544,0.1,0.000933331298331296,1650028378.2080274,413537835.18115044
ra:electrode_off,1.6465750915750916,4.674334601093101,39.08281512948626,-10.956023234130585,5.960937487119668,2.349295524261567,-8.844268637234254,4.144577014679134,-25.68569522342987,-12.002828466172064,2.726640522921973,-17.80038627100417,-15.643305552675722,2.875692527880664,-38.571876582233,-15.18375112713398,1.6464957264957267,0.008339438339438177,0.0061233211233209794,-0.0031440781440782994,-0.000525030525030723,0.036250000000000004,0.0011118437118436747,1649976579.9491835,394266277.41352993
rl:electrode_off,1.6641025641025642,182.2923833291812,39.579283856471605,39.842390051743976,236.72363895615536,4.316862088016954,46.69137147489483,233.44222853354145,-8.261382281570398,56.48114999068887,223.02312396611978,-25.62961521905682,75.42584681554875,185.2438764635791,-76.06103407502476,87.9996387082757,1.6638909238909239,0.24700651200651208,0.22665852665852676,-0.022352462352462243,-0.00986161986161982,0.00775,0.04579386650386652,461371776.86884487,84505241.39289102
la:electrode_high_z:+5,1.6661172161172162,210.45830605465588,39.68502876884708,31.956206999834336,272.6041279141247,4.455641958718275,31.95355104162084,272.5598879909565,-5.517020384883147,32.05187618657477,258.89330135519356,-26.76350825329076,33.758895682925846,202.08536949364435,-78.0382777299168,37.37516465645582,1.666164021164021,0.2741473341473342,0.259843304843305,-0.016365486365486293,-0.011731786731786598,0.003,0.05273785510785513,105784110.22498682,49284202.76195475
la:electrode_high_z:+20,1.6536263736263737,104.5673804533117,40.86890107013329,11.963334573381106,146.42886819811986,3.5967406602223955,14.565069512528135,140.56689113127715,-24.01619285222634,18.48594346647037,124.82340869987634,-43.98841045514423,17.22375204635487,101.45020253383166,-85.73633460039791,17.562243326591695,1.653785103785104,0.1499328449328448,0.13905372405372401,-0.013052503052503106,-0.007612942612942708,0.02225,0.027994481074481062,949923732.5500871,228075428.83420268
ra:electrode_high_z:+5,1.6540293040293041,163.6427031504696,39.8387976660743,21.427292773910917,216.22321680221114,4.448386003611981,24.690637773380466,214.46898808551344,-8.893729049901857,30.901601649918682,206.02665798919804,-27.434867445646614,36.36676560437488,169.65072803301703,-77.58471301024741,41.49863128376231,1.6538603988603988,0.22621286121286138,0.20546194546194563,-0.020783475783475613,-0.009299959299959137,0.008749999999999999,0.041802150997151025,568192814.856411,109653000.67582488
ra:electrode_high_z:+20,1.6465750915750914,98.96619397029477,42.94110189099918,11.0363475535973,144.08942532283262,3.8120192352500055,13.818064011430213,139.46104867550827,-23.73623758292305,17.21574997990446,123.38402163921299,-37.400770933174805,16.03584156757193,95.34243592568876,-71.97276338269046,16.605413457773118,1.6466605616605616,0.14738705738705737,0.13550061050061046,-0.01418803418803427,-0.007942612942613003,0.02475,0.02750688034188034,924698567.9153652,230283596.9384391
rl:electrode_high_z:+5,1.64496336996337,178.1323979187049,38.88129089654484,33.433237907023724,229.52738397177578,4.125426779994095,35.537002866658945,222.04090956974497,-9.53141705552639,41.155249263781315,202.95966079374475,-27.660341760698778,46.76432019229811,166.90183823635235,-77.08205403426197,48.034829746941185,1.6447761497761497,0.2346927146927147,0.2191798941798942,-0.018347578347578386,-0.009281644281644297,0.00875,0.04422037444037444,632792902.9033165,113271385.92281625
rl:electrode_high_z:+20,1.672967032967033,209.9652474338939,39.19315141895947,47.02945894249976,270.0770614773214,4.437696367335744,47.031047917335464,271.0431745040493,-4.552188586270139,48.02217285018301,267.3067090432349,-23.638436520349767,53.648354397172135,220.23768150536813,-75.40554276211688,59.14572152778986,1.673060643060643,0.27974155474155477,0.2575803825803825,-0.02225478225478228,-0.010972730972730937,0.003,0.05236223036223036,88743942.31819221,16382873.394336928
la+ra:electrode_high_z:+5,1.6753846153846155,162.20171750900838,39.8552448905884,33.75860852603169,210.44925126430917,4.587499516981149,34.104507069923265,213.8343415329731,-8.922265495220277,32.643941546291444,194.09301571939227,-28.740858172283758,33.1957177860238,153.80056628823323,-77.60075766658724,39.44611252561231,1.6753540903540904,0.22305250305250302,0.2004884004884005,-0.025152625152625174,-0.00863247863247868,0.0085,0.040866874236874226,684357191.0400966,139196211.78434122
la+ra:electrode_high_z:+20,1.65503663003663,127.08015623557594,38.50470028438084,28.1243667885309,162.76646476117003,3.255075778283389,24.170307768389286,150.44482419442224,-19.98977007538977,15.193199621795856,115.12461337260703,-36.789844832464766,12.915895237461617,85.88622497744018,-81.31372925523657,18.202927728137553,1.65506512006512,0.16315832315832324,0.1553011803011804,-0.010706145706145642,-0.007281237281237196,0.024,0.031040492470492478,1217075019.449913,251153060.88835236
