condition,dc_out,dc_ina_out,acd_mag_0.05,acd_ph_0.05,cmrr_db_0.05,acd_mag_0.5,acd_ph_0.5,cmrr_db_0.5,acd_mag_10,acd_ph_10,cmrr_db_10,acd_mag_50,acd_ph_50,cmrr_db_50,acd_mag_150,acd_ph_150,cmrr_db_150,pulse_baseline,pulse_peak,pulse_end,pulse_undershoot,pulse_tail,pulse_rise_time,pulse_area,zlo_mag_10,zlo_mag_100
healthy,-0.0006105006105006083,-0.0012210012210012167,315.0052330797717,39.27567167449364,49.30604910773137,407.38979649720136,4.434827861375528,49.8617032160258,409.0139734260679,-4.403492909076952,49.211202157715505,405.53425910037004,-23.463600540319646,43.412644028293144,331.03395235848006,-75.03632401791687,40.28817717483907,-0.000579667246333911,0.42339142339142344,0.3884633884633884,-0.034582701249368235,-0.016872016872016803,0.003,0.07898552681886015,57766306.30317026,27021056.516386524
R1:open,0.001831501831501825,-0.0012210012210012167,6.312756718257103,38.885902936506454,-11.954595721965774,8.094806438454619,2.658891654785127,-9.794667130060592,6.9452729654238645,-36.11037360369352,-11.125069312035189,2.5278642204930906,-96.94505909244808,-19.903641737846712,0.7141648012655685,-164.14230009783915,-30.882883220917364,0.0017513350846684117,0.010600510600510791,0.007825507825507793,-0.0033793367126700447,-0.0003515003515003174,0.054,0.0015048901715568309,2500001093.1392636,1241716976.9961398
R1:short,0.006715506715506692,0.004884004884004867,314.9669804117345,39.286300441957096,47.576256410843605,406.0049990315556,4.4186061277538435,47.758410648052234,408.69592810375127,-4.429999192997542,46.43212753525307,404.65742124285657,-23.575415614073666,41.49310904782105,327.8576272671154,-75.00483718077358,37.54002696100027,0.0067031733698400126,0.4228240894907562,0.38795772129105455,-0.03414486747820091,-0.01687201687201704,0.003,0.07868565385232051,58128737.31712709,26491401.090774328
R1:parametric:-0.5,0.001831501831501825,-0.00366300366300365,315.19152458093635,39.23879961629265,48.47557595935682,406.8744571353681,4.421779482709564,49.02585426507393,408.5270647852385,-4.381261365334856,48.250093343871626,405.2714594318812,-23.476446035807264,42.08078911037366,331.1401071955267,-74.96293955162997,39.230471333460954,0.00188700188700188,0.4232310898977565,0.3884263884263884,-0.0349897016563684,-0.016798016798016967,0.003,0.07886237219570559,55700819.63996846,26386283.698494285
R1:parametric:-0.2,0.009768009768009733,0.006105006105006083,315.1670748734273,39.25315637267366,48.862087363676665,407.20788179457713,4.4455647063486765,49.814486960270074,408.94722494882205,-4.38980798926245,48.17031914601541,405.78120994889423,-23.45571679856547,42.90012142539467,330.0963828080796,-75.09043522558062,40.19557650669729,0.010286010286010248,0.4231262564595896,0.38829072162405487,-0.03470603470603459,-0.016896683563350175,0.003,0.07893468876802212,57523755.59712704,25738792.15383257
R1:parametric:-0.1,-0.006105006105006083,0.0073260073260073,312.9794703337885,39.28498479338739,48.76369186569978,406.4871401714262,4.425501025690682,49.92958662381335,408.07342004961527,-4.4307592864261975,48.44874068866467,404.29534642393924,-23.59895381432914,42.67068847508747,329.8334077150196,-75.16164975944818,39.3780624740388,-0.00590150590150588,0.42196692196692226,0.387057387057387,-0.034015367348700774,-0.017020017020017167,0.003,0.07880314746981416,60600830.431688234,27367728.103069644
R1:parametric:-0.05,-0.007936507936507908,0.00366300366300365,314.22059952919636,39.28941747957218,49.41236542523184,405.9101513800754,4.431115752051992,49.22254247049342,407.61890920570943,-4.40350268266085,48.50717534920347,404.06414897625615,-23.484713397432827,43.000407844558524,329.13705763750784,-75.15494982443877,39.41786395163668,-0.008078341411674716,0.42235542235542217,0.3869587202920536,-0.03489720156386811,-0.016773350106683377,0.003,0.07873134889801559,56888602.60151421,27312257.97388778
R1:parametric:+0.05,0.005494505494505475,0.0012210012210012167,314.74758265944763,39.28456456080811,49.596256520583765,407.0032920031981,4.450574679137221,50.21095151408103,408.3905569146019,-4.405161724478342,50.6818192848025,404.8269662541103,-23.43985759166111,44.77483552721502,331.98191312517974,-74.92089291867099,41.40317070895311,0.005297171963838611,0.42298442298442324,0.38782822116155447,-0.03486020152686827,-0.016872016872016816,0.003,0.07892851592851596,55593528.77825609,27863732.251755543
R1:parametric:+0.1,0.007936507936507908,0.00366300366300365,315.0072253341757,39.2148800719248,49.33799062800263,407.4907426498532,4.43564639537733,50.46016158667824,408.8104771183815,-4.400976891612331,50.09214375010269,405.1932035467647,-23.50568955591494,43.58259354274092,331.01716827776,-74.8115723680157,40.96272487251562,0.007979674646341285,0.4233975900642566,0.38848188848188847,-0.035057535057534936,-0.016742516742516693,0.003,0.07904372171038837,57000997.231104,28497622.35890708
R1:parametric:+0.2,0.004273504273504258,-0.00366300366300365,315.49171353488896,39.22458271990068,50.90054001986006,407.79463400097336,4.4372040686531715,51.130846338823005,409.2702715721345,-4.38745320440484,50.44266004495233,406.1938485549252,-23.468468102038997,43.945657709947525,331.3720753690302,-75.02189858918146,40.05264247860581,0.004674338007671325,0.4238847572180906,0.38915405582072243,-0.03478620145286822,-0.0168226834893501,0.003,0.07905837372504038,56212220.383099906,27841962.869497143
R1:parametric:+0.5,0.010378510378510342,0.00366300366300365,315.2692398807954,39.21416575150056,49.447513299068646,406.7984802623989,4.437902557983309,49.902375781306276,408.15543432350626,-4.364813333170666,49.01895902445076,405.10886858151537,-23.356946339433264,42.91039684579508,331.7419623272868,-74.81807029660462,39.1735696803448,0.009965343298676597,0.4234037567370901,0.3874150540817207,-0.03485403485403474,-0.016557516557516503,0.003,0.07880047113380445,59288081.44047328,28613966.88863545
R2:open,-0.014041514041513992,0.004884004884004867,6.894385312960962,39.18479114967712,-11.188813681380836,8.913232147420604,4.604433662504558,-8.958037614113028,6.983333281721021,12.163115162146697,-11.077402901457916,26.234412206384423,59.57897219752189,0.4183835672254951,68.85605567154781,2.692177465394855,8.800174409244555,-0.013924347257680542,0.04499204499204483,0.00854700854700851,-0.03421270087936743,-0.00031450031450033084,0.001,0.0017228943895610937,2499997985.1009436,1211688496.5706086
R2:short,0.0012210012210012167,-0.00366300366300365,315.94785552329176,39.17459177954148,50.37418241209055,407.544552060006,4.419626109460653,50.81695521338828,408.6394964207466,-4.387742430769287,49.379196355181534,405.02079348343597,-23.303305312694516,42.649237242472665,332.02391389049325,-74.59591746496761,37.17855256555998,0.0009003342336675638,0.4235764235764236,0.3883708883708883,-0.03454570121236776,-0.01682885016218344,0.003,0.07903402770069437,55030778.76752769,25235762.5735241
R2:parametric:-0.5,-0.0024420024420024333,0.0,316.3335891683822,39.178363253650936,49.40336264372344,407.700297373573,4.433701210966248,49.84513991097481,409.4861140777917,-4.410097340773312,49.1939926213737,406.04121194969014,-23.4470644682829,44.13229726932774,331.04257611815035,-75.11767293574367,39.46830713945897,-0.00224466891133557,0.4231817565150899,0.38865455532122195,-0.03429903429903445,-0.016748683415350026,0.003,0.0790493333826667,53389124.73160188,25178994.992799237
R2:parametric:-0.2,-0.005494505494505475,0.00366300366300365,315.68319391375235,39.193219047429324,48.07763907130884,406.8332349660458,4.416713928759647,48.79471502751676,408.3202731514584,-4.404205461204857,47.67773276969203,405.3394246255281,-23.506793069750355,42.77873198059649,330.4434009188433,-75.16554025351829,40.89682061209185,-0.005833672500339147,0.4233235899902569,0.38827838827838823,-0.03497736831070175,-0.016841183507850112,0.003,0.07887270137270139,58736154.8642731,26340639.44877248
R2:parametric:-0.1,-0.0030525030525030417,-0.00366300366300365,315.45201397605194,39.304237554790376,49.11634560612639,407.5984905178975,4.46441956870771,49.66131793033333,409.26133255492294,-4.3986232904132265,48.634541298054984,406.0710647221663,-23.461401270418555,43.040520191325555,330.9072189191998,-74.92821324570022,40.8775053842363,-0.002633169299835957,0.4238847572180904,0.38871622204955536,-0.03498353498353507,-0.016927516927516872,0.003,0.07900392817059482,57078503.27650533,25830309.39099877
R2:parametric:-0.05,-0.005494505494505475,-0.006105006105006083,315.3907140566806,39.20883426555945,49.09055232022658,408.2962323795815,4.434150244642886,50.032067783689854,410.09978392472226,-4.442148514808635,48.91550295172313,406.47797535146515,-23.593326997307507,43.33597486704131,329.7275104883296,-75.06050057711244,40.97150386970455,-0.00543283876617208,0.42423009089675773,0.3887408887408889,-0.033799533799533675,-0.017057017057017218,0.003,0.07913744897078229,57623879.23605612,26903234.241824962
R2:parametric:+0.05,-0.0146520146520146,-0.0012210012210012167,315.5675523361256,39.12888986450328,50.179160759757515,407.4054818553368,4.413107107782102,51.12481355684089,408.8563227827103,-4.396275357587008,50.82183786377318,405.95911868116093,-23.528531813564072,44.306995086991265,330.9249342206639,-75.15923636214863,41.482596105466925,-0.014393014393014342,0.4236257569590901,0.3885435552102218,-0.034564201230867786,-0.016754850088183573,0.003,0.07900851000851003,56115622.98955613,27387273.409613628
R2:parametric:+0.1,-0.0006105006105006083,-0.00366300366300365,315.19749282518114,39.25516154582031,47.66185210546446,407.70298019572294,4.436230112173751,48.06514593646186,409.31227559974224,-4.388301872267011,47.39968022641761,405.9728884669747,-23.42184338347734,42.261964628277,331.02780002294105,-74.98685527637679,39.42375864266164,-0.0007770007770007742,0.4236812570145902,0.38864222197555526,-0.0346135346135345,-0.016798016798017165,0.003,0.07899227932561265,56530503.07321173,28035350.04263515
R2:parametric:+0.2,-0.0006105006105006083,-0.00366300366300365,314.9094924274906,39.278711198637566,48.57514122134006,407.0550963149135,4.446236716223886,49.83159810549162,409.2217232504381,-4.410926717718485,48.99690192707165,405.57561680984134,-23.4847342657582,43.45708090971125,330.78179159183946,-74.70594555756043,40.50904066211112,-0.0002466669133335791,0.42371825705159044,0.38832155498822163,-0.0345148678482015,-0.016970683637350235,0.003,0.07894053477386812,57456468.71828054,27074770.687237374
R2:parametric:+0.5,0.009157509157509125,0.00366300366300365,313.83786607466425,39.41454928991044,48.40942330784125,406.5504917378393,4.466669575141879,49.00954892949602,407.78457300092117,-4.415694599204761,48.714930132758425,404.26365289257035,-23.429674191961965,42.62509892519384,331.1821606939825,-75.22343989070372,39.391396095185115,0.00958917625584289,0.4220840887507555,0.3872917206250539,-0.034687534687534785,-0.01676718343385026,0.003,0.07881926715260047,61300528.698345885,29326736.361008942
R3:open,-0.011599511599511558,-0.0012210012210012167,317.054472107655,39.25227416296603,41.12624023940937,409.2898309023465,4.393342351635043,41.93467645992598,410.4607802822384,-4.48340845090149,42.878100511817195,406.54302469761774,-23.661917847842986,41.905135643065634,331.6925791626153,-75.05979040093408,39.879790956510234,-0.0115748449081782,0.42406975740309083,0.39033805700472357,-0.03362686696020038,-0.016970683637350256,0.003,0.07935851185851187,59261026.683725476,27714319.91792718
R3:short,0.006105006105006083,0.0012210012210012167,1.4752975142434086,41.50818357326257,-24.581131575634032,2.111184394083951,21.740787188605637,-21.46831809155678,13.418285609186505,76.36862479013024,-5.405115699647222,81.92275407507806,59.21801404311552,10.309497855411266,272.69580282195386,-20.100700823671588,20.754829030074006,0.005821339154672468,0.13971213971213967,0.0018623351956685227,-0.13976763976763973,-0.00016650016650017474,0.002,0.0005854885854885868,2312584.45092441,15486731.868284214
R3:parametric:-0.5,0.012210012210012167,0.0024420024420024333,314.7396026257683,39.23368453577779,43.232659086259034,407.06163054782814,4.459420151761719,43.23104251020383,408.4776558344588,-4.315487834452549,43.59760196629723,405.5714114885796,-23.17356164528819,42.46894818758477,330.57066894780405,-74.83091838654906,39.54552198053223,0.01215451215451211,0.42329892329892316,0.38778505445172107,-0.035668035668035766,-0.01673635006968369,0.003,0.07890198073531408,54507651.9688356,27113624.737589933
R3:parametric:-0.2,-0.009157509157509125,0.0,316.17415594633076,39.17510335584069,47.46391617227121,408.2569075607497,4.420590440725295,47.94640290134218,409.85125285639947,-4.386004177571644,47.76006913466766,405.78701389183783,-23.390321166408782,44.813481823160906,332.3203893090986,-75.09869602458886,41.68622378003548,-0.009373342706676006,0.42328042328042353,0.389400722734056,-0.035328868662202084,-0.016699350032683316,0.003,0.07914170397503731,56333326.75827725,26665818.1581363
R3:parametric:-0.1,-0.013431013431013383,0.0012210012210012167,315.4984599837386,39.27573409988581,49.21477079501986,407.9955700266205,4.428365609928264,49.87832914963623,409.3200788042735,-4.399001366105653,49.34472776984514,405.7270757391462,-23.529752984949305,42.833274277940426,330.61609021320874,-75.31575452348031,40.35755826941189,-0.013017846351179637,0.4233359233359232,0.3886977220310553,-0.034878701545368304,-0.017013850347183834,0.003,0.07908091908091908,54040876.741818696,27191606.527432635
R3:parametric:-0.05,0.008547008547008517,0.00366300366300365,313.8715189813455,39.51849896511679,47.63695112948985,407.3755270683303,4.468593304056569,49.08185100232926,408.79284410100036,-4.403964468688476,49.08303437980918,405.66492378036725,-23.381847030008053,43.58364313301371,332.2621275769938,-74.91268311147073,41.63406675072882,0.008201674868341505,0.4235517568850903,0.388710055376722,-0.0353473686807021,-0.016921350254683748,0.003,0.07894535711202386,58115339.68032612,25400435.941488158
R3:parametric:+0.05,-0.013431013431013383,-0.0012210012210012167,315.002468247594,39.09233743714797,48.69407862720156,407.1415640949335,4.405723667958611,49.94784431898921,408.54402711950996,-4.407726194801904,49.779249090766086,404.2634622371613,-23.558635636473788,43.46206265988032,329.87025963040577,-75.16633410401501,40.15748319528648,-0.013720847054180339,0.4220532553865888,0.38852505519172176,-0.034767701434368206,-0.016779516779516723,0.003,0.07893964060630726,57920253.89955284,26710735.334635876
R3:parametric:+0.1,-0.012210012210012167,-0.006105006105006083,315.5966266685072,39.286236039121945,49.58240121580864,407.7206519953908,4.419431721511655,49.8305312286511,409.19559968209046,-4.444414594879197,49.849658271245815,405.51876394130636,-23.668422911145154,42.64380079653924,329.6592772401824,-75.00771120254535,39.33795938567854,-0.01216684550017879,0.42287958954625626,0.3882228882228882,-0.033910533910534,-0.016699350032683302,0.003,0.07900861484194818,57363314.55131954,28182849.34700636
R3:parametric:+0.2,0.0012210012210012167,-0.0024420024420024333,315.5546746677275,38.988107902875626,48.43448978962239,408.0094259322133,4.423537199238353,48.67092491836111,409.5070849980664,-4.40383233807178,47.51961143443046,405.96813747053665,-23.48118865924595,41.790619219423135,331.9401842258018,-75.23229848568565,38.47953098133695,0.001264167930834593,0.42398959065625713,0.38888272221605574,-0.03472453472453483,-0.016995350328683878,0.003,0.07910963727630396,55813612.85930173,26910454.546265732
R3:parametric:+0.5,-0.01831501831501825,0.0,315.0868820428409,39.37174492565521,48.38636069552774,408.0883007338294,4.4650878243033905,49.941471254218406,409.8000651011225,-4.462659975524824,48.50494403684597,405.59687459127326,-23.630419330283267,42.49319621980494,330.29239778645535,-75.14439482736574,39.15746267511872,-0.018345851679184948,0.42289808956475605,0.38924655591322255,-0.03464436797770118,-0.01689051689051682,0.003,0.07909574992908326,57732617.2517912,27235002.439558674
R4:open,0.012210012210012167,-0.01098901098901095,316.7552861545656,39.232331621015625,41.842057071022154,409.39298416941995,4.402336667335365,42.215261712711936,410.5821605096422,-4.451050203761315,43.61355537207179,406.58541157812436,-23.618919560944825,42.93004632682053,331.4989349816809,-74.9802637619363,40.786753648519216,0.01193867860534523,0.4247542580875915,0.39012222345555675,-0.03412020078686755,-0.016946016946016884,0.003,0.0793892650559317,54933353.44931352,25654846.455634918
R4:short,-0.0012210012210012167,0.0024420024420024333,1.9935612634909408,40.813893848385135,-21.966313251155814,2.681921173089202,21.73300226368955,-19.390189986250235,16.228822068673743,76.64005316236594,-3.753140351336914,98.90908549177354,61.14912231447619,11.945758102604046,310.2491585907421,-22.589950054175784,21.87535925442809,-0.0014491681158347773,0.16701816701816719,0.002183002183002181,-0.16792466792466776,-0.0001603334936668204,0.002,0.0007475795809129113,2510807.718165851,16200235.820179977
R4:parametric:-0.5,-0.0073260073260073,0.00366300366300365,314.2095238190803,39.28315225154462,41.28313733502944,406.5089206761199,4.477403057480439,41.62194978621344,408.1368319266512,-4.361657984332947,42.29346524961605,405.10044713283656,-23.38969812109599,42.87491760089142,330.70917306060414,-75.17477358407747,40.61726536235132,-0.007122507122507097,0.4230707564040898,0.387692554359221,-0.035421368754702184,-0.01677335010668338,0.003,0.07878810695477362,57996289.57926871,25882790.32840169
R4:parametric:-0.2,0.009157509157509125,0.006105006105006083,315.33448443658705,39.20327136933636,48.083288929412795,407.17587028416017,4.44320722354912,49.06359467305199,408.505814161112,-4.403969351832192,48.213096248200756,405.2440600225316,-23.47453068030949,43.687190538756546,329.67037661389406,-75.14600832459041,40.301836114611355,0.00887384220717551,0.4232495899162566,0.3883893883893883,-0.03446553446553456,-0.016662349995683275,0.003,0.07888446738446739,54320622.84796594,27147846.49583859
R4:parametric:-0.1,0.007936507936507908,0.0012210012210012167,313.723181196084,39.34370498015268,47.926065717916046,406.8274615571091,4.464424796051226,48.796466734458136,408.0870995825795,-4.3976862481936525,48.359970943456375,404.5305426050155,-23.48842710623164,43.919135672466055,330.74249572410827,-75.00157059841138,39.57038972364023,0.00839284172617503,0.42247875581208916,0.3878713878713881,-0.03464436797770141,-0.016958350291683785,0.003,0.07885593418926753,59648533.09794052,27569520.961404856
R4:parametric:-0.05,-0.012820512820512775,0.0012210012210012167,316.05311706356105,39.251552224742554,49.84491232638322,408.71511494283857,4.459328172285866,50.419288684762144,410.1761343851273,-4.402014752910734,49.080055809696916,406.6622061795285,-23.51959346622293,43.67076678464896,331.4109877296962,-75.16147937694784,40.77251181328974,-0.01312267978934641,0.424495257828591,0.38949938949938967,-0.03455803455803487,-0.017020017020016973,0.003,0.07920710154043488,56719499.16038419,26065911.393530715
R4:parametric:+0.05,-0.006715506715506692,0.00366300366300365,314.0496953385797,39.36599763894749,48.423613455515834,406.8941348583955,4.414433399728512,48.802952242088026,408.9211449776083,-4.436457574802143,47.74349456477454,405.42655384366344,-23.512109908888984,42.146089767134825,330.25730074908904,-74.98353557001555,39.327012551295084,-0.006530506530506507,0.4231509231509234,0.38803172136505487,-0.0341263674597009,-0.016724016724016647,0.003,0.07890400957067623,59641847.158338435,27485377.661551222
R4:parametric:+0.1,0.009157509157509125,-0.006105006105006083,315.9379588263448,39.00875104787312,49.47444981864928,407.62465852606704,4.3933647398781295,49.58059103603249,409.1359859941713,-4.407402592892221,48.79594899980822,406.0006830350586,-23.43526200212875,43.389437318630044,333.1717566518165,-74.98193145677021,40.390995968458625,0.008843008843008811,0.42409442409442394,0.3887963887963888,-0.034730701397367954,-0.016791850125183395,0.003,0.07906174072840741,59275914.691175096,25848476.276077356
R4:parametric:+0.2,0.011599511599511558,-0.0012210012210012167,314.7112602464472,39.170480429174546,50.53964250751057,406.1193124219901,4.421696968008639,50.9471867912884,407.81147730331304,-4.401471340339137,50.134927278114525,403.9525699746897,-23.43477675138886,43.718789912177854,330.0923617302292,-74.81719610401079,40.3802288018356,0.011371344704677998,0.4223862557195891,0.38749522082855437,-0.03457653457653445,-0.01645268311934972,0.003,0.07880649597316267,55239484.81928092,27561057.082360797
R4:parametric:+0.5,-0.005494505494505475,0.0024420024420024333,316.31998501167357,39.235457345414446,48.953603641367906,409.3080576000276,4.433983235750744,49.728546967664315,410.96048743581923,-4.424603991903638,49.386328914373024,406.789904989971,-23.554296741922805,43.48531808353145,331.2862265598626,-75.07085651802151,41.17426206199289,-0.005247838581171896,0.42434725768059106,0.39021472354805686,-0.03394753394753383,-0.01686585019918347,0.003,0.07932649449316113,58969885.691935286,26961698.229901914
C1:open,0.011599511599511558,0.00366300366300365,315.2653107033909,39.09613488236042,48.299329603645944,406.70977960470896,4.457133462504732,48.77862224946322,408.35434394867514,-4.211216054813345,44.64892693282955,406.35398466180527,-22.772505027966396,35.79551613195587,333.1328354975591,-73.61584037513046,31.805469128617545,0.011556344889678181,0.42425475758809095,0.388074888074888,-0.03679653679653688,-0.01667468334134993,0.003,0.0788835115501782,59800666.04387437,27299462.25947045
C1:short,0.00366300366300365,-0.0012210012210012167,1.3687949876813943,41.265922983550716,-25.232315836461133,1.8968421080212745,21.630764691444384,-22.397964202008275,11.8667367360223,76.89076137519525,-6.472065534843168,80.57843800102913,65.4265119865648,10.165388029539537,270.6731245097208,-19.441633535873564,20.6900969439399,0.003983670650337303,0.1367459700793034,0.0019610019610019442,-0.1366349699683035,-0.00014800014800014222,0.002,0.0005290820290820282,2554977.6363568,16248726.100795273
C1:parametric:-0.5,0.004273504273504258,-0.00366300366300365,314.8833429233679,39.323487507179294,50.152329038283014,406.7860558102678,4.463396842610862,50.3131571242624,408.589319707903,-4.320533785015662,47.99630202650532,406.53490718015587,-23.236364594168464,40.69663205018156,331.99115606282174,-74.71694325337117,37.16724076975994,0.003841837175170495,0.42400192400192405,0.3880502213835549,-0.03581603581603613,-0.016841183507850334,0.003,0.07888381988381987,58353052.215319075,27349692.67882493
C1:parametric:-0.2,-0.014041514041513992,-0.00366300366300365,316.23092495178423,39.06100798758327,49.55894488836552,407.834876265189,4.424940895443534,49.861135244283815,409.84120416435593,-4.340857655895723,49.21051433287677,406.12264285739843,-23.25332306943858,44.507863661646894,331.8855589700855,-74.75396920573411,41.41639301153449,-0.013887347220680505,0.42410675744009063,0.3887902221235554,-0.035668035668035544,-0.016705516705516652,0.003,0.07907716974383644,58955759.157137334,26217277.01009875
C1:parametric:-0.1,-0.015873015873015817,0.0012210012210012167,314.3087735297605,39.03181793393499,47.44187885194731,406.5199926708591,4.386213370416015,47.678123064339864,408.0537131506368,-4.425243593928657,46.92814321923754,404.89081681034514,-23.717263358997577,42.193421370661795,328.34753896492185,-75.03041867066258,38.00821182967643,-0.015792849126182402,0.4227624227624228,0.38722388722388723,-0.034064700731367505,-0.016545183211850042,0.003,0.07879879379879377,62714179.62106776,28674434.344518572
C1:parametric:-0.05,0.007936507936507908,0.00366300366300365,314.1637948547468,39.25445596390854,47.52573021669093,407.19701177546443,4.418703980694095,47.62630368501786,409.09419407255706,-4.4227784859278145,47.010734713508384,405.3409120500795,-23.462590989438148,41.68602791248642,329.3030935084556,-74.9144197550851,39.22913135275352,0.00838667505334169,0.42294125627458945,0.38777272110605443,-0.03404003404003391,-0.016551349884683274,0.003,0.07894916811583477,62889926.99900615,29642767.1936562
C1:parametric:+0.05,0.017094017094017033,0.00366300366300365,314.71703324630585,39.22092647226957,50.364547868502356,407.38376507164753,4.431512367521512,50.8192128610292,409.14899453242526,-4.416679963363974,50.54473792110332,405.19421499863506,-23.50435452951165,43.63192957642127,331.1715523603193,-74.99370582679629,40.922684741215726,0.017198850532183806,0.42286108952775603,0.38833388833388827,-0.03384886718220039,-0.016711683378349985,0.003,0.07900545750545752,57564725.26423633,27198966.887048606
C1:parametric:+0.1,-0.008547008547008517,0.004884004884004867,314.285604587787,39.185820426268435,47.09231622425034,406.16412722417186,4.427917442955639,47.55919753820905,407.9250947686676,-4.417266691742074,47.087593451305835,404.76372015769164,-23.52320590675836,42.146730186315324,331.013140047452,-75.26185792908606,38.670058884072766,-0.00828184161517492,0.4228117561450895,0.3870080536747203,-0.03455186788520133,-0.016551349884683594,0.003,0.0787451684118351,57186738.03019565,26753792.940456808
C1:parametric:+0.2,0.00366300366300365,0.0012210012210012167,316.04992342313886,39.141479493534106,49.48611392160801,406.9147603281241,4.422534599190945,51.15143088666221,408.7088680677559,-4.395135885267626,49.58687933120608,405.40603659435976,-23.401166702493526,43.673780614724734,333.16883465988474,-74.94068125064892,41.16560321399652,0.003928170594837247,0.42353325686659027,0.388691555358222,-0.034397701064367826,-0.016736350069683333,0.003,0.07894028810695478,56290258.04546584,26359259.519597508
C1:parametric:+0.5,-0.004884004884004867,0.0012210012210012167,314.61040635542014,39.25840492045781,47.12886781417316,407.171991977384,4.427145188816617,47.87453760918528,408.47212574167827,-4.456374333023692,45.22984793603406,404.3416963693999,-23.591968222413215,37.58277173578158,329.18415264970554,-75.35683940585994,35.13948916127305,-0.0048593381926715085,0.4222197555530889,0.3878837212170547,-0.033287699954366506,-0.016637683304349914,0.003,0.07893222826556161,61252677.58435342,27505802.88866681
C1:cap_degradation:+0.2,-0.0073260073260073,-0.006105006105006083,315.4085010543312,39.2246346147969,47.781929434480176,406.4193047226179,4.429660608347055,49.14545073689593,409.13053398137754,-4.374569145682507,48.76827022643418,404.82005234949804,-23.351494037573474,42.94325952679669,331.95117326404807,-75.0220094815346,40.58033493619414,-0.0075418408751741816,0.4226760893427563,0.3873348873348875,-0.03530420197086851,-0.016650016650016593,0.003,0.07879553779553777,59074137.624579005,26495474.86152143
C1:cap_degradation:+0.5,-0.0006105006105006083,0.01098901098901095,314.09102066378,39.31268660044849,47.7399012880889,406.9873988574353,4.463156422112449,47.745875850699115,408.6408212998657,-4.326122887765707,46.3525063268814,405.5731714965476,-23.314292418743634,40.73571720140344,330.8634184039189,-74.87630873784778,36.57425438834058,-0.00019116685783352383,0.42400192400192405,0.3880070546737213,-0.03572353572353561,-0.016613016613016545,0.003,0.0789130869130869,58209043.98401251,27994379.95574621
C2:open,0.0030525030525030417,0.0024420024420024333,314.3781920317818,39.24336828288435,47.05369510725426,405.9846450055219,4.4759498743602055,47.27268780178305,408.2228390655895,-4.2648587703359375,44.559697830607476,406.0939679160972,-23.067422981702137,35.6471638926219,331.7158794502392,-74.2613781026285,30.88685721274465,0.0025591692258358834,0.42399575732909073,0.38728555395222053,-0.03671020337686992,-0.01682885016218342,0.003,0.07868809585476252,59060817.89068152,28996369.260117956
C2:short,0.015262515262515208,-0.0024420024420024333,2.046571264930263,40.98000649604978,-21.73832754069948,2.8006177377791808,21.83266821363396,-19.013534869687145,17.053110921239714,76.60442303084191,-3.3229475402119695,109.62795753687678,61.125846298815304,12.839590462757835,313.334342862986,-27.11932665758679,21.9614625485237,0.015515348848682126,0.17856834523501214,0.002516002516002508,-0.1753185086518418,-5.5500055500055934e-05,0.002,0.0007831921165254486,2280082.2109150877,15375252.92597479
C2:parametric:-0.5,0.001831501831501825,0.0012210012210012167,316.6292673504146,39.12812576589336,51.97590042987071,408.5742803151234,4.443518251867063,52.06583409409243,410.10658636023135,-4.3336202277197495,48.833228004351305,407.3607918383501,-23.177394605935945,41.62140582092906,334.3287410025455,-74.48587709249911,38.42790990744563,0.0018500018500018434,0.42547575880909194,0.3892588892588892,-0.03544603544603532,-0.01679185012518361,0.003,0.07920034903368237,55993379.226514935,26127583.895110212
C2:parametric:-0.2,-0.012210012210012167,0.006105006105006083,314.61651482232344,39.23642726056085,48.832731842618955,408.22315754266367,4.436973138869895,49.82593616184178,409.56336319326596,-4.340416175930368,48.601425480472955,406.61321037683655,-23.32351210636454,44.39248622372805,332.476029572134,-75.07062645313584,41.41578459618602,-0.011907845241178532,0.4252105918772584,0.38895055561722225,-0.03537203537203525,-0.016921350254683748,0.003,0.07911325711325709,56389057.33049053,26023456.189101025
C2:parametric:-0.1,-0.008547008547008517,0.0012210012210012167,313.04627515105494,39.27797140358596,47.03462560035286,406.115453584006,4.436066349969648,47.46416175200366,408.19336916558734,-4.401351123617992,47.48997189682599,405.29668341027013,-23.554613511344314,41.656431901814365,331.5392896304817,-75.30359045440782,39.06399154819344,-0.008917008917008886,0.42288575621908986,0.3872732206065539,-0.034786201452867996,-0.016656183322849936,0.003,0.07872330755664088,59255360.51406999,28013584.314823754
C2:parametric:-0.05,0.0006105006105006083,0.0012210012210012167,315.3952303626969,39.20220774313469,48.87085193536109,407.1547172431488,4.424657212460096,49.330479477209835,408.48171131833533,-4.3655944202280965,48.98250914031562,405.30252302082306,-23.384450174060014,43.988183248760144,331.6246946642807,-74.8477725268383,41.84575869227395,0.0007831674498341137,0.4231139231139234,0.3878467211800545,-0.034977368310701765,-0.016754850088183365,0.003,0.07891352474685807,58526032.36318387,27149080.053636186
C2:parametric:+0.05,0.004884004884004867,0.0,314.4489397745823,39.47863087264485,48.93663386350636,406.2056374505444,4.460933818888487,49.247764742359074,407.656777226235,-4.395499859305897,48.284000163150985,404.45359504663793,-23.36116152189609,42.61048870841891,330.52240672069837,-74.84529832098707,39.43085384291295,0.004514004514004498,0.4220532553865888,0.38715605382272045,-0.03479236812570133,-0.016989183655850268,0.003,0.07873832340499007,59172779.25359323,27880382.5124612
C2:parametric:+0.1,0.001831501831501825,-0.0012210012210012167,314.84827347898056,39.29125305942443,47.96632456242587,406.9643378546019,4.446000832460793,48.62956956178978,408.62242583425694,-4.43692742371498,48.126369603311645,405.0558404098392,-23.640165100454944,41.941367122595864,329.0669502841488,-75.04149172860134,38.23598649146753,0.002238502238502231,0.4232619232619231,0.38796388796388814,-0.03418803418803428,-0.01705701705701699,0.003,0.07893660660327323,59661723.35056988,27916527.9020905
C2:parametric:+0.2,0.0,-0.00366300366300365,316.5760903011434,39.1868117647515,52.36738849410665,408.2504188071414,4.421439459016582,52.314012955352325,409.9562151289214,-4.447542868175268,49.947906505965676,405.9603051713645,-23.68696270010132,43.45991520598656,329.1838173720398,-75.23879550810989,40.00866445928851,-0.00019733353066686327,0.4236812570145906,0.3890492223825557,-0.03390436723770046,-0.017020017020016966,0.003,0.07913313846647177,54850577.2352903,26810036.392728187
C2:parametric:+0.5,-0.004884004884004867,-0.0012210012210012167,314.96326013508485,39.20136094192851,49.745115247388476,406.75899364031136,4.413805978970439,49.71854898544825,408.3328216738191,-4.445944395721499,46.4966382170317,404.5418762973752,-23.505262411299157,39.413104001209646,331.0337301697242,-75.10754168145571,36.044452040697664,-0.0046065046065045905,0.42251575584908946,0.38833388833388827,-0.03399686733020054,-0.01659451659451653,0.003,0.07883164983164986,62005494.827550165,27196554.717196375
C2:cap_degradation:+0.2,-0.0012210012210012167,-0.0024420024420024333,315.98129085989365,39.38217553293283,49.35917369484196,407.6334555624111,4.472744319950962,50.100029682709405,409.2406067033046,-4.353318059170657,49.75223619284482,406.28206304572984,-23.3302017125473,43.72265151037265,332.6329218479801,-74.70397947613768,41.19113500869379,-0.001147001147001143,0.4243534243534244,0.38830922164255494,-0.035236368569702,-0.016804183470850068,0.003,0.07901321517988187,57318203.5506625,26435041.087221675
C2:cap_degradation:+0.5,0.0006105006105006083,0.0012210012210012167,314.06926256193594,39.13085153256578,48.86723846383132,406.01304553590745,4.430107860634898,49.310213125593656,407.5603665452395,-4.360567837612422,47.76475356345868,404.4323466947934,-23.426263970373892,40.58841724808745,330.32419517434033,-75.06302676684513,36.3379454306617,0.0005365005365005346,0.4223245889912557,0.38747672081005435,-0.0354707021373689,-0.01684735018068346,0.003,0.07869376302709635,56097029.33325468,27460299.594328016
R5:open,0.006105006105006083,0.006105006105006083,626.6401487846776,-139.17624719675462,39.99983911923013,810.8057626769837,-153.4740350780472,39.99990831800751,623.5843390164137,-21.948390315626597,39.999891261627326,472.4399014426299,-48.862767101119786,39.9998961581037,427.4321619992876,57.997955022011695,39.99982666319862,-0.011988011988011988,0.22381322381322377,0.0004995004995004895,-0.1646686646686648,0.0001973335306668586,0.023,5.1208051208048166e-05,1907719641.1984391,411530345.5907544
R5:short,-0.005494505494505475,-0.00366300366300365,173.39080914881623,39.26540975582405,49.10337345581845,223.7305873441486,4.409024109251446,48.90541288899746,224.54825674833478,-4.449414055149192,48.16146173701836,221.86641125426183,-23.53454356127008,42.04264616531975,181.32469924375187,-74.96138286362472,40.12629914872928,-0.005303338636671951,0.23252056585389924,0.2131448798115464,-0.01889468556135216,-0.009324009324009496,0.003,0.04336904453571122,32447669.983690754,15030344.633238904
R5:parametric:-0.5,0.01098901098901095,0.0012210012210012167,243.95739622540952,39.31477042094095,48.42704510854934,315.4360659303446,4.45208869623443,49.00337563726137,317.12321731646307,-4.359260757539259,49.303955456392956,313.9418688264122,-23.20995028669803,42.46331383370291,257.12477911176694,-74.87201591110002,39.77981846465872,0.011297344630677924,0.3278696612029947,0.30100146766813457,-0.027651360984694222,-0.012888346221679513,0.003,0.06115642998976337,46503157.5828554,20410427.229589626
R5:parametric:-0.2,-0.0030525030525030417,0.0024420024420024333,287.36032686176634,39.19869244477087,49.22446821107134,371.5918005401857,4.408406863637159,49.30896251823411,372.61691717565554,-4.411928613666815,48.79710380303743,368.9942908267343,-23.47252274300149,43.776066968125356,302.3694485043835,-75.12245402488945,40.56100586525865,-0.0031018364351697576,0.3855773855773855,0.3541890208556874,-0.03168436501769846,-0.015170015170015115,0.003,0.07203246753246749,47918001.454171896,24526542.290784754
R5:parametric:-0.1,0.0012210012210012167,0.0012210012210012167,301.0806566627118,39.19391690497936,48.692423310109646,389.9587979692958,4.433935136977359,49.59528441112623,391.4045144364673,-4.419243586168932,48.737602929572596,387.78666476013063,-23.401827833224687,43.14475452323022,316.8893639365924,-75.03491039768257,40.394683945700116,0.0012210012210012167,0.40507640507640497,0.3717517050850382,-0.033133533133533025,-0.016175182841849454,0.003,0.07560977294310627,54960373.837347046,25319687.43106857
R5:parametric:-0.05,0.00366300366300365,0.0012210012210012167,308.8790073694282,39.355553855561496,49.229183628214095,398.89452374708475,4.443463991224042,49.73382485161464,400.57294824833514,-4.40514770248538,49.13555816645112,397.33076907414113,-23.456127316737444,44.28778570637984,324.9006317998388,-75.03358500171078,41.35419124394606,0.004094670761337413,0.41500474833808176,0.3799040465707132,-0.03451486784820129,-0.016458849792183063,0.003,0.07735162985162984,55484465.21442942,25574472.489811078
R5:parametric:+0.05,-0.00366300366300365,-0.0012210012210012167,321.52161690029516,39.23945520846541,49.19052587676542,414.72770601699875,4.4353130385848125,49.49054847599672,416.66868582855204,-4.419449865233725,48.54075736800576,413.0695201093651,-23.471448576693035,43.52151895973554,335.925582611296,-75.09915617530734,40.83657459758973,-0.003952837286170605,0.4310195976862642,0.396103896103896,-0.03497120163786853,-0.0172605172605172,0.003,0.08042759709426373,59642084.26826881,27834176.593496658
R5:parametric:+0.1,0.009768009768009733,-0.00366300366300365,327.8984051146982,39.176250372651026,48.45880116692808,424.3366993720264,4.439613462321496,48.771764773471176,426.29716640743527,-4.392870086549214,47.35244896342077,422.96504324864117,-23.486791339550265,42.18633589459555,345.317259584957,-74.9657548219997,39.015991828421036,0.010378510378510342,0.4414597747931081,0.40402807069473745,-0.036562203228869994,-0.017420850754184022,0.003,0.08229558712892049,64833009.838801205,29000839.323322266
R5:parametric:+0.2,-0.016483516483516425,0.0012210012210012167,343.27483218470866,39.377566338359856,48.33292498107353,444.5869577733098,4.449378795372658,49.606803753227936,446.44420590425773,-4.3953124917477355,49.12362774272604,442.36137036502436,-23.41108761821429,43.54833547154837,363.43704804182636,-74.8481101738822,41.4856355516835,-0.016267682934349544,0.4619269619269618,0.42416225749559067,-0.03823337156670477,-0.018413685080351683,0.003,0.08627616210949546,59814792.80673673,27989348.59373417
R5:parametric:+0.5,-0.0030525030525030417,-0.004884004884004867,386.85269456165463,39.3103034483638,47.60655233618693,500.7829933181341,4.435255953460373,48.23574356548953,502.0845010661719,-4.385699273383214,47.60053288226909,498.0620356357907,-23.37420122670543,42.85926570410071,406.6607201058183,-74.85777183691141,41.74479678049117,-0.003034003034003023,0.5209975209975208,0.4771771438438106,-0.04275354275354303,-0.020917354250687505,0.003,0.0970952134285468,71420368.9287971,33766822.07341835
R6:open,0.0006105006105006083,0.00366300366300365,661.6609356026472,30.904100881165654,39.999954861184776,845.8713335731775,2.8184986439989066,39.99995795889548,908.5863348136213,-7.032365288738129,39.9998458111369,513.8778955719222,-12.12641217100267,39.99982569198363,322.3332423110986,-40.37152570497564,39.99977333247549,0.009188342521675861,0.14981931648598312,0.0005981672648339362,-0.11975061975061974,-0.00010483343816677232,0.012,0.0017059792059791988,1985812936.2467957,388841476.92398894
R6:short,-0.006105006105006083,0.0024420024420024333,173.54908979848364,39.25267224310039,50.66729152472869,224.34631918169129,4.44162867505799,50.83456046738201,224.834576212779,-4.386585122411631,49.46556701196069,222.42081675110103,-23.25985671381478,43.031168291578496,182.65473541797772,-74.43789292593151,40.011986992433705,-0.005833672500339147,0.2325575658908993,0.21392188058854716,-0.019036519036519192,-0.00926234259567589,0.003,0.04346743380076716,31475684.823304232,15390797.579784766
R6:parametric:-0.5,-0.023199023199023117,0.0012210012210012167,243.7903741561412,39.218898657263736,49.49729277301928,316.35086088574167,4.440483657121305,49.98326298930216,317.53177157154505,-4.4100071391297355,49.014135566787914,314.29358755251394,-23.321192525474174,43.15086510438674,256.93851251340277,-74.56118774438616,39.57056140594881,-0.02302635635968961,0.3283999950666619,0.301081634414968,-0.02680652680652694,-0.013104179770846599,0.003,0.06131717048383711,46646196.560445905,21624174.118987508
R6:parametric:-0.2,0.0012210012210012167,0.0012210012210012167,286.4004957428739,39.14062424758622,48.74982951097617,370.2116629493373,4.409127888272931,49.25239756061597,371.76900384761143,-4.446546128045599,48.46131916392562,368.53909833393186,-23.54170257771608,43.1800007098409,300.34213193835564,-75.15314938600785,40.18886473140364,0.0013196679863346484,0.3845845512512179,0.35325168658501976,-0.031283531283531174,-0.015059015059014996,0.003,0.07177355977355979,52654686.318785526,26223632.14233402
R6:parametric:-0.1,-0.005494505494505475,0.00366300366300365,301.0869609135651,39.18213166041578,48.824195197689505,389.57724594806484,4.405826490894744,50.267120457454524,390.7756321939098,-4.398581605414101,49.4048823004719,387.5712470034907,-23.49312413686956,42.97566623264092,317.1874817739455,-74.935953146466,40.12747488337014,-0.005827505827505807,0.40455223788557115,0.37186887186887185,-0.03237503237503248,-0.016255349588682882,0.003,0.0755475388808722,53932847.65296455,25225558.507084366
R6:parametric:-0.05,-0.004273504273504258,0.0,309.60065957244296,39.21816638858287,50.11923731649367,399.01968672825956,4.437813846585252,50.39964666195446,400.7249864721,-4.403181763377261,49.605984452080826,397.3905299045366,-23.449831686790453,43.17520820161057,324.2144394835759,-74.88678673309508,39.92504529633241,-0.004501671168337819,0.41521441521441527,0.38044054710721376,-0.0338488671822004,-0.016415683082349697,0.003,0.07734223800890469,57021250.81412497,26497328.26546792
R6:parametric:+0.05,0.0030525030525030417,0.004884004884004867,321.09136372123453,39.17266246830419,48.74298777190067,416.9791197790338,4.40658027158638,49.269895217742885,418.4419673885758,-4.372554341732938,48.76416670290557,414.7222416310764,-23.313413202750773,43.00577030533246,338.7917625361462,-74.87071890297811,39.67879986499038,0.0032560032560032446,0.4331779331779332,0.3978552311885645,-0.03568653568653556,-0.017069350402683682,0.003,0.08081529581529584,61542828.66175744,29234905.501257375
R6:parametric:+0.1,-0.004273504273504258,-0.00366300366300365,328.74311465972806,39.318043248513995,48.56915399909481,425.96090389088715,4.453143452349922,49.266052742882536,427.55988314384524,-4.383787786140086,48.7900301802766,424.9464072313424,-23.421263070801395,43.21668686426483,347.8671084597686,-75.15191387079098,39.91356966031426,-0.0040206706873373394,0.44338994338994336,0.4063405730072396,-0.03658070324737022,-0.017544184210850824,0.003,0.08257144090477425,59212172.082635164,28551647.620217018
R6:parametric:+0.2,0.004884004884004867,-0.00366300366300365,342.701568089047,39.2328292746395,46.86256461654493,443.0552457732275,4.4457356376207375,47.41255381860762,444.9144236717269,-4.398942652740271,46.5537929454338,441.4038544029974,-23.43805211354311,42.11619906799726,359.7479813794857,-74.98497881752809,40.29656862893067,0.0045078378411711586,0.4611807945141275,0.4222135888802556,-0.037444037444037306,-0.018130018130018057,0.003,0.08587198603865266,63818295.93066862,28680900.5559183
R6:parametric:+0.5,-0.012820512820512775,-0.0012210012210012167,387.6496838555429,39.118755156195576,49.981589047762654,500.7679969077385,4.410441902100316,51.212968137514956,501.90693894742196,-4.433337949862366,49.50439228368845,497.29247039397865,-23.52234116874608,43.1852061027873,405.84941986888316,-74.97103146532478,39.50909903150921,-0.012968512968512922,0.5191228524561857,0.4776458109791444,-0.042272542272542124,-0.020972854306187574,0.003,0.09707833524500192,66439059.69108702,33828503.57224707
R7:open,0.0012210012210012167,-0.0012210012210012167,30.5357798766111,39.19826980709465,43.916250544451444,39.42567732880735,4.434963381376461,44.09556828588536,39.58284036397136,-4.396274367590143,43.87618356938036,39.194257054353606,-23.35236562405964,41.11753159094463,31.970989241227173,-74.52736868180506,39.292533449400935,0.0011038344371677665,0.041643541643541726,0.037302203968870726,-0.0049148382481717864,-0.0015910015910015809,0.003,0.007642758476091782,5725991.209180568,2653565.3632350815
R7:short,-0.0146520146520146,3.4835164835164836,0.03251292886988032,-135.69139760534574,-4.713141623701802,0.031103204493267526,63.2217719633434,-6.470800605415562,0.029327954293861754,35.9690824269084,-8.096395447587202,0.03368915776788137,30.113019734103688,-5.676313453586857,0.03456266595256214,-18.204860965488763,-4.065257530798844,-0.015743515743515686,0.0027873361206694376,0.00012950012950013745,-0.0031943365276698513,2.466669133337207e-05,0.029,8.10917477584161e-06,36281.66260536664,39745.07523567939
R7:parametric:-0.5,-0.0030525030525030417,-0.012210012210012167,601.5844871162869,39.1945724395402,49.6397938339965,775.7196714536138,4.435486719571195,49.97574433167814,777.9452299403774,-4.418302730273239,49.053601901044566,771.0735473745008,-23.543266386451428,44.11629702571841,628.7694952319271,-75.06899999667559,40.412805894462196,-0.002849002849002839,0.8053119719786385,0.7401734068400736,-0.0649473982807314,-0.032066698733365304,0.003,0.15036676903343568,108420443.4999738,52593066.93081194
R7:parametric:-0.2,0.009768009768009733,0.006105006105006083,384.44435199908014,39.4108108910877,47.653939562674935,499.79105211283,4.466149718877863,49.116252130196315,502.00391985520065,-4.399999179556655,49.67193133516001,497.71900879782464,-23.4521274467005,43.01332886299798,406.7002236245014,-75.18909023432138,40.92877989469758,0.010378510378510342,0.519400352733686,0.47566630899964224,-0.043105043105043164,-0.020886520886520807,0.003,0.09687672821006152,70368545.31679979,31359972.29114463
R7:parametric:-0.1,-0.006105006105006083,-0.0024420024420024333,347.39319243928503,39.27093441821416,49.53299085369841,447.9999791573845,4.446079789030835,49.76247854616823,450.3169948609027,-4.383149632117034,49.058141405304845,446.38185561052927,-23.46313873619797,43.27112868061279,365.06937397254035,-75.04676763360209,40.44265481987009,-0.006086506086506065,0.4665889665889667,0.4274614274614275,-0.038399871733205374,-0.01875285208618536,0.003,0.08696449846449847,62695438.06791967,29437838.63581689
R7:parametric:-0.05,-0.0219780219780219,0.0073260073260073,328.4998889925822,39.36284596006925,49.230909310692866,426.04390262025686,4.46121863786362,50.36428780391317,427.87025266570356,-4.404691407544663,50.032934093442876,424.82365520459524,-23.515477293822393,44.06483045898084,345.18372658888916,-75.16465574193556,40.94174114878429,-0.021904021904021825,0.44342077675410985,0.40563757230423886,-0.03631553631553618,-0.017593517593517537,0.003,0.08262934596267929,60245543.78805627,27662384.534033243
R7:parametric:+0.05,0.012820512820512775,-0.0012210012210012167,301.18914792732136,39.16914399933766,48.419518481310845,390.21202493141067,4.422608864066527,48.73717617243586,392.031067436995,-4.365892178911977,49.36135543009388,388.384200145,-23.467709547380174,43.3383505070805,316.8181261901499,-74.87226191896914,39.85704486923916,0.012456679123345745,0.40552040552040564,0.37189970523303856,-0.03327536660869983,-0.016058016058016003,0.003,0.07567008917008916,55050338.561634384,26182099.37859536
R7:parametric:+0.1,-0.005494505494505475,0.0012210012210012167,287.69212452461295,39.37271762963482,48.4956869535541,372.96295495779714,4.443698992971944,48.68173825351146,374.4024750485285,-4.435505086116264,47.809586692214914,371.10837723173984,-23.596335533546508,42.567927160713474,303.12865681027426,-75.27876108603223,39.14752888505937,-0.005358838692172007,0.3878898878898878,0.3555086888420218,-0.03118486451819796,-0.01539201539201555,0.003,0.07228250144916813,55522813.44502758,26916923.8694105
R7:parametric:+0.2,-0.007936507936507908,-0.0012210012210012167,266.0987903603623,39.31305288645922,48.03450677614427,344.6701924928335,4.448405774368034,48.39842684566638,346.5848334855466,-4.4086655433186674,46.70499026905743,342.96564395902254,-23.50734986650757,40.830192640855905,280.4487489860793,-74.98750450573527,38.777759680203566,-0.007948841282174587,0.3582035248701916,0.32860349527016186,-0.02937186270519595,-0.014146347479680771,0.003,0.06683438166771502,50672506.925143406,22708727.659539767
R7:parametric:+0.5,-0.00366300366300365,-0.0012210012210012167,221.3006502765425,38.99793450044879,48.811515195225425,284.9064376159271,4.4005731050041605,49.28615025678326,285.69216288174005,-4.402289570038114,49.22900808184665,283.24739019766145,-23.485208215915605,44.095618738852764,231.4842312663095,-75.1867965894768,40.15695255347828,-0.003496503496503484,0.2959201292534629,0.2713089379756048,-0.024321357654690894,-0.011729011729011692,0.003,0.05523115773115775,40008697.2878516,18519500.22160025
R8:open,-0.015873015873015817,-0.0012210012210012167,78.74625434631699,39.09685166221263,14.23293015030467,101.81277516979424,4.420300278670663,14.231489467634562,102.21629096085607,-4.334234093404119,14.223813058953883,101.39159171214777,-23.143781880096576,14.169879345964546,82.93534447502283,-74.2182484288372,13.987444575431773,-0.01597784931118259,0.10572760572760578,0.09658242991576313,-0.008639508639508617,-0.004144004144004128,0.003,0.01974164107497442,14890511.928779377,7021234.554344826
R8:short,0.02503052503052494,-3.481074481074481,0.5415899531479422,-140.94480366301087,11.871720676985776,0.6924683635585664,-175.62925445745844,11.898772121224466,0.6932441506647657,175.10384699211113,11.845504765913919,0.6817060730644664,155.5714266905129,11.77188223759051,0.5648201660751953,104.4266213668229,11.602414942398479,0.025536192202858778,0.0021645021645021675,-0.000555000555000553,-0.003151169817836478,-0.0001295001295001305,0.025,-0.00013133163133162955,114331.48975212601,66695.1427095581
R8:parametric:-0.5,-0.001831501831501825,0.004884004884004867,552.3393834411083,39.03005893581604,31.027102112122073,714.160277036844,4.426527372852004,31.042998160857508,717.0774007490525,-4.375954573439969,30.94836708548305,711.7315458710227,-23.4445986842981,30.91107551919277,582.3896020182276,-74.9553009709802,30.7313647098566,-0.0022015022015021935,0.7426894093560761,0.6802333469000136,-0.06174072840739508,-0.029704863038196482,0.003,0.13848493481826812,94413695.83159307,42196169.35469715
R8:parametric:-0.2,0.0073260073260073,0.01098901098901095,374.9738066287771,39.13920837434881,39.19002870795077,483.78855860830663,4.420381403953208,39.20254273757487,485.33076579361966,-4.405750430802682,39.24143347968644,481.127081872091,-23.46561239008075,38.692058263930896,392.9099883268137,-75.01365266612575,37.98340960361068,0.0076405076405076135,0.502361835695169,0.4615446282112948,-0.040564373897707305,-0.020084853418186673,0.003,0.09378425278425276,65097570.19318468,31001720.903209955
R8:parametric:-0.1,-0.001831501831501825,-0.0012210012210012167,341.3294793732158,39.250349084946386,43.78093879488384,440.7776525431111,4.4482291340958575,44.52667024300977,443.36904371284214,-4.386747991504593,44.63306157071203,438.95791575529825,-23.402751242748536,42.599225428858055,359.1717705972062,-74.75284392488166,40.48357976105409,-0.001782168448835109,0.45891762558429217,0.4199380866047533,-0.0378202044868713,-0.0181670181670181,0.003,0.08543381310047975,60994708.54083966,28307288.147954486
R8:parametric:-0.05,-0.010378510378510342,0.004884004884004867,326.7848952450968,39.31878450402526,47.462819210928416,422.9940841143467,4.4552943516322525,47.63821777637925,424.9809941254372,-4.4141673634812655,47.81666176431072,422.367746054176,-23.414537255086593,42.70005157949048,343.8044597841076,-74.84374318186984,40.0527206879963,-0.010366177032843663,0.4406642739976073,0.402874902874903,-0.03591470258136915,-0.01729751729751723,0.003,0.08197587597587594,61446352.70798035,27982794.976122253
R8:parametric:+0.05,0.0073260073260073,0.00366300366300365,304.53883199495687,39.35212059909236,46.90401289174849,394.0167586450449,4.442259646401526,47.6690905157076,395.3953015701261,-4.382052736729904,47.177691094108624,392.126541302069,-23.359923523670197,43.23933925952373,320.2301238206903,-74.53455385601711,40.92057773953253,0.007504840838174145,0.40965824299157627,0.375704542371209,-0.034083200749867516,-0.016280016280016234,0.003,0.07641860608527275,53285658.802980915,25322669.16084966
R8:parametric:+0.1,0.001831501831501825,-0.00366300366300365,294.4985305858686,38.99867300483284,44.06953187103086,379.48935649182454,4.40142398370898,44.24311857156703,380.8680064702782,-4.40873335772664,44.49095138108921,377.7256858567731,-23.54753660526548,41.91373855880903,307.9559427441232,-75.05759056431249,38.713327150741165,0.0019178352511685776,0.3948150614817283,0.3614348614348615,-0.03228869895536551,-0.015805182471849304,0.003,0.07356265956265956,54062396.74630466,25225118.187996972
R8:parametric:+0.2,0.0030525030525030417,0.0012210012210012167,276.66545540961715,39.37417646571712,39.34617506315648,357.29818080580037,4.443724091612866,39.57645750022313,358.60591802495753,-4.411758735456596,39.62895714066397,355.96072193804514,-23.352387883160418,38.11928208377705,290.4915598052622,-74.80223277638723,37.30830986866451,0.002657835991169315,0.37155437155437154,0.34098000764667447,-0.03083953083953095,-0.014954181620848446,0.003,0.06922946189612855,50501483.915645845,22886659.952324748
R8:parametric:+0.5,0.020757020757020683,0.0012210012210012167,236.72534348723102,39.13549237262529,33.13333953052877,305.15642319081894,4.42504876798578,33.19982102836849,306.2941286348679,-4.371479166433535,33.09349814465696,303.53715193367157,-23.284106963663824,32.858291694626104,248.12523296928381,-74.94495849592835,32.3738878838256,0.020572020572020497,0.31713965047298376,0.29070929070929097,-0.02591852591852583,-0.012592345925679213,0.003,0.05919317102650432,43956102.40587187,20305958.54211855
R9:open,-0.007936507936507908,-3.5006105006105006,0.22323151898836868,40.07022307514586,23.43817009713429,0.2909879657615425,4.592932700437817,23.438676983383814,0.2914192993901149,-5.426329892335627,23.61760838574881,0.28481129159455526,-25.18615633543652,23.171987345311578,0.23068785253986324,-75.24299583548357,22.883032240423695,-0.008035174701841341,0.0029846696513364003,0.0003638336971670299,-0.0032560032560032494,-0.00010483343816676538,0.0225,5.6067389400722425e-05,61941.773232755535,47608.23774453325
R9:short,0.001831501831501825,0.0,78.99009564984357,39.28333802103531,14.246969291484474,102.19568866963095,4.454966376163927,14.252443906109786,102.67069812042556,-4.329178626793775,14.2493983860602,101.85090735190678,-23.189109560472644,14.179680950730809,83.51362104574939,-74.29537994864822,13.977082922374763,0.0015046681713348326,0.10633193966527263,0.09741493074826396,-0.00891084224417555,-0.004174837508170823,0.003,0.019814697648030996,13029128.130872343,6295387.663619225
R9:parametric:-0.5,-0.0006105006105006083,0.0012210012210012167,197.46025929766404,39.10765191457925,27.974158304629007,254.32366625542898,4.425109443370255,27.984536545549645,255.31325477224186,-4.361721213626891,27.957401821226824,253.3185808601142,-23.232907678409664,27.81316186047416,207.84961930536042,-74.63698862945947,27.795354588860143,-0.00033916700583367125,0.2642357642357642,0.2428374095040762,-0.02187318853985535,-0.010384677051343903,0.003,0.04929005562338896,35490096.573500805,17324680.363514997
R9:parametric:-0.2,-0.0024420024420024333,0.004884004884004867,267.9446237748634,39.39418650067079,37.38954359213482,346.36957135733024,4.442223123823698,37.701188512578675,347.53928562037356,-4.390562785484422,37.491452002449094,345.04870566633645,-23.303863261123887,37.083652575635796,281.9008271877085,-74.66545678945184,36.087938750363016,-0.0019610019610019538,0.36023236023236027,0.33002799669466354,-0.02948902948902938,-0.014411514411514366,0.003,0.06713668430335099,48923887.729234844,23001862.154881414
R9:parametric:-0.1,0.009768009768009733,0.0012210012210012167,291.5951151318883,39.15704968605461,43.29868635441474,377.66003907408185,4.416385868878253,43.8392428805237,378.85116556705333,-4.3987954523476285,44.08668882034567,375.3033413316092,-23.458834398545093,41.59763987648641,306.3201961456694,-74.90558065408588,38.5855458199467,0.009663176329842961,0.39156522489855816,0.3594183594183595,-0.031585698252364805,-0.01563251563251558,0.003,0.07319465719465719,52548885.102630466,25176584.561636433
R9:parametric:-0.05,-0.001831501831501825,0.00366300366300365,301.71457240245354,39.07658411146913,43.62934092141284,390.223621783759,4.389857259141504,43.93885721750635,391.8539573449739,-4.413455316535469,43.966717259307956,388.94470384128385,-23.467253037000084,40.41922178642599,317.2320720769385,-74.69931749895642,38.003406252082215,-0.0023803357136690387,0.4051689051689051,0.3715482048815382,-0.03301636634969979,-0.01581751581751576,0.003,0.07563758463758463,61231569.04865594,27865623.020960532
R9:parametric:+0.05,0.004273504273504258,-0.00366300366300365,328.17418019353744,39.05887847198538,48.46273181171443,423.3586190428327,4.411198201823183,48.32179587793962,424.96516204688817,-4.385734036154541,48.12494959365747,421.0103301309545,-23.44709517435999,43.30136637190506,344.26023772706037,-74.96103059262296,41.45448367194261,0.004094670761337413,0.4394186060852727,0.4033744033744035,-0.03653136986470307,-0.017303683970350564,0.003,0.0820284036950704,58436354.141134284,28181405.372416966
R9:parametric:+0.1,0.0006105006105006083,0.00366300366300365,336.9548110877245,39.4042249939126,42.66433828390369,437.1994007720104,4.44095462417107,43.9641898630029,438.7181729348184,-4.425005146182992,44.27338661419326,434.65257673401504,-23.59320167843287,41.0896821543397,354.2761849898056,-75.01477938492982,38.133681670904366,0.0006536673203339847,0.45421862088528775,0.41678075011408355,-0.03671637004970346,-0.01801901801901818,0.003,0.08469665519665523,63602454.58651574,30104753.671542794
R9:parametric:+0.2,0.0006105006105006083,-0.00366300366300365,361.78009461446834,39.25816377951168,39.7840889140256,467.83268662726357,4.434565324172121,40.02502139554074,469.6611036985297,-4.398338850478083,39.90414535448129,465.4236653854455,-23.48310632315605,38.785146108000134,380.1298018735147,-74.97650883902699,37.00345684831606,0.0007831674498341137,0.48592765259431914,0.4461279461279461,-0.039559206225872764,-0.01917835251168578,0.003,0.09071167104500438,65264810.86281356,31598437.419454146
R9:parametric:+0.5,0.009157509157509125,0.013431013431013383,434.0538254086242,39.15711269761935,34.86192653666578,561.3649449291943,4.420622407797112,34.86982359299881,563.0232194437054,-4.42074531614068,34.744694422032296,558.2599822887416,-23.509226233424776,34.45955398390869,457.10846054589933,-75.0462934610189,33.882825304215956,0.009428842762176062,0.5820044153377486,0.5351438684772016,-0.047582047582047406,-0.023291523291523432,0.003,0.10881593098259762,81858167.0518243,37685410.25286576
R10:open,0.005494505494505475,0.0012210012210012167,157.57885324578052,39.33878004970127,16.019023746833557,204.04689076947926,4.430222213954584,18.239271529934697,204.61610824594686,-4.43783962889087,18.264787335306668,202.53938448311374,-23.621249492095835,18.183608627735623,165.59723067728072,-75.55547040710103,16.473419055299637,0.005463672130338777,0.21143054476387824,0.19457702791036102,-0.01721735055068404,-0.00836200836200833,0.003,0.039532233198899855,27889122.364609122,13423523.59079371
R10:short,0.0024420024420024333,0.0,470.41213857427647,39.304016362140366,25.562620209899933,610.2531244985256,4.451263665305202,27.77398398187051,612.6310337313081,-4.3907248177690885,27.795518775902543,607.4609496864346,-23.369628723644652,27.728027345738415,494.0361265012917,-74.86450366125982,25.944570199890855,0.0019733353066686333,0.6341004674338009,0.5821955821955821,-0.05200971867638517,-0.02537585870919195,0.003,0.11828819945486614,88098368.61605012,42004423.63804646
R10:parametric:-0.5,-0.005494505494505475,0.0012210012210012167,367.21714181389746,39.3575968780622,30.936083839393888,475.88710996308043,4.4548769566543855,30.96382154529688,477.37511560454215,-4.3619926646559115,30.91269831776392,473.3945744796254,-23.28866909451384,30.55585351271427,387.26171820457284,-74.79745355642521,30.66857658713944,-0.00579050579050577,0.4939751606418272,0.45302228635561964,-0.041168707835374574,-0.019616186282853103,0.003,0.09221770821770817,68310288.62735578,31889156.82212115
R10:parametric:-0.2,-0.012820512820512775,-0.0024420024420024333,333.27271137194316,39.16846621475038,39.0702937526016,430.5427836557577,4.409299745629042,39.151954408779694,432.06052627918075,-4.420594748288643,39.11037600965044,428.4792777305263,-23.5907959508925,37.90938107370354,350.2341776655253,-75.29788524709033,36.391033817307644,-0.01311651311651307,0.447811447811448,0.41038591038591027,-0.03624153624153615,-0.01790185123518455,0.003,0.0834868896535563,60114682.48933148,28353768.013923787
R10:parametric:-0.1,0.0012210012210012167,-0.006105006105006083,323.9244409055706,39.09535129623737,42.97576179633111,417.6859507109949,4.419267179686673,43.47317852230012,420.14924140182563,-4.371207636205176,43.31064176087365,416.23055821681965,-23.445931656722177,41.51883920820206,338.71327525032444,-74.9504037433101,39.86770244476031,0.0008941675608342243,0.434423601090268,0.3983793983793983,-0.03531653531653518,-0.017118683785350385,0.003,0.08099324132657468,58584850.15767112,25959451.4520459
R10:parametric:-0.05,-0.007936507936507908,-0.0012210012210012167,318.11337393585063,39.23848980876514,46.54870368505748,411.83990841430193,4.421619511853051,47.71992525028362,413.58441849186096,-4.394903228128781,47.3781351079801,410.6794296109616,-23.428761453896392,42.84027236738324,335.44993573651044,-74.84616648493281,39.315469812746436,-0.007893341226674531,0.4293545960212627,0.39279239279239275,-0.03500820167486822,-0.017155683822350436,0.003,0.07987321937321935,60605112.27949225,28980231.619191412
R10:parametric:+0.05,0.0024420024420024333,-0.00366300366300365,312.0795196162069,39.12985181060181,47.24176718441163,402.8568724591443,4.413459853314377,47.63695507227548,404.2324186528896,-4.396865535327626,47.378031097143335,401.26872669140863,-23.36600982557649,42.679689009846555,328.0435900807448,-75.03108195263917,39.89437504588798,0.002491335824669149,0.4191980858647524,0.38380138380138373,-0.03479236812570133,-0.01660684994018321,0.003,0.07809661942995275,54995336.68077805,26263248.26974184
R10:parametric:+0.1,0.004273504273504258,-0.0012210012210012167,308.4024705582475,39.312849213965066,43.93756452381095,398.46742298778975,4.436823158386077,44.460911468392624,399.6841736370849,-4.4207765904920695,43.62514610890484,395.92170651993,-23.48824661187765,40.78905433490648,323.47750953589014,-75.10455835277418,38.79071864906373,0.004501671168337819,0.413592580259247,0.37983621316954647,-0.034089367422700856,-0.016446516446516384,0.003,0.07724506357839694,58845135.80048254,25727675.05856044
R10:parametric:+0.2,0.004273504273504258,-0.006105006105006083,299.8418686953063,39.05698693144214,39.9998835730922,387.18561846758263,4.381788423723728,40.132093954372635,388.71769350481816,-4.426457363951446,39.88677171577423,385.6742109305836,-23.651902524040256,38.780364084116016,313.8390108001915,-75.00566390335291,36.57800961940356,0.004156337489670809,0.40280706947373607,0.3688780355447022,-0.03246136579469902,-0.01576818243484905,0.003,0.07508244841578177,58997638.18703304,28289674.58518236
R10:parametric:+0.5,-0.0030525030525030417,0.0024420024420024333,283.5921754983823,39.293372971904674,33.30953050363655,366.66013619365697,4.466236632152988,33.358732622454525,368.4379294749102,-4.372716279513467,33.307533384154084,365.95818855455605,-23.341159050026818,33.13247041036884,299.68882352995604,-74.97407425668256,32.72766449206445,-0.002873669540336197,0.38158138158138155,0.3495208495208496,-0.031622698289365064,-0.015385848719181992,0.003,0.07110905760905761,51465731.47899245,23157004.65180201
R11:open,0.009768009768009733,-0.0012210012210012167,471.0251655600771,39.50785222774357,25.533857295276658,609.9356419433375,4.46005823414141,27.76913747730031,613.1059543001885,-4.405653895723237,27.797634000251893,607.3871812241725,-23.508270898647112,27.71318406663105,494.6482168691175,-74.9614387634235,25.93717500386897,0.009694009694009659,0.6339956339956342,0.5817330817330815,-0.05188021854688525,-0.02517235850569174,0.003,0.11830975197641863,82955674.1165433,40309752.80824356
R11:short,0.0006105006105006083,-0.0012210012210012167,157.39946997386414,39.23038922635551,16.024119739533596,204.21590667376526,4.441670567959163,18.245511767986535,204.903745742483,-4.440143258516679,18.272111810481046,203.09519409030227,-23.67207124355506,18.194987496567798,164.75906340079746,-75.61668475564697,16.40374637931476,0.000863334196667527,0.21218904552237855,0.1943180276513612,-0.017507184173850773,-0.008405175071841707,0.003,0.0395708920708921,29144763.928908527,13685602.083559658
R11:parametric:-0.5,0.007936507936507908,-0.0012210012210012167,263.07864110868525,39.22172816125848,28.132262364895993,339.5160675461218,4.431734165606441,28.127576162483443,340.7326010903652,-4.44050236638053,28.15744292539413,337.87567199576984,-23.59480118333194,28.124649533286295,274.5905317502077,-75.34407965456467,28.02383698303225,0.008263341596674901,0.3527583527583529,0.323787323787324,-0.028909362242695465,-0.014171014171014112,0.003,0.06582206682206684,48617549.584772974,22706468.067994308
R11:parametric:-0.2,-0.001831501831501825,0.0,297.6430825255643,39.25675251775806,37.987996321471655,384.24984157566666,4.447848968553711,38.207546805290406,385.7725947851036,-4.398211554780639,38.32303280004239,382.60682255958613,-23.438451496326852,37.69887043363764,313.0766887433357,-74.86751425671787,36.35530404428668,-0.0017451684118350722,0.40005673339006664,0.3661523661523662,-0.03281286614619957,-0.01584218250884912,0.003,0.07448590298590299,55126930.11319914,24932174.36144486
R11:parametric:-0.1,-0.005494505494505475,-0.008547008547008517,306.45642837300926,39.39649837371324,44.02008138271685,396.89927352934916,4.465427033344023,44.10437554524353,398.2145240879869,-4.380704680810826,44.17890802371281,395.33505604014533,-23.444383700596703,42.841002063807345,322.9726227795355,-75.22564503312267,40.177131028714854,-0.005833672500339147,0.41235307901974555,0.3784918784918785,-0.03453953453953486,-0.0165883499216832,0.003,0.07695640162306827,51497246.17079191,25176281.389156267
R11:parametric:-0.05,-0.0030525030525030417,0.004884004884004867,311.76860020589646,39.23210729789184,45.308961176433584,402.37906770127427,4.4284753491458115,45.58627904946799,403.769430144727,-4.444389831966519,45.78966976418542,400.11187652158515,-23.671131615900965,41.38587703115542,325.30479456956925,-75.13896597851615,39.70269850230659,-0.0033731700398366947,0.4179647512980845,0.38343755010421676,-0.03363920030586685,-0.01668701668701663,0.003,0.07802045485378817,58807061.55984348,27498828.07218741
R11:parametric:+0.05,0.010378510378510342,0.00366300366300365,319.6447416298897,39.19245358008931,48.1947303046147,412.20783929353075,4.421791694031247,48.54505561854249,413.7221596756953,-4.367745868095625,48.121265842632276,410.50750803976365,-23.396228340209362,44.86691940075198,335.72610967926744,-74.66849528086394,43.01819453052748,0.0104031770698437,0.4283370950037617,0.3927183927183929,-0.034878701545368096,-0.017168017168017115,0.003,0.07992048075381411,57650074.53185368,25989784.150596373
R11:parametric:+0.1,0.001831501831501825,0.0012210012210012167,322.7103188010751,39.24154100533609,44.61029873299398,416.6392956541226,4.399369653122994,44.92824018349383,418.6561909836664,-4.418632128434076,44.73325057471783,415.1987224835563,-23.604817619285946,42.00731605225201,338.1229138296575,-75.37582295776696,39.220782170015774,0.0014676681343347958,0.4333814333814332,0.39773806440473125,-0.035230201896868436,-0.017007683674350273,0.003,0.08089477806144468,60645596.88992261,29288007.409288257
R11:parametric:+0.2,-0.00366300366300365,0.00366300366300365,329.64628795581746,39.27245340748726,40.015782987290336,426.31500117034807,4.4460584571032875,40.673528953395234,427.7616710443622,-4.3479687184868645,40.533793733403,424.85136666015404,-23.32287005692252,39.32264069051446,347.6509327202367,-74.88175578670516,38.16083150189993,-0.003490336823670145,0.44342077675410985,0.40632207298873957,-0.03720970387637042,-0.017630517630517567,0.003,0.08259952393285724,60789187.28736907,28617809.732510082
R11:parametric:+0.5,0.006105006105006083,-0.012210012210012167,345.79633711105953,39.27090059130081,34.60651595606497,447.8529987873859,4.450202138874271,34.74141452332685,449.4362832860278,-4.396251422909133,34.62834916255514,445.2556514884393,-23.436613324125915,34.038746059228366,363.8158573170389,-74.9517409383266,33.503432726987114,0.006431839765173076,0.4643751310417974,0.42647475980809296,-0.037215870549204194,-0.018586351919685183,0.003,0.08679467446134113,61983449.00195749,29863423.812796153
R12:open,-0.00366300366300365,0.009768009768009733,317.2973111835703,39.17422100830353,49.36909317381796,409.15344535155793,4.4208357172306965,49.935304541486545,410.0022727097889,-4.379855734221553,49.397485438822166,406.7538886623236,-23.365595233794842,44.759750901305466,331.93826775619993,-74.66417144469509,40.986830315886806,-0.0066230066230066,0.42672142672142654,0.38991872325205673,-0.035970202636869175,-0.01698301698301692,0.003,0.0793305953305953,58698019.68446933,27674368.310009032
R12:short,0.010378510378510342,0.00366300366300365,318.00712270875283,39.35169703148929,47.86696088223511,410.2111047412359,4.434545366769447,49.58278378785643,410.7064958700131,-4.3970620369574345,48.82671408908298,406.5523397630488,-23.315666043320938,44.11617964120186,330.65995183263226,-74.65237403918661,42.00312398347681,0.010834844168177463,0.38723622056955387,0.3434960101626767,-0.04174220840887537,-0.01590384923718252,0.003,0.06967516434183102,57313888.14222999,26445340.19835823
R12:parametric:-0.5,0.0073260073260073,-0.00366300366300365,317.3370218248974,39.13864533872527,48.70080180510107,408.39653975771364,4.397778869121544,49.035645921161986,409.39933429246605,-4.407812814757909,48.02200722967741,404.93576900443605,-23.32716031084176,42.94523993628863,331.12006783242,-74.78232601839076,39.90273851292754,0.006943673610340252,0.42315708982375655,0.38912322245655573,-0.034632034632034736,-0.016791850125183624,0.003,0.07914348614348612,58406258.25657186,26686235.06759523
R12:parametric:-0.2,0.0024420024420024333,0.0024420024420024333,314.61239172788703,39.286130217662034,46.44628843169721,406.54581156209235,4.447458060686886,46.606392956309406,408.0931547468997,-4.387281610992078,46.357222675109924,404.33905015966775,-23.378253515182436,42.2455169755184,330.3339856694919,-75.15882853478047,39.26284060460305,0.00283666950333616,0.4221087554420888,0.38736572069905395,-0.03484786818120159,-0.016600683267350102,0.003,0.07883222949889615,60080033.54282105,28030423.9819659
R12:parametric:-0.1,0.006715506715506692,-0.013431013431013383,315.95247353299015,39.05726766540056,49.661859183256624,407.06497315537865,4.4145405497735,49.845420080219526,408.7567545206432,-4.378089594780873,49.001403711029454,405.42246277145875,-23.469598787189305,43.13305827369132,330.9714292637842,-75.05413644115208,40.55684123824845,0.006678506678506655,0.42321258987925636,0.3879700546367213,-0.034644367977701415,-0.01675485008818337,0.003,0.07890186356853024,58274411.61737077,26684655.602349386
R12:parametric:-0.05,-0.0006105006105006083,0.0024420024420024333,315.4410067762106,39.426354404228945,48.67726328422587,408.05441825867433,4.469721579074864,49.10331873881435,409.88932892934315,-4.392271915199087,49.26280247556494,406.1717818764083,-23.449431517404726,43.99314316614472,329.7956472646853,-75.17877081217827,40.06062977654834,-0.0007030007030007005,0.42384775718109036,0.389055389055389,-0.034514867848201077,-0.016939850273183538,0.003,0.07914197530864198,58234340.010740526,27669473.597684607
R12:parametric:+0.05,0.004273504273504258,-0.006105006105006083,315.9292181949618,39.196743230135496,49.19293990039128,408.0239472468375,4.436417276684951,49.47993753118127,409.2507178022514,-4.42846089941956,48.69381030303555,405.1455963019562,-23.565410094527053,42.66987504262454,330.0354620982764,-75.09373046242517,40.347133715231806,0.004341337674670993,0.42354559021225713,0.3889135555802222,-0.03390436723770045,-0.01681651681651676,0.003,0.07908873225539889,55952782.52867686,25716034.853214793
R12:parametric:+0.1,-0.011599511599511558,-0.00366300366300365,313.4267691569063,39.15978841016521,49.588719597809686,406.2479348492134,4.401149193649287,49.97538697486588,407.8713155083942,-4.4183140001352195,48.60332240127387,404.57099220697927,-23.64305233757142,41.98076827112402,328.9265231448397,-75.10360921178696,38.29879334950222,-0.011735178401845027,0.4220224220224221,0.3872670539337205,-0.034120200786867554,-0.016717850051183536,0.003,0.07878912445579109,59508319.15037342,28343077.56180902
R12:parametric:+0.2,0.01098901098901095,0.0024420024420024333,313.2454208444424,39.21292270736582,47.48670589154752,405.76771505172223,4.403353366647007,47.85405797173438,407.1214405043552,-4.462614702685876,46.972268250807915,403.301701046795,-23.601441586704546,41.94697655167546,327.4801338168585,-75.54278584533634,39.23511579080781,0.010748510748510711,0.42108508775175446,0.3869648869648872,-0.033565200231867,-0.016804183470850075,0.003,0.07865049148382489,60196855.13923,28765153.52995057
R12:parametric:+0.5,-0.00366300366300365,-0.00366300366300365,315.58406839000907,39.39170292474496,48.708644758512314,408.4169514721113,4.453321983700234,49.02719751203054,409.7686530739984,-4.361854203888772,48.31038081579956,406.92140059684306,-23.191123356223876,43.0381469456077,333.9062576441854,-75.03304403061324,40.39766197627819,-0.003829503829503816,0.42474192474192457,0.3890430557097223,-0.03538436871770193,-0.016976850310183804,0.003,0.07913414980081648,56369421.48449143,27887347.332146764
R13:open,-0.004273504273504258,0.0012210012210012167,318.00885253379874,38.999121650965535,49.09039284059716,409.5827455995814,4.387912912242398,49.95096248012715,409.97444582725916,-4.4221753655182265,48.08280357821532,403.8362541513451,-23.200632435494406,43.26370778275906,331.10401873591326,-74.13241403893738,40.36422531659791,-0.0039343372676705875,0.4284480951147618,0.39051689051689065,-0.03452720119386774,-0.017050850384183656,0.003,0.07938779738779744,60640680.24126498,27282075.73578549
R13:short,-0.006715506715506692,-0.00366300366300365,317.15710958387115,39.35449845544859,50.5677446506837,409.2965533915758,4.437189663471006,50.563678041360994,410.4679743799351,-4.380538334993131,49.62168121037786,406.47175757367745,-23.199865073324425,43.897885746742176,332.76007184131447,-74.5775578511101,40.592268437049015,-0.0064380064380064154,0.393520060186727,0.34824434824434836,-0.04083570750237447,-0.015577015577015527,0.003,0.07085575535575529,58041817.12407159,27107921.599329755
R13:parametric:-0.5,0.007936507936507908,0.0,316.67315492434136,39.293735155617604,47.7176371285544,409.1517113733777,4.437223757311871,48.907851694392235,410.46652948049154,-4.378112156672291,47.514903943158444,406.8440290666821,-23.446173521149724,42.57896374143268,331.44127147676244,-75.16006770041116,39.60421070845295,0.007862507862507834,0.4253462586795921,0.3893575560242226,-0.035014368347701566,-0.017205017205017138,0.003,0.07928580678580675,56421111.12674427,27272501.295425225
R13:parametric:-0.2,-0.013431013431013383,0.0012210012210012167,316.7684656623818,39.061308675322465,50.597609951106115,409.0283500609185,4.400450311338422,50.63693185131225,410.49320900024196,-4.411395675111465,50.02028044703296,406.358848172029,-23.33256797704953,43.63167224035807,332.1187120095124,-74.8618186610137,40.88636709635105,-0.013042513042512997,0.4237737571070905,0.38982005648672313,-0.034712201378867935,-0.016822683489350093,0.003,0.07928795278795284,55945310.81999798,25920480.414055757
R13:parametric:-0.1,-0.011599511599511558,-0.004884004884004867,315.2344123204143,39.2591222455311,47.97743326006055,407.3844007137345,4.413704852588304,48.41651358585765,408.7261719302742,-4.43542496223063,47.740120365728885,405.13219684036676,-23.495106172388233,43.00473911014173,330.84107947511694,-75.09507077685222,40.36216150319481,-0.01146384479717809,0.42361342361342386,0.3882290548957215,-0.03457036790370155,-0.01688435021768371,0.003,0.07899961766628436,60456108.957855776,28071322.625771347
R13:parametric:-0.05,-0.006105006105006083,-0.0012210012210012167,314.1126067441652,39.259282434180136,47.212649090999676,405.7827530296745,4.447839841837197,47.51100701062822,407.9941730601022,-4.34540414099876,45.88451204321605,405.46953226354844,-23.217389547887322,42.51071226558642,333.51403779326836,-74.80503125688112,41.13842630255546,-0.0066045066045065815,0.42318792318792325,0.38696488696488696,-0.03582836916170238,-0.0169028502361835,0.003,0.07871586438253103,59512404.27758728,26065097.483624987
R13:parametric:+0.05,-0.01098901098901095,0.0012210012210012167,315.05159080429144,39.296834059185855,51.2004902125402,407.6459061184977,4.442904186073766,51.47801463099444,409.3506174396698,-4.374826309358944,50.70097601684549,406.25278694712995,-23.42351732519904,44.40241870207596,331.70557025158644,-74.80116732108253,41.77292716383943,-0.011500844834178127,0.42380459047125696,0.3888333888333888,-0.03444703444703433,-0.017013850347183626,0.003,0.0790355323688657,54498054.58432707,25708329.677197523
R13:parametric:+0.1,0.012820512820512775,-0.0024420024420024333,314.82408713039626,39.15274149723497,48.3474088239973,407.4378474834825,4.419986492166127,49.517952220204364,409.07345238922403,-4.42332860088818,47.84661628937299,405.2375258931769,-23.537350599339092,42.21811782590473,330.417593292446,-75.17660855306052,39.38726512428425,0.012604679271345894,0.42214575547908884,0.38782822116155447,-0.034379201045867606,-0.016847350180683444,0.003,0.07897200947200946,60422909.500890374,27100785.95750512
R13:parametric:+0.2,0.008547008547008517,-0.008547008547008517,315.00591321117304,39.35306000012946,50.070707829202874,407.6926753531917,4.455088210759229,50.771387632914944,409.6119323574964,-4.372032292403198,49.7263381992644,405.8283234242958,-23.357165975537107,43.65148166380776,332.08996133136253,-74.67263275183154,41.099514825724526,0.008522341855675158,0.4238045904712572,0.38882105548772233,-0.03518703518703528,-0.016853516853516798,0.003,0.07900658600658599,56782088.793461874,26223104.87382395
R13:parametric:+0.5,0.01770451770451764,0.00366300366300365,314.7245587823188,39.34511997789476,48.142605749653846,407.41728221227413,4.4648309155381245,49.32150049511444,409.56064734811116,-4.415231771732705,49.25306916127599,405.51703070496757,-23.351586513349606,42.8850884717033,329.7991506625997,-74.58697981240348,39.316539091062886,0.017673684340350944,0.4239155905822571,0.38858672192005517,-0.0347368680702015,-0.0167610167610167,0.003,0.07898417631750965,58770453.63355545,27129137.9323633
R14:open,-0.006105006105006083,-0.006105006105006083,315.11537797604285,39.19069598207295,49.21025274780571,407.230600277622,4.417115239219388,49.20381160656045,409.1043173292026,-4.413608834858984,48.238165088683914,405.0158680186994,-23.565527016081376,42.61813338427434,329.5480877838822,-75.11964119772315,40.28685367153283,-0.005994005994005973,0.4230584230584229,0.38805022138355466,-0.034582701249367805,-0.016798016798016742,0.003,0.07896105746105744,59368414.377264515,26761086.921228975
R14:short,-0.005494505494505475,0.008547008547008517,314.46125596545085,39.202271381792,49.03692968709038,408.19411771451155,4.43343267554979,49.652000903651654,409.6686330659146,-4.420186043879461,49.00073510785765,405.8926326893278,-23.497573380205957,42.53380565898951,329.56496435540964,-75.24161186878769,40.13902518958369,-0.005525338858672173,0.42361342361342386,0.38903072236405567,-0.034804701471368014,-0.01682885016218358,0.003,0.07911172161172161,58285722.88747488,29807965.18161921
R14:parametric:-0.5,0.006715506715506692,0.006105006105006083,315.0569516153937,39.30570872503117,48.398737712974096,406.86835183571554,4.4259543122625065,48.46700168726467,408.21735726047564,-4.414345087656257,47.057424578897255,403.9896465158645,-23.46305016949724,42.40281125185629,329.6756532559742,-75.23056606700806,39.55247864208322,0.006413339746673057,0.4219052552385884,0.38799472132805457,-0.03425586758920081,-0.016773350106683373,0.003,0.07887290487290485,61049830.1314828,28511985.665615533
R14:parametric:-0.2,-0.007936507936507908,-0.0012210012210012167,314.2984570439161,39.330625518279774,48.20265794968865,407.2839060626101,4.439521638845308,48.54912288818285,409.2497061688565,-4.381848100408673,48.6208450970023,406.1389922494665,-23.470636754696347,43.42890317636332,331.05358949512316,-75.07226405082203,40.242941990191106,-0.007973507973507946,0.42373059039725713,0.3884942218275551,-0.03473686807020129,-0.016816516816516757,0.003,0.07900596317262987,54778157.913432665,26591897.20478294
R14:parametric:-0.1,0.013431013431013383,0.0012210012210012167,313.5854841795781,39.46190461164906,47.68082864682427,406.86105430564095,4.479757151920188,48.565925708508615,408.8359178375858,-4.380663192106372,48.37405773183926,405.11400870115665,-23.411004391400564,43.12092647888731,331.273176073477,-75.02949192005367,40.59204734033474,0.013190513190513144,0.42373675707009023,0.3873533873533873,-0.035131535131535,-0.016816516816516747,0.003,0.078852918686252,56471232.31507631,26493448.147797823
R14:parametric:-0.05,-0.001831501831501825,0.006105006105006083,316.17571558615884,39.2410482993165,51.781981408301704,408.84993750920273,4.443132710550438,52.155843115944165,410.38736127115476,-4.40583920957792,51.71970761205657,406.97130445116875,-23.571531338759034,45.11497290436091,331.1257327054118,-75.23318365985486,41.85293639656035,-0.0014861681528348142,0.4250564250564248,0.38976455643122304,-0.03451486784820106,-0.016841183507850112,0.003,0.07923541273541272,52502880.505976304,25001568.528966874
R14:parametric:+0.05,-0.012210012210012167,-0.006105006105006083,314.80895472952,39.20524292197562,49.96018442163249,406.95801599057575,4.420785848548794,50.09031728033168,408.83488314154886,-4.4006637676662965,48.915202826445096,405.0165226962583,-23.383967963171685,44.06233918700079,330.6491418448305,-74.85962437069719,40.61549568643754,-0.011907845241178532,0.4233914233914233,0.388056388056388,-0.034453201119867875,-0.01670551670551665,0.003,0.07894860078193414,55265266.08204013,26826391.755112994
R14:parametric:+0.1,0.004273504273504258,-0.0024420024420024333,315.3854561130423,39.286362572861606,47.56315472812334,406.87023071128635,4.429781080001305,47.92783996050581,408.35437034285553,-4.430184666657494,47.72395420348299,404.64881053874933,-23.612071402701474,42.86972386419242,329.2157065693252,-75.16448807114082,39.55925697212667,0.00461267127933793,0.4221210887877555,0.38803788803788797,-0.034194200860867406,-0.016773350106683606,0.003,0.07888643455310121,60438414.181563206,26508564.658572055
R14:parametric:+0.2,-0.0012210012210012167,-0.00366300366300365,316.19735584968964,39.10909974619989,49.317555213636204,408.16979707459484,4.41693676861907,49.870056870164895,409.73274359391655,-4.417130890197741,49.28963794294855,406.2019802202394,-23.54776157765087,42.63154438244028,330.2818215018156,-75.22364649380367,39.82727422567231,-0.001239501239501235,0.42437809104475777,0.3889012222345555,-0.03468136801470123,-0.01682268348935015,0.003,0.07913576546909878,56996075.83634361,26901509.852382578
R14:parametric:+0.5,-0.0073260073260073,-0.00366300366300365,315.8715520626648,39.20013833154352,49.50215605276771,408.1503950924486,4.429474588678369,49.90130632211903,409.52204324160914,-4.422020659842144,48.77987556116402,405.97982552538156,-23.489856625768603,42.398427396800315,331.65165400678006,-74.76862234531411,40.54199383259618,-0.007603507603507576,0.42410675744009085,0.38908005574672233,-0.034607367940701156,-0.016847350180683444,0.003,0.07914104414104411,57491592.187947795,26823170.420323055
C3:open,0.004273504273504258,-0.0012210012210012167,316.5277917274226,39.0510625942391,49.72910896096626,407.96599058780737,4.398302449309357,50.37567982401406,409.60023475680134,-4.437097876740288,49.11250488530331,406.1172563533896,-23.554809748284512,44.27748591196608,329.93771772187813,-75.32575334587176,40.477148508373055,0.004088504088504074,0.423860090526757,0.3887038887038889,-0.034699868033201235,-0.016853516853516784,0.003,0.07909334492667826,57440679.51527865,27217117.228194907
C3:short,0.011599511599511558,-0.0012210012210012167,316.524367855485,39.04546294720129,49.416706555539676,408.55912963171215,4.391935308287705,50.264926587947926,410.0112890606007,-4.385081710068606,50.27628501847657,406.2446354472554,-23.456391120945916,43.93019595794093,331.1931862315219,-74.80599976040692,40.35793980043625,0.011611844945178237,0.42399575732909073,0.3891293891293891,-0.03442853442853432,-0.0167918501251834,0.003,0.07925282125282128,56788998.43224041,27192633.78861645
C3:parametric:-0.5,-0.006105006105006083,-0.00366300366300365,315.9972983154353,39.30752708175798,50.30643908650288,407.73889851838004,4.438475326602923,50.36807165391912,409.1242142046288,-4.393553405508666,50.063375109340996,405.7459436489748,-23.37361125097989,44.33218268675509,332.49107783970084,-75.01104317795182,40.86617340916882,-0.0063393396726729835,0.4239834239834238,0.388765555432222,-0.03505136838470181,-0.016804183470850068,0.003,0.0790620798954132,55938428.79969774,26298740.380936638
C3:parametric:-0.2,0.0,0.0012210012210012167,313.0419403982273,39.24097627124509,47.08506225627248,404.83712035690337,4.445635716864197,47.64553605628314,407.6436709891018,-4.411006773248204,47.41824291150416,404.4394248432065,-23.562103679176246,43.0384175537741,328.8315012039877,-75.11483667698266,40.297403813850536,0.00022200022200022121,0.42152908819575513,0.38629888629888626,-0.03471836805170148,-0.016637683304350115,0.003,0.07859450426117096,62438942.05747863,27030654.431603964
C3:parametric:-0.1,-0.011599511599511558,-0.00366300366300365,315.61404482732354,39.202395159775406,49.04881161495943,407.60780026692726,4.413638882333876,49.50196555709519,409.3094292105027,-4.437614637079813,48.71786315428244,404.93707402773805,-23.51960904052389,42.64872452431332,329.33009436022724,-75.09013161135944,38.36235362417035,-0.011309677976344603,0.42286108952775625,0.38864222197555526,-0.03445936779270102,-0.01669318335984996,0.003,0.07900634550634549,59837294.37712891,27459236.29260833
C3:parametric:-0.05,0.015262515262515208,-0.00366300366300365,315.3087456730593,39.15063404338275,47.74094564016697,408.03107716096173,4.399922024397593,47.96664111608041,409.372608154534,-4.433616773372618,47.29205299843821,406.375716860065,-23.51655185999145,42.615825325370615,331.2401398937161,-75.00650371568568,40.73424764397804,0.01500968167634829,0.4242300908967574,0.3890615557282223,-0.03421886755220076,-0.016785683452350496,0.003,0.0790561783895117,56834778.78916596,25337716.679366745
C3:parametric:+0.05,-0.001831501831501825,0.0012210012210012167,314.1537215970803,39.2714193399766,48.77700233641446,407.02553610285804,4.413629681199616,49.70473504358297,408.3412403473999,-4.41871550156944,48.81014254765044,404.2889549690509,-23.515555039137993,43.4879131327848,329.1329931198626,-74.68615837392564,40.30476567261398,-0.0020966687633354225,0.4223615890282557,0.3881735548402214,-0.03437303437303447,-0.016736350069683555,0.003,0.07893251809918475,57558501.07602699,26844470.631507766
C3:parametric:+0.1,-0.0012210012210012167,0.00366300366300365,316.2628094185289,39.06145786123828,50.12195607524796,407.270601363931,4.438156885385602,51.11371207454383,408.9272546356502,-4.40239643523028,50.607509085336254,405.53274067773395,-23.414219408131068,43.861093569873475,332.14054944773784,-74.96820679217154,40.632980095858585,-0.0010730010730010692,0.42347159013825664,0.38864222197555526,-0.0344717011383679,-0.01691518358185018,0.003,0.07899157015823681,56604323.52455716,26423782.53741747
C3:parametric:+0.2,-0.005494505494505475,-0.006105006105006083,314.760808351915,39.17906231410949,48.79444770611761,407.43870453537966,4.437594623425239,49.2836130212594,409.79610434026483,-4.380407412351211,49.67103199530132,406.24568645625334,-23.44443415574635,44.55372837750041,331.8889206967268,-74.85397049841009,40.69252328300986,-0.005574672241338888,0.42417459084125775,0.38870388870388867,-0.03518086851420171,-0.016835016835016904,0.003,0.07901684735018066,56364417.1453617,26410200.05261118
C3:parametric:+0.5,0.004273504273504258,-0.00366300366300365,317.5505813411868,39.085831549848194,50.222518194075924,408.56021197815176,4.393288711140832,50.44676643909335,409.8691908495284,-4.422690349465591,49.02882316024689,406.45629253517643,-23.442263544709128,44.07305475694391,331.01310767349423,-74.88898748353114,41.36055951469707,0.004692838026171342,0.4243040909707575,0.39001122334455685,-0.03439153439153428,-0.017063183729850356,0.003,0.07924894241560906,59272296.36609176,26711752.061418228
C3:cap_degradation:+0.2,0.006715506715506692,-0.008547008547008517,315.8028569465266,39.06393151585244,49.46981571863017,408.5847996144595,4.408380861037644,50.49060745375483,409.95869982573794,-4.378409831306726,49.81228001799947,406.6007330888376,-23.31048586266062,43.96976950059144,333.52075938758253,-74.6841042770449,39.85471373294744,0.0068573401906734995,0.42435342435342416,0.38949938949938967,-0.035409035409035276,-0.016804183470850075,0.003,0.07917397417397418,54919927.18070157,26635742.635969043
C3:cap_degradation:+0.5,0.004273504273504258,0.0,315.67409029325813,39.167298192321724,50.59262706186091,408.37647666908435,4.404803776589202,50.70088145599428,409.7884297921498,-4.4189809000563836,49.419580406261815,406.4807464116518,-23.543146323004013,43.37757604668323,330.4214995440734,-75.38106323494992,39.32566858061478,0.004853171519838169,0.4244397577730912,0.38932672266005597,-0.03446553446553435,-0.016711683378349967,0.003,0.0791648289981623,56338257.172227636,27136134.44598905
R15:open,0.0073260073260073,-0.0012210012210012167,314.6918305858765,39.262932115320496,51.37639980447371,407.3812527129134,4.446374409649729,51.95803878926805,408.83796884862045,-4.381632255922142,53.201142081638615,405.40040932634065,-23.434454028654933,69.99486443603459,332.52473887772,-74.97156285246021,86.46321228939794,0.007609674276340916,0.42330508997175664,0.3881365548032214,-0.035310368643702066,-0.01697685031018379,0.003,0.07894205177538513,59355332.18675734,26535678.74627739
R15:short,-0.004884004884004867,-0.004884004884004867,314.9082173157502,39.3789142865742,49.44236569426877,407.55600219964447,4.462996677384852,49.458012995615206,409.33297431878975,-4.412146525714886,48.31441841192583,405.6452968623572,-23.53271292261948,42.79473394300728,328.87591179568903,-75.05664485572974,40.645546502990015,-0.005167671834338482,0.42334209000875694,0.3888210554877221,-0.034477867811201234,-0.01701385034718362,0.003,0.07905370555370554,57173483.478634864,25516569.332118355
R15:parametric:-0.5,-0.015262515262515208,-0.00366300366300365,316.7209567124631,39.38396835720419,49.01776856184115,408.5940414832455,4.448416899322956,49.39543268996337,410.0776429487722,-4.4006041450204325,48.477028310402076,406.1363533826376,-23.592040007002648,42.294515641102166,331.9596899228113,-75.22764461876207,40.426632250609856,-0.015459848793182072,0.42458775792109105,0.38970288970288963,-0.0352055352055353,-0.017057017057017218,0.003,0.07921179437846108,55867922.63696223,26405799.875862055
R15:parametric:-0.2,0.004273504273504258,0.01098901098901095,315.5234003763425,39.30622970496012,49.22818214306757,407.38165421485917,4.4475771999942095,49.506765016202486,408.80856261731685,-4.38704644438525,49.16852231854695,405.51970370251456,-23.44371272518515,43.317215180414536,331.2504498545253,-75.05526347331883,39.92837843843985,0.004655837989171306,0.4235147568480902,0.38840788840788837,-0.034570367903701105,-0.016798016798016936,0.003,0.07896353646353645,58078081.7867463,27666854.580504656
R15:parametric:-0.1,0.011599511599511558,0.0024420024420024333,316.0294166434677,39.268388541192664,48.79761487664845,407.8486239077656,4.453748422723267,49.36044022159704,409.87482750118295,-4.367973006546376,48.52950186600097,406.25892406958087,-23.307446018142222,43.43027438241021,332.9304042310084,-74.80385523638085,41.06406280109283,0.011981845315178607,0.42458159124825817,0.3888518888518889,-0.03504520171186848,-0.017063183729850336,0.003,0.07910792910792909,62375658.29603606,26889729.924039144
R15:parametric:-0.05,0.008547008547008517,0.0012210012210012167,313.8670152780441,39.318260752982255,50.21440562450499,407.5515815466207,4.446524706068665,51.11831820712197,409.0462597615822,-4.441616976561908,50.56850718707403,405.00578401655616,-23.574822281427174,43.580254769070294,328.9272676020066,-75.33806034318651,39.71320090996429,0.008423675090341726,0.4229597562930897,0.38840172173505505,-0.0343298676632011,-0.016724016724016667,0.003,0.07902624535957868,59105428.187074095,27657164.55222193
R15:parametric:+0.05,-0.010378510378510342,0.00366300366300365,314.94125921059447,39.20329360512111,48.43872064048246,406.55135723569583,4.438274764119301,49.13487425940457,408.34974395706706,-4.401541104256222,49.20177743642593,405.53123681760826,-23.4701350098845,43.00028591431887,331.5364336110217,-75.04200178738758,40.019240537313706,-0.010366177032843663,0.42285492285492293,0.3875507208840542,-0.034582701249368006,-0.016754850088183587,0.003,0.07883574450241114,58324639.781249054,26320528.58981918
R15:parametric:+0.1,-0.008547008547008517,-0.0024420024420024333,313.79305729940745,39.278035636983574,49.089764273092015,406.0787460573315,4.444277289359787,49.21317805133943,407.94234214757114,-4.415498246636867,48.37205308743073,405.14018068241836,-23.509190176421964,43.57251111667435,329.82159876154344,-75.20826743882779,40.11540937179155,-0.008232508232508203,0.42316325649658987,0.38691555358222024,-0.034477867811201025,-0.016785683452350052,0.003,0.07874503274503278,62367463.58650613,27142017.44213958
R15:parametric:+0.2,-0.006105006105006083,-0.006105006105006083,313.7719320562269,39.31289603711341,47.44540374848262,407.04976931720563,4.45148223114874,47.7529587212634,408.42464037744776,-4.408586963925271,47.273332656080015,405.51581288149686,-23.476297071198616,42.85281529087591,331.3965039734293,-74.9847260028777,40.766516784509946,-0.006197506197506176,0.42308308974975645,0.3883647216980552,-0.03469370136036791,-0.016835016835016994,0.003,0.07892410059076725,56292000.75766714,27704348.0864793
R15:parametric:+0.5,-0.010378510378510342,0.0012210012210012167,313.5896391882862,39.35705360132174,48.32346557654965,407.73586346899805,4.44044580404141,48.78914366582195,409.37275744177964,-4.404464680837336,49.14010250209594,405.68689941844764,-23.4424025854113,43.526136162065114,331.42704190912656,-74.84939779627041,40.10285998383778,-0.010267510267510232,0.4240019240019238,0.38862988862988856,-0.0342188675522012,-0.016656183322849932,0.003,0.07905785572452237,58590029.26136994,26695878.6321197
C4:open,-0.0006105006105006083,-0.00366300366300365,1.5805148721604108,0.40814632515966176,49.728100248830906,1.5734501761446165,-0.10445088053125914,50.26041486909728,1.578797566665585,-4.7356917358398,50.038988010745065,1.5627565658566205,-23.565075373884106,43.84161418779926,1.2890612378959454,-74.96193063769067,40.318250781730754,-0.0005611672278338925,0.004292004292004284,0.00139366806033473,-0.0031388364721697884,-6.783340116674197e-05,0.0315,0.000308567975234639,216532.6877491646,105966.10915867239
C4:short,0.13919413919413914,0.0012210012210012167,403.94981291079534,-0.02129749486460892,44.920002007181836,405.44469227117895,-0.2300579848174735,46.70429119261095,406.5673101058315,-4.647262175041241,46.61598016187512,402.68180460658897,-23.614875059428712,42.83025327945474,327.4952463781663,-75.07587594849284,40.801114031161404,0.1395024728358061,0.4161640828307493,0.3957153957153956,-0.012530679197345795,0.0,0.003,0.07901930168596834,60443166.3411538,26754388.33339072
C4:parametric:-0.5,-0.015873015873015817,-0.0012210012210012167,210.66362032883592,58.638241782840794,47.911756352108654,401.621978877722,9.085895934428788,48.8435830807087,407.8471293083588,-4.133480087185975,47.82068016561628,405.1416966612981,-23.382348209044697,42.41863226024249,330.5724345326198,-74.84223991404045,38.765264427252426,-0.01560168226834888,0.4224479224479223,0.36840936840936844,-0.054402387735720883,-0.027373860707193953,0.003,0.0767329583996251,60032508.33749805,27803863.38632129
C4:parametric:-0.2,0.0146520146520146,-0.0012210012210012167,283.0660199921899,45.715031297391604,48.92311541087267,406.96623139027827,5.623857108730988,50.46745946508371,409.44824819035614,-4.32599518738011,50.00950429304194,405.7420166154681,-23.527381882026617,43.37694801207812,331.6321044196488,-75.189361787877,40.85964193322371,0.014670514670514619,0.42407592407592387,0.3839308839308839,-0.04030537363870683,-0.02003552003551996,0.003,0.07853277586610918,53734921.200635485,26295318.06570194
C4:parametric:-0.1,0.005494505494505475,0.0012210012210012167,300.46308050830646,42.3052092758746,49.657171094012696,407.73568820936714,4.970831987902178,49.65291655281409,409.45425331100387,-4.354347495627792,49.20950436468769,406.2472105643053,-23.350936449323992,43.42541733400178,332.90289044874453,-75.00504130410886,40.77618606141762,0.005254005254005235,0.42414375747709065,0.38658255324921986,-0.037641370974704394,-0.01855551855551893,0.003,0.07886000419333758,57540383.12427774,26574386.653205987
C4:parametric:-0.05,0.004884004884004867,-0.00366300366300365,309.0517670862576,40.445257144221756,48.72477400646591,406.34346820380046,4.612220697766052,48.93765812997742,408.19620270405375,-4.423046867643279,47.70583466199637,404.6176469504313,-23.708807169487642,42.20130247142235,328.51221151634115,-75.4193803054801,39.320413471953124,0.005241671908338557,0.4219669219669218,0.38620638620638614,-0.03476153476153465,-0.017149517149517318,0.003,0.0786771500104834,56740779.98099652,28135858.09889343
C4:parametric:+0.05,0.013431013431013383,-0.00366300366300365,320.61737526648426,37.87216084269757,49.44371745288203,407.0584874603458,4.2242788401402365,49.92571213610989,408.64851503818335,-4.409455366035344,48.77920435634299,405.67903939651166,-23.402987754059723,43.199497724764896,332.2184204903724,-74.79701476128274,39.59570196659264,0.0132460132460132,0.4229165895832565,0.389092389092389,-0.034175700842367616,-0.016039516039515977,0.003,0.07897312563979231,59922269.91902135,27651816.871284515
C4:parametric:+0.1,0.00366300366300365,0.00366300366300365,327.51067388465447,36.65134395673678,50.78572028933773,407.6766474105654,4.00892775121972,50.51400121315088,409.1697392445377,-4.456374635680897,49.299025897512934,405.7921254325457,-23.460201541663814,43.24325434245837,330.39252760007,-75.13523112185418,40.4168815509675,0.0035581702248368785,0.4238539238539239,0.39059705726372407,-0.032288698955365715,-0.01564484897818247,0.003,0.07911457678124344,56220493.45091663,26660762.55811113
C4:parametric:+0.2,-0.0030525030525030417,-0.004884004884004867,335.79373342853694,34.06512038662014,47.784264185107965,407.1302263590709,3.6415209973573557,48.65025336268511,408.3728041584385,-4.409648377737792,49.132175740288204,405.23286599912876,-23.3999600002253,44.76281973233187,330.9099184561386,-74.91625996328932,41.620262924484436,-0.0031511698178364736,0.4230460897127564,0.391108891108891,-0.03135753135753125,-0.01431901431901426,0.003,0.07917504100837436,57098634.513777405,27177530.7046837
C4:parametric:+0.5,0.019536019536019467,0.0012210012210012167,359.0279294801812,28.552966107470034,51.753208556729845,408.5404527847346,2.888341609444567,51.7699414947913,409.44440144491637,-4.454002447570586,51.261407103709104,406.2502019178796,-23.502956367897944,45.64209180955829,332.08056536417973,-74.87522725677931,41.96820773368911,0.019591519591519523,0.4242115908782576,0.39596206262872924,-0.028434528434528334,-0.011864678531345162,0.003,0.07975169275169276,56728708.850885645,25849671.591196
C4:cap_degradation:+0.2,0.0,0.0012210012210012167,285.1556182019348,45.47729917795143,48.941977403451716,406.49004779531515,5.5666565414706675,48.935876141951795,408.716927391741,-4.365317874947052,48.77398755524814,405.6195248503834,-23.471885671364554,42.55996641592131,329.16707031431156,-75.10277793788103,38.732897245344944,-0.00019733353066686327,0.42365659032325703,0.3841035507702174,-0.03913370580037276,-0.019980019980019907,0.003,0.0784472872806206,55335014.08800946,27777666.923830803
C4:cap_degradation:+0.5,0.00366300366300365,-0.004884004884004867,212.64702585140827,58.370285743859085,49.71024678801396,403.9755852895805,8.985399794818266,50.43690036412801,409.6004346331914,-4.1593928733112335,50.01786131129411,405.65385056038826,-23.359015149693178,43.336639195820084,331.29536384343317,-74.96506471173997,39.409990900743935,0.003885003885003871,0.42345309011975707,0.36961186961186965,-0.05389055389055414,-0.027306027306027207,0.003,0.07714029180695844,59000769.557086214,28059424.387904353
R16:open,-0.0006105006105006083,-0.0012210012210012167,408.7758531048687,0.15619736135524684,48.787029196966046,408.94626647000405,-0.21445431828370298,48.86026729747605,408.9157818480696,-4.682176883584889,47.49067019692966,406.30091368747094,-23.658461900853958,42.71389940229852,329.76992313619536,-75.14103815538783,39.991371270540924,-0.0009065009065009033,0.4245569245569246,0.40906624239957584,-0.013998347331680615,6.938893903907228e-18,0.003,0.08104126120792794,60741568.994926155,27368526.536683
R16:short,0.007936507936507908,0.0,0.03271181460094555,89.56767434564514,40.66485339367196,0.03397064789193288,88.9702059781039,41.003753764583585,0.03777138792793993,83.97829075038868,37.76981119838803,0.12040834339577491,65.50493735992633,42.71769617631763,0.3024359649219269,15.229909186523935,39.48846564821463,0.007665174331840972,0.002694836028169355,2.4666691333351254e-05,-0.0031758365091698326,-0.00010483343816677232,0.025500000000000002,4.514004514005639e-06,39209.82914823603,43188.65222040268
R16:parametric:-0.5,0.0012210012210012167,-0.0012210012210012167,210.82267145469064,58.533366898935974,47.54132903588227,401.78885613622117,9.05043525539347,48.16492566723867,407.5662670345049,-4.1493416161259855,47.79547121852644,404.7083138065543,-23.393830096652124,42.91978120468174,329.64052881493535,-74.79503955052128,40.387018792654814,0.0010976677643344272,0.42223208889875563,0.3674042007375341,-0.054408554408554646,-0.02725669392336049,0.003,0.07664658797992133,61511783.98674069,26822725.453449093
R16:parametric:-0.2,-0.009157509157509125,-0.00366300366300365,284.4285021234019,45.57150103149115,50.37308085272474,406.48166612455,5.5999475869162705,50.25385196560008,409.1075005316668,-4.319884533775585,50.64829191840289,405.8602367792637,-23.349730171824824,45.149405860881885,332.47575475999713,-74.68495829373995,41.905314418065444,-0.008910842244175547,0.4235085901752569,0.3834745501412168,-0.040052540052539914,-0.02015885349218675,0.003,0.07848771598771598,55010911.92620575,25410128.38329401
R16:parametric:-0.1,0.00366300366300365,-0.0073260073260073,300.8050582424818,42.15127578785865,47.37782812553809,406.54178250635294,4.938128920073549,47.971255521466944,408.91454782453263,-4.388484986898979,47.90583466404405,405.4152250956396,-23.50542266671249,42.6452751436988,330.15294842798886,-75.10324786295493,39.84606080365608,0.0037801704468370997,0.4236072569405901,0.38565755232421917,-0.03669787003120367,-0.018241018241018175,0.003,0.07867479434146107,61881898.70451869,27681548.71393273
R16:parametric:-0.05,0.007936507936507908,-0.00366300366300365,309.8736434657693,40.628488496253354,50.26599925515782,407.5052296165185,4.680504219830934,50.44894110175135,409.4297519105281,-4.358220823825248,50.21809432274914,406.4007447818408,-23.303591507477186,44.16513462852046,333.90742777444075,-74.59483321315153,41.58001909127666,0.008522341855675158,0.4246370913037578,0.38797005463672124,-0.03629086962420304,-0.017593517593517637,0.003,0.07893245643245642,56791409.05121969,26948025.77297417
R16:parametric:+0.05,-0.006715506715506692,-0.0012210012210012167,319.0084753813049,38.055997026957684,47.12062675122566,405.08285658621725,4.219692285412826,48.04746491193896,406.4404203894877,-4.436698604465027,47.583373979637216,402.77890632912107,-23.703503571239594,42.68368051801781,327.99362014994983,-75.19735237593929,39.117267927498894,-0.00673400673400671,0.42123308789975483,0.3870450537117203,-0.032572365905699126,-0.016008682675349717,0.003,0.07859456592789923,62809764.43869528,28202931.779080622
R16:parametric:+0.1,-0.023809523809523725,0.0012210012210012167,327.01652621381174,36.54867807416608,51.78070599353737,407.80540689658875,4.003188451262179,52.4220804784777,408.98702799660134,-4.432051514640346,51.56009139316078,405.03996533224824,-23.483388152263615,44.70365918459736,330.73103486512235,-74.95069854558302,40.81222801747038,-0.023963690630357214,0.42291042291042313,0.3906463906463906,-0.03300403300403318,-0.01552151552151566,0.003,0.07919208569208572,57774830.83747783,27062456.95109774
R16:parametric:+0.2,0.0006105006105006083,0.0012210012210012167,337.68651862932035,34.24611493471176,48.86092431645485,408.5013818637079,3.6706423881078925,49.22289312102028,409.38982426768507,-4.45275834903561,48.992596177230624,405.74613656139866,-23.474247164714306,44.319347945037286,331.33654837693723,-75.02647314344793,41.5262657522168,0.00038233371566704765,0.42394025727359064,0.3915775582442251,-0.03164736498069821,-0.01453484786818119,0.003,0.0794151774151774,57202211.35447833,26579556.53122873
R16:parametric:+0.5,-0.015262515262515208,0.00366300366300365,358.50440657129786,28.575220527950847,49.45178485449375,408.3469230335128,2.8752602752171414,49.73319276197071,409.0199895721196,-4.5113629092599705,49.01699356628144,405.1934332240792,-23.633837419677906,43.18905309287263,330.57438654734443,-75.09124624191045,40.070343210879045,-0.014966514966514913,0.42306458973125666,0.39517889517889515,-0.02757119423786081,-0.011870845204178491,0.003,0.0796782846782847,56689143.39126318,26836138.335854277
R17:open,-0.0006105006105006083,-0.0012210012210012167,7.930468136038449,39.271846592256374,50.9374680241562,10.220907687899176,4.435633553195446,51.11397003063316,10.270137506807133,-4.362904412021985,51.35465447780414,10.16688477508863,-23.38123513403877,44.93194335850117,8.310637492277614,-74.92259230596866,42.021014991663606,-0.00024050024050023967,0.012691012691012646,0.009361009361009327,-0.0036876703543370077,-0.0004193337526670845,0.005,0.0019731626398292994,1337113.5362444704,649365.8268811579
R17:short,2.5,0.006105006105006083,0.029643267264616968,32.69511685720465,39.999787924954006,0.0328790219910295,18.084064364870326,39.99983718350998,0.03559375409655086,1.3249559273697913,39.7860666341389,0.03395209240476737,-22.524599036583226,40.0000322949132,0.03219528708908537,-76.83235827848321,38.797955331192796,2.5,0.0,0.0,0.0,0.0,0.2,0.0,33609.44224250033,27616.385890198522
R17:parametric:-0.5,-0.00366300366300365,0.0,621.0055481896077,39.087775858292275,45.971314192777896,801.7382589687475,4.403568091950298,46.22735959984276,805.8048453893543,-4.444472252238998,47.07232208223175,798.6931733707157,-23.68621267979616,42.568784878705195,649.9637573222117,-75.39988097541959,40.344798869294195,-0.0037555037555037423,0.8339315005981671,0.7646982646982646,-0.0679567346234013,-0.03318286651619974,0.003,0.15537410120743458,126667896.29863708,53490537.76299215
R17:parametric:-0.2,-0.0012210012210012167,0.006105006105006083,390.4771738710534,39.32743992912809,48.38784382243993,506.8965410365473,4.457548368434636,50.27917827622086,508.70206341140715,-4.367318887561341,50.1561909248893,505.1447709359555,-23.263481129327594,43.49197130934694,414.19195984873784,-74.60344394154026,40.948997825528764,-0.001572501572501567,0.5277685277685279,0.48318964985631657,-0.0437525437525436,-0.02099752099752092,0.003,0.09829550079550081,72154359.83343735,31762863.520912647
R17:parametric:-0.1,-0.010378510378510342,0.00366300366300365,348.7194869114312,39.09560960022797,48.74738932505116,450.70650937579427,4.423307240567125,49.26733519012376,453.1915678838789,-4.376645905601141,49.557982380914,449.11716272960984,-23.474358276509708,43.86490124238449,366.2551640651808,-74.79402827035898,40.37370127440714,-0.010736177402844032,0.4688213021546356,0.4293299293299296,-0.03835053835053821,-0.01830268496935157,0.003,0.08736463536463535,66305814.478699744,30462812.813937876
R17:parametric:-0.05,0.010378510378510342,-0.006105006105006083,332.08024038148244,39.21420401486667,51.173890730318334,428.0762369099292,4.437129324250849,51.33054088557277,430.13243198256555,-4.359771950764896,50.23720366305608,426.92777361795095,-23.37350006758493,45.13098322827071,349.7544555213005,-74.74669690564332,40.871501397112695,0.010156510156510121,0.4460354460354458,0.40854824188157535,-0.03637720304387002,-0.017649017649017586,0.003,0.08298513831847161,56969254.82376894,27886206.560685135
R17:parametric:+0.05,0.009157509157509125,0.0012210012210012167,300.6650895098104,39.163271101052885,50.52247034965936,389.46563889295544,4.409778258356898,51.7168285566254,390.99281826838615,-4.370538378980456,51.549907371259636,388.1375088967494,-23.34043094568083,45.901137129071415,318.0091864946579,-74.56664958781104,42.09394749725749,0.009317842651175951,0.4050270716937383,0.3711597044930378,-0.033466533466533346,-0.016181349514682787,0.003,0.07551515768182435,50974434.40186976,24189639.71818635
R17:parametric:+0.1,-0.011599511599511558,0.0024420024420024333,288.99111850081226,39.20312977832373,50.98584219462749,372.19747511775296,4.416124520496656,51.32977983739095,373.3754146994869,-4.411071916345569,50.344165467633076,370.16283007043813,-23.41815193918477,43.773395196521996,302.8867447828671,-74.90050781765189,40.58595147217506,-0.011426844760178053,0.38652088652088645,0.35483035483035485,-0.031295864629197846,-0.015268681935348555,0.003,0.07213694947028282,51347396.26097615,23857000.982898336
R17:parametric:+0.2,-0.005494505494505475,0.0,263.8749347230627,39.35229702346655,48.96107542476793,341.48606718359156,4.4455078763252605,49.07394432564389,342.72441005895973,-4.4089367982916965,48.533320444680754,339.65056756561484,-23.503598196879853,41.719110072737834,277.5630629172857,-75.23330615659822,39.51767707201651,-0.005032005032005014,0.3545528545528546,0.32520565853899186,-0.02900186233519577,-0.0138811805478476,0.003,0.06616464399797735,49514420.08587275,23937839.162282467
R17:parametric:+0.5,-0.0073260073260073,-0.00366300366300365,213.57589810747464,39.26472482243429,48.658473849428646,274.9616483248321,4.436096708556423,48.8026123541359,276.0440192378494,-4.4003386328399685,47.95551053974157,274.25412973456787,-23.509439820968772,42.715768091145634,223.26977805056248,-75.04979450969168,39.623471841935796,-0.007381507381507355,0.28623228623228614,0.2628050961384294,-0.023649190315857337,-0.011389844723178017,0.003,0.053312755146088506,38832967.25673716,18254054.778462764
R18:open,-2.5,-0.0024420024420024333,0.03178667582852845,44.44460962486484,39.64939427903668,0.030886427175399377,10.925464108719702,39.94892282785599,0.029424787335213892,-0.3229674139055798,39.70155082501314,0.03140023113676693,3.3310505845612006,39.292236616763425,0.028672923089894616,-13.313536767042597,39.41405203466215,-2.5,5.0,5.0,0.0,0.0,0.003,0.9904230769230769,30228.978205713698,28884.517365615007
R18:short,0.0006105006105006083,-0.0012210012210012167,7.88676419504475,39.32205974799437,48.82668899262388,10.209077033039826,4.4756544339748014,49.14860964165629,10.252112076757406,-4.4181222717362525,48.22253622291326,10.143212570859534,-23.616202096630435,42.13704310821875,8.250338955470383,-75.06827136486436,39.65173962829451,9.250009250009217e-05,0.012654012654012609,0.009416509416509383,-0.003453336786670108,-0.0005056671723338372,0.006,0.0019708748042081307,1472506.9549837923,700443.4358778691
R18:parametric:-0.5,-0.0024420024420024333,0.004884004884004867,161.5048095843273,39.21677323560576,49.09306836075408,208.64560844685022,4.442080667018078,49.09196388663052,209.50586054282047,-4.401537860004662,48.006256164912834,207.81020904166797,-23.514604738653105,41.54148202132821,169.18592044123645,-75.03852429600315,38.4233306025766,-0.0024296690963357542,0.21696205029538373,0.19882586549253234,-0.017753851087184358,-0.008547008547008517,0.003,0.04049412316078987,30608626.47552122,14253632.862010024
R18:parametric:-0.2,0.016483516483516425,-0.008547008547008517,253.54806084729876,39.292794487150516,48.21840995982454,327.6401123597442,4.436636539321324,49.26369907187342,329.22577531599677,-4.435769426792836,48.70464823863287,326.0037495068057,-23.630336361125067,43.08748447712743,265.5108281937105,-75.30020965572673,39.75955985751614,0.016939850273183545,0.34057917391250714,0.312761312761313,-0.027645194311860886,-0.013560513560513507,0.003,0.06350102983436315,47048435.71267393,21087125.5204949
R18:parametric:-0.1,-0.005494505494505475,-0.006105006105006083,286.0761445002657,39.09031743764221,50.417234873940586,369.6651064108273,4.416845620460849,51.223429279968215,370.95822060181104,-4.398305593932035,50.531488919912036,367.2215105599635,-23.43872033703504,44.03717912875099,299.2978692239511,-74.69379338967236,41.73977406599024,-0.006055672722339367,0.38363488363488363,0.3523636856970191,-0.03119103119103112,-0.015188515188515134,0.003,0.0717086555419889,51386736.56511439,23252775.695448413
R18:parametric:-0.05,0.006715506715506692,0.00366300366300365,301.51585373935393,39.167849076311185,48.30554549047219,388.37340808259177,4.425585310408648,49.05964567635779,390.19262566831014,-4.384479506959503,50.4468513079747,387.13399685395325,-23.44447849864281,44.79484873972552,316.1098291373968,-74.95183597835447,41.54658399394892,0.006801840135173444,0.40407123740457085,0.3701052034385368,-0.03271419938086593,-0.016360183026849655,0.003,0.07531848398515065,54529626.37856361,24398780.289751932
R18:parametric:+0.05,0.007936507936507908,0.0012210012210012167,329.823717361374,39.2463466740745,49.06905066180126,427.60000551604537,4.422855206645821,49.367634181850235,429.3258238692317,-4.388764457886442,48.43606944411837,424.9702364169784,-23.46623192890467,43.47073733383543,345.93048310629905,-74.84326305125236,39.88266145431803,0.008121508121508093,0.44363661030327695,0.4077712411045745,-0.03621686955020298,-0.017803184469851286,0.003,0.08286186036186033,63977012.70529123,29392307.631124116
R18:parametric:+0.1,-0.01098901098901095,0.006105006105006083,346.16242803155706,39.11528935607433,47.92324986369221,446.9637981869396,4.406091729329896,48.891467446288615,448.75216228658917,-4.401616553164422,48.35606498081411,445.04188135164145,-23.37122906699292,43.055983090713546,363.882023265464,-74.98394204692647,40.453647046503306,-0.011038344371677666,0.4654296320962989,0.4256915923582588,-0.03782020448687145,-0.018555518555518485,0.003,0.08656720440053772,63315248.77712135,28908846.46491658
R18:parametric:+0.2,0.006715506715506692,-0.008547008547008517,376.54745948968525,39.16903705537958,48.92878551605608,487.59617041777335,4.405931208754926,49.33894156467037,489.378042644267,-4.40895251436347,48.72052315370469,485.13259003463475,-23.475765717262707,44.78193282549529,395.68965015278724,-75.16786595030993,41.3325133157773,0.006777173443840087,0.5070793404126737,0.46497329830663153,-0.04145854145854154,-0.019961519961519895,0.003,0.0944749941416608,69760353.73359257,32260025.026191875
R18:parametric:+0.5,0.015262515262515208,-0.0012210012210012167,467.81083865578046,39.26955248770568,47.264168872951615,605.8262705433829,4.449566444818522,49.616527750923524,607.9474808005682,-4.409170040941566,49.52805800697528,602.9437881304045,-23.362484730307333,43.13530119672998,494.6580536321846,-74.99796617450127,40.635726171223865,0.014695181361847977,0.6299009632342966,0.5766640766640766,-0.05167671834338483,-0.02500585833919179,0.003,0.11740796240796242,91244783.8242949,39820628.8023907
R19:open,-0.0024420024420024333,0.0,15.872463476285887,-47.70298081767745,49.54505497046155,2.0577138298932347,-85.26833863937559,50.1178754764643,0.097835342503343,-96.1843864483409,43.822956575225206,0.033674090815588406,-118.83061831159984,38.21739509703014,0.03542765667642703,-144.63164963321884,39.71976326303326,-0.0027441694108360677,0.003502670169337037,0.001140834474167796,-0.002047335380668698,0.0009805009805011213,0.117,0.00012108878775545493,45375.58490118318,26357.137556722708
R19:short,-0.006105006105006083,0.004884004884004867,316.24917305480835,39.28116942218034,49.344587362108875,408.5990064050744,4.5593170163687144,49.72885678034089,409.7201892337173,-2.1478090670096135,49.376266150779486,400.8515182045449,-11.553481862636595,44.589814726204445,350.2688908607983,-31.37541815685102,42.21723766841638,-0.0062838396171729285,0.4106695773362441,0.38963505630172335,-0.022964689631356217,-0.0170878504211837,0.002,0.07942385392385395,55028893.64511459,25518311.36458397
R19:parametric:-0.5,-0.001831501831501825,0.00366300366300365,316.2650517992283,39.2059848500587,50.138747593044116,408.8223508023825,4.476219940254132,51.07438544704665,409.99655785043524,-3.2814468684709737,49.484850191880184,405.7868911766825,-17.475322762479117,42.757913068844445,367.0913775587966,-53.885363293955336,39.447894699692384,-0.0016465016465016407,0.4185629185629186,0.3896782230115563,-0.02858252858252871,-0.016958350291683556,0.002,0.07936134852801519,57586627.81279998,29097133.107307285
R19:parametric:-0.2,0.009157509157509125,-0.008547008547008517,315.28607677694276,39.29539445955574,49.97014345453053,407.4642742288502,4.476730300122753,50.61311303249606,408.9533725648111,-3.9665146150576662,49.52245769763985,405.9617620860758,-21.02232713223588,44.20890815815984,350.45328796255626,-67.02797114625196,41.6051409699607,0.008621008621008591,0.4215784215784214,0.38824138824138843,-0.03336786670120015,-0.016995350328683823,0.003,0.07902294002294007,58779819.566703275,26052989.87555457
R19:parametric:-0.1,0.0006105006105006083,-0.008547008547008517,315.2442221815239,39.27401757644669,49.13604025500213,407.9060668429243,4.432030250166992,49.64038287129628,409.29447192495513,-4.19554605962843,48.73053825253526,406.35409909962686,-22.29329164177421,42.42337631263421,340.5178303483466,-71.32678230601095,39.42602067660056,0.0003576670243336898,0.4235887569220903,0.3892095558762225,-0.034453201119867896,-0.016650016650017037,0.003,0.07911916478583148,59010904.603319645,27577650.266851272
R19:parametric:-0.05,-0.007936507936507908,-0.0012210012210012167,314.78685834916877,39.26573141894042,47.45836313377397,407.4043757396278,4.454846752470205,47.860557744879245,408.73135434133496,-4.3190136422214085,47.12401240771385,405.25790410744304,-22.930522684050647,41.35073762746879,334.50623329765364,-73.25652545380693,39.3528586386667,-0.007850174516841155,0.4225527558860891,0.38801938801938796,-0.03391053391053379,-0.016798016798016735,0.003,0.07897425414092082,60296722.882079765,28100975.304412335
R19:parametric:+0.05,0.0030525030525030417,0.00366300366300365,316.08143843894385,39.20276479771733,50.945724751928026,409.1499175417134,4.426528504817316,51.0604633392681,410.73712696168167,-4.512247555144514,50.93988452775721,406.77649725582,-23.995968735155156,44.73719873406086,326.95440439233766,-76.68400048599051,42.10766875166388,0.0032621699288365837,0.42436575769909085,0.3902332235665571,-0.0344223677557012,-0.01697685031018359,0.003,0.07927573044239715,54477190.93224587,27158016.352160893
R19:parametric:+0.1,0.008547008547008517,0.00366300366300365,312.786534269418,39.36348387638277,45.89604768336092,405.95101963478464,4.461113098162869,46.938683648147304,407.61546597462507,-4.577185221448087,46.95202799081143,403.5452755598563,-24.54883828359148,42.36337122142898,319.0633984573591,-78.38299707340735,39.777039508989816,0.008787508787508756,0.4213749213749214,0.38686005352672037,-0.03415103415103426,-0.016828850162183648,0.003,0.07870670070670073,60278836.55010305,27588721.38468791
R19:parametric:+0.2,-0.013431013431013383,0.0012210012210012167,314.8697705407171,39.33715658114521,49.09731958177081,407.4615925171712,4.405634783312494,49.681623145550326,408.61871971414547,-4.836945732291243,48.67206291683219,403.8415607229193,-25.853010795937188,43.3042560971553,308.70463380941464,-81.8944699128669,40.81097630291466,-0.013135013135013088,0.42109742109742093,0.3884448884448884,-0.03304103304103315,-0.016810350143683407,0.003,0.07894385244385246,59114606.22746119,27736321.96904645
R19:parametric:+0.5,0.001831501831501825,-0.004884004884004867,314.68206366094165,39.23036934726656,49.16047207317451,407.87009404959036,4.355587966433509,50.19330251692469,409.5800934318676,-5.526219811421679,48.75257999357409,402.46066906553347,-29.48304399195392,44.77868660611862,275.1835714166365,-90.87088493824542,40.2150327284203,0.0025653358986692226,0.4226020892687562,0.38856205522872206,-0.032782032782032886,-0.01687818354485037,0.004,0.07895067895067898,55851364.821197435,25776868.80054205
R20:open,0.0006105006105006083,0.00366300366300365,16.087844031074887,-47.851920692307424,49.29090305642713,2.060188634133299,-85.19824021501364,50.25484277593637,0.10661669662691377,-92.01447360680933,45.83514511925334,0.03504406962218885,-100.16923145946987,39.08080376944395,0.03236513208865559,-131.90775547692573,39.32780497926109,0.0006475006475006452,0.003502670169336815,0.0010360010360010163,-0.002016502016502001,0.0009435009435009856,0.112,0.00012139712139711982,43605.704257439385,29334.996290279887
R20:short,0.0012210012210012167,-0.00366300366300365,314.18787032329647,39.31528274991969,49.454193483352356,406.25096116760193,4.556747026357099,50.24907041613155,407.4974420828441,-2.168683188473568,49.644516801380654,399.3008386803559,-11.64381029858268,43.04434687975771,348.8792232885063,-31.407085785995683,41.221291759409205,0.0008325008325008296,0.40868390868390875,0.3873965540632207,-0.022767356100689362,-0.01684735018068368,0.002,0.07894041760708426,60194564.04485075,26966635.954055857
R20:parametric:-0.5,0.01831501831501825,0.00366300366300365,315.23022674711683,39.19788980995214,49.17522666578636,406.2337845274825,4.470585905906693,49.31765110265686,407.38398228025693,-3.2889729189162775,49.45430595683837,403.3475477766177,-17.52781236312774,43.63083762036494,365.98431522461806,-53.558065707920704,40.26563228563769,0.01831501831501825,0.41665124998458336,0.38769872103205455,-0.027793194459861233,-0.016927516927516865,0.002,0.07890506407173073,59693376.276938215,27203027.807223238
R20:parametric:-0.2,-0.0012210012210012167,-0.006105006105006083,314.7223832664429,39.32012447354019,48.43879376648643,408.0483398691507,4.483435285664298,49.13856873050749,409.9961849049081,-3.9488237769062025,48.92705941656228,406.40044079152403,-21.13798665852844,42.670577377514874,349.8761438784291,-67.03400849747709,40.48129181424059,-0.00141833475166808,0.42167708834375506,0.3890430557097223,-0.033522033522033395,-0.01681651681651676,0.003,0.07914001430668097,55819339.20140329,26828330.357388787
R20:parametric:-0.1,0.01098901098901095,-0.0012210012210012167,315.9976927905443,39.365685885424604,50.331110307992844,408.11233360357437,4.451682105838806,50.96264248209945,409.23214280692275,-4.200812339219003,49.42402541334343,406.1556038705453,-22.389675749661052,43.09815382672443,339.53170096869496,-71.12172289331498,40.28641452482964,0.011013677680344308,0.422928922928923,0.3893205559872226,-0.03426203426203436,-0.017026183692850305,0.003,0.07915429632096302,56904983.60604705,27409643.94525748
R20:parametric:-0.05,0.001831501831501825,0.0012210012210012167,314.3422096653103,39.23987240506352,48.404192387130195,407.32078832176865,4.443358304593551,49.13570742441729,408.74355788075513,-4.277936190263713,48.64324536789244,405.1821676998021,-22.75372224947508,42.373882471301954,336.64772410006753,-73.11474665399288,40.359801907354466,0.002349502349502341,0.42254042254042257,0.38832772166105495,-0.03469986803320125,-0.01695218361885044,0.003,0.07897871881205215,60510493.302178495,26486771.32074347
R20:parametric:+0.05,0.00366300366300365,0.00366300366300365,316.42429261162135,39.2341172590796,49.966070919695696,407.87746277824624,4.425094182684301,50.50584890891962,409.2158220400377,-4.5404131295504335,49.13443270402324,405.24952988396615,-24.13494844660554,43.34379795983459,325.17425432658916,-76.79176302878538,41.09445118519905,0.0036568369901703104,0.4235764235764236,0.3891047224380557,-0.03368853368853361,-0.016921350254683963,0.003,0.07907617690951024,56435113.478649855,27032991.50659471
R20:parametric:+0.1,0.016483516483516425,-0.0024420024420024333,314.90136774659464,39.32214341957953,48.608283627622924,407.49371289799524,4.443175733106352,50.72513202469928,408.7301917629103,-4.603454783029818,49.70876959331364,405.5971888339011,-24.56747969097266,43.627355372080075,321.5567664895259,-78.58606634134637,40.94515487943317,0.017081683748350354,0.4235147568480904,0.3885558885558886,-0.03419420086086762,-0.016946016946016884,0.003,0.07897663447663444,54668025.53067013,25294069.624033645
R20:parametric:+0.2,-0.0012210012210012167,0.008547008547008517,314.91866946711787,39.040577365936855,50.0502493059149,408.0020872667103,4.397498691946597,50.40462859605302,409.5538698672732,-4.830594373481892,50.844108800952455,405.02799458980394,-25.827005527785182,44.09945197447823,308.87960466890775,-82.03401531956811,41.61979433339175,-0.0012025012025011982,0.4227007560340892,0.38871622204955536,-0.033737867071200495,-0.016872016872017025,0.003,0.0789967686634353,55776074.88329283,25169132.5067022
R20:parametric:+0.5,0.014041514041513992,-0.00366300366300365,314.90408971955384,39.187959839492535,49.45864208580841,407.1948873497165,4.3646583030763395,49.85828527783233,408.41087773370316,-5.535361736004786,48.951803985581456,402.066680335226,-29.309387709670162,43.20183324700171,276.4528163130501,-90.91946383254394,40.29411493314401,0.01383184716518045,0.4212454212454211,0.38806255472922135,-0.032874532874532986,-0.0167733501066836,0.004,0.07885903602570268,58031249.776961945,25011929.11173497
C5:open,0.008547008547008517,-0.00366300366300365,315.03806699386223,39.18215729649371,49.78642341509915,407.50591074651913,4.440434414236234,49.78143187456409,407.87828156643116,-4.367879828401156,49.832972543831275,379.91901723105434,-21.79275085181387,43.56292668458376,263.135137756788,-50.47981528190941,40.9237880251719,0.008553175219841856,0.409146409146409,0.38854355521022205,-0.022748856082189562,-0.01680418347085008,0.003,0.0789850951517618,59098008.05985145,22612336.523884818
C5:short,-1.2301587301587302,0.006105006105006083,1.5892472801264184,38.86207668710897,48.42580354595055,2.036760418024275,4.353187060284673,49.88783241674908,2.015014243116073,-0.4902982071639912,50.4412978484497,2.0060151996475897,-1.1624553826505863,43.264488541412625,1.9886571431243105,-1.6236188009461665,40.754531465560284,-1.2299428966095634,0.0,0.0,0.0,0.0,0.2,0.0,265144.4107351403,121391.64798346032
C5:parametric:-0.5,-0.010378510378510342,-0.00366300366300365,314.5690959695654,39.258689643523056,48.10534381764696,407.30629748932404,4.425622413189833,49.30167089569924,407.9656218995025,-4.419214942946098,48.858621665249345,391.2356346255516,-22.75835902919438,42.715649739314266,298.98836336693114,-61.46095556482766,39.588496479953434,-0.009860509860509827,0.4092450759117425,0.38795772129105477,-0.02270568937235618,-0.01681035014368342,0.003,0.07892115908782578,58210827.94886808,25124455.193050236
C5:parametric:-0.2,0.004273504273504258,-0.006105006105006083,315.19053694369575,39.28808914511749,49.75592972714806,406.6500373072141,4.43839972768448,50.67769359754806,408.7222584312346,-4.403205318028165,49.459330800918906,400.19279492006217,-23.22418807292565,43.487093363041325,319.43392820307963,-69.42667572664892,39.693167184674664,0.004199504199504185,0.4136357469690802,0.3877233877233879,-0.024802358135691392,-0.016872016872016803,0.003,0.0788809955476622,56569829.19598157,26394304.83935645
C5:parametric:-0.1,0.020146520146520075,0.00366300366300365,314.0980685058305,39.24762262732047,48.14246532816089,406.47182336077503,4.431677197167722,48.61978630397012,407.75736077954,-4.417685698724016,47.39331911823172,401.4461654904509,-23.320553508480227,41.727843234902245,323.3212909129088,-72.04767949702163,38.91254579766353,0.01977651977651971,0.41730491730491714,0.3872670539337205,-0.0292238625571958,-0.01679801679801672,0.003,0.07878765062098395,58822226.546154946,28449490.32133305
C5:parametric:-0.05,-0.007936507936507908,-0.0012210012210012167,313.670324993585,39.33242267088238,49.674937898914834,406.87209624675495,4.454751742965035,49.480678930934246,408.2927487293963,-4.39328809079271,48.75525647900104,403.3456282729743,-23.367667772965774,43.01909095800646,327.02502521801557,-73.57705585412947,40.384753215453756,-0.007702174368841009,0.4201539201539202,0.3873287206620539,-0.03167203167203178,-0.016736350069683572,0.003,0.07886212552879227,61161692.43119572,27331185.684467852
C5:parametric:+0.05,-0.011599511599511558,-0.0012210012210012167,315.1468773032941,39.272848058853526,47.979704499145505,407.8194812665191,4.430694591826845,48.68195462794159,409.71305853822525,-4.366058991602454,47.82938997086322,407.093760780499,-23.37590469180484,43.15531484047898,334.9762234517908,-76.18646373832445,41.137212708463444,-0.011796845130178422,0.4269865936532605,0.38832155498822163,-0.037555037555037425,-0.016785683452350052,0.003,0.07904813704813704,55927849.78382412,27011209.225392528
C5:parametric:+0.1,-0.001831501831501825,0.0073260073260073,315.01723678225187,39.296551551570985,48.366777596303415,407.2099777084702,4.452537260483384,48.689560040235975,408.94231639615725,-4.411912155664105,47.45739155086884,407.67945056487076,-23.629205732161584,42.664218051400034,335.0638921824532,-77.75818872787585,39.92596178844498,-0.002448169114835773,0.428633095299762,0.3876678876678876,-0.039571539571539444,-0.016730183396849996,0.003,0.07891221741221743,58030393.10546476,28789643.73237595
C5:parametric:+0.2,-0.009157509157509125,0.006105006105006083,315.6339796789647,39.12685781779605,50.99301386738934,407.5662792052679,4.420140240806058,51.10245170205277,409.8080890734809,-4.425847781208644,49.74102776537825,411.05728449015754,-23.798022354946028,42.77375143613559,339.1487557750749,-81.15378558907194,39.64637795335196,-0.00897250897250894,0.4341646008312675,0.3890862224195557,-0.04526337859671178,-0.016761016761016694,0.003,0.07904972188305523,58945404.8742363,28787966.25136526
C5:parametric:+0.5,-0.00366300366300365,0.00366300366300365,315.6848914848443,39.25501499422626,50.556740260520655,407.9194683513473,4.442414432143196,51.141085789859865,410.1521855269333,-4.417638869323129,50.54662564193008,420.0136424856679,-24.39448019130522,44.061992955293384,344.00179852237125,-91.07546109055491,40.32201654173013,-0.0035273368606701817,0.4488597821931157,0.3887902221235554,-0.05895339228672564,-0.01685968352635013,0.003,0.07905697389030725,56949321.9740604,28905539.843960334
C5:cap_degradation:+0.2,-0.009157509157509125,0.0012210012210012167,314.8002208967102,39.267182347508545,48.361387756011794,407.83546377676635,4.43727109235037,50.35230570160645,409.2190231614601,-4.3692309110926,50.31378057397609,400.10143095692456,-23.029635043176626,43.40034106525273,320.31154582587976,-69.12699980964615,40.88792270448132,-0.008799842133175435,0.4136357469690804,0.3883523883523883,-0.025012025012024926,-0.01687201687201681,0.003,0.07905968722635387,58093799.202306956,27798405.860993017
C5:cap_degradation:+0.5,-0.0073260073260073,0.0012210012210012167,315.38487418235906,39.183412109189426,49.41624426945873,407.16824403453376,4.416746368762562,49.85253845094,408.1105258494445,-4.4176905670652555,48.47076815769434,391.8165607812058,-22.76663017436941,43.29665120530253,298.14259602582536,-61.498065620226654,39.31494532816279,-0.007313673980340621,0.40917724251057574,0.3883708883708883,-0.022829022829022758,-0.01677951677951693,0.003,0.0789095719095719,56641106.63274269,24634675.13984485
C6:open,0.0030525030525030417,0.006105006105006083,315.5918133949161,39.18352836641306,48.52593523481431,408.2010077385121,4.659044654716135,49.416691353357756,409.7082209098048,0.0723602692017915,49.21417845943171,408.7848626631627,-0.5523512474991661,43.701165351411774,405.4440848265408,-0.9908466511465983,39.33907474105993,0.002892169558836215,0.4196975863642533,0.38982622315955645,-0.027756194422861417,-0.01687201687201681,0.001,0.07945623512290184,57928656.49244833,28103134.303310033
C6:short,0.0006105006105006083,-0.00366300366300365,0.030881086929281668,38.499189304374866,37.97501954419768,0.030109467993012954,12.03105335107535,39.50230651472273,0.028377954531537415,-1.838119103747743,39.37037244778335,0.02918766023958099,-18.7008876860682,37.95932519439606,0.03276757652585929,-28.856793140310987,36.211572551489084,0.0002220002220002212,0.0027503360836694073,5.550005550005528e-05,-0.0031820031820031704,-1.2333345666679042e-05,0.0325,1.8006684673351396e-06,32255.68736155534,34052.10531320462
C6:parametric:-0.5,-0.004273504273504258,0.0024420024420024333,315.5875899035097,39.157293461361284,49.68986519492957,407.4401039335944,4.52157792158447,49.864685734247374,409.4688416713171,-2.187302826748522,48.87312094841664,414.0603596014555,-12.023215074837658,42.06687311347403,455.5465568722293,-42.337389939669094,39.37645792519476,-0.0043413376746709925,0.46012629345962675,0.38859288859288854,-0.06604506604506602,-0.01678568345235007,0.002,0.07925827875827873,60986730.25554409,31064309.154414132
C6:parametric:-0.2,-0.0073260073260073,-0.006105006105006083,314.8529210566883,39.252145538982305,48.7611950727361,408.1368947873222,4.486034226234441,49.59389974322784,409.83863169958323,-3.515237885163362,50.149634334621126,412.19716530192466,-18.930818769259957,43.98295505377895,385.24507785854826,-64.43979608723888,40.12655423949232,-0.006949840283173592,0.43454693454693455,0.3889813889813889,-0.04441854441854448,-0.016822683489350086,0.003,0.07921160321160318,58395300.96242121,27545607.47802583
C6:parametric:-0.1,0.00366300366300365,0.00366300366300365,315.92770623449934,39.28041491533696,50.082153584678665,408.41155262205467,4.465715420571724,51.46619613287272,410.4063837127858,-3.9691235205977438,50.91296471512358,409.77331279332407,-21.272391860210007,44.195949883652204,358.4223048429865,-70.10594989889879,41.72278300762282,0.003521170187836842,0.4287687621020957,0.38983238983238977,-0.03949753949753958,-0.017020017020016966,0.003,0.07924261540928207,55961053.13238838,27065181.890682533
C6:parametric:-0.05,-0.0006105006105006083,0.004884004884004867,314.9510862601671,39.318853987051405,48.78104333528367,408.0352577187389,4.470470294254146,49.14663531933188,409.71170951948557,-4.197540107998283,49.99968322252819,407.32112970663013,-22.390466938247283,43.733501075957314,342.3522840715063,-72.8243107861945,39.90803451893609,-0.000733834067167398,0.4262465929132594,0.3885250551917218,-0.03741937075270395,-0.016798016798016936,0.003,0.07911604444937775,56615242.332230166,27937829.85148578
C6:parametric:+0.05,-0.004884004884004867,0.006105006105006083,315.22515667771927,39.294725300227604,49.85712726734673,407.4964713572481,4.444434458313875,50.731372309555084,408.9466032476465,-4.6010627668301005,49.84927322603657,403.9560753706225,-24.407821948621056,44.12175240274371,321.0350997648583,-77.04310119885395,42.27643162792147,-0.004951838285171601,0.4212269212269213,0.38795155461822123,-0.03202969869636547,-0.016933683600350427,0.003,0.07896757563424231,59025946.00400053,26223578.767014734
C6:parametric:+0.1,-0.010378510378510342,-0.0024420024420024333,314.3230525277403,39.26930417228109,48.069103296552484,407.42921184803924,4.4067233313461225,48.487906278442935,408.6034701393261,-4.873411178272806,48.03181683368425,401.81099894336654,-25.765014963023848,42.83394381492693,305.3268150035119,-79.5625025828271,40.43040495589787,-0.009737176403843036,0.4181250847917513,0.38854972188305514,-0.02942119608786281,-0.016810350143683407,0.003,0.0789136789136789,58839357.68619796,25822161.57660203
C6:parametric:+0.2,-0.016483516483516425,-0.00366300366300365,315.148318987553,39.21163528579959,47.09186999194199,407.8204031122833,4.373420939095009,47.603614868730574,408.88812758509823,-5.352732119830648,47.345670303834645,397.77254819411735,-27.996669824228242,42.209913981062904,281.9448957118474,-83.17690139427005,39.117414918336266,-0.016341683008349615,0.4156584156584157,0.389055389055389,-0.025974025974026108,-0.016865850199183463,0.004,0.07893956043956042,58756923.161246166,26748721.42235423
C6:parametric:+0.5,0.009768009768009733,-0.006105006105006083,315.028975459304,39.088425642716786,50.58208187680821,407.2289396675549,4.307894780170226,50.570556584690735,407.4303455952563,-6.690554262533595,50.28977238338135,382.2453156781143,-34.14083162608302,44.660688014071766,228.6415759685911,-90.92834906896005,42.018162827602254,0.010101010101010065,0.4094794094794096,0.38834622167955496,-0.02296468963135643,-0.016680850014183513,0.004,0.07872568789235457,56231940.68084511,21654736.64560526
C6:cap_degradation:+0.2,-0.006715506715506692,-0.006105006105006083,316.30328040909274,39.26382326148023,49.98067375833534,408.47768908500825,4.484826718792261,50.90055501990609,410.55218830858763,-3.4781836077871167,50.57085456429946,412.16788590312365,-18.85549210849495,44.75960524107334,386.3944671236173,-64.0672364988488,40.7180038189898,-0.00637633970967302,0.4363661030327695,0.389363722697056,-0.04481321147987798,-0.01703851703851697,0.003,0.07929040095706764,51235916.539762005,27963625.69746227
C6:cap_degradation:+0.5,-0.004273504273504258,-0.008547008547008517,315.41459812366963,39.26177256090284,50.52989517699346,407.2458281983371,4.5538778330975624,50.749469644000065,409.33949027631854,-2.1702955589410196,49.80913923552616,415.324638487408,-12.038032703225344,42.9656515470821,454.70414629073616,-42.509502479555465,40.7403579486231,-0.004359837693171011,0.4593924593924591,0.38903072236405567,-0.06554556554556554,-0.01671785005118355,0.002,0.0792167092167092,57684306.22099896,30282026.162690558
U1:opamp_vos:+0.02,-0.009768009768009733,0.20879120879120894,315.41096481967514,39.23730426116778,49.080685237091195,407.6576037283591,4.430585902470124,49.77473982662552,408.9923391220196,-4.394346872278691,48.884110489376646,404.6071058825373,-23.448931839195893,42.76712689682181,330.62779598784005,-74.90396611545019,39.480560822129114,-0.009761843095176394,0.42253425586758925,0.3884633884633884,-0.03491570158236812,-0.01672401672401667,0.003,0.07903634020300694,56007711.37648806,27397553.952278964
U1:opamp_vos:+0.05,0.0073260073260073,0.5189255189255189,313.5537394620766,39.37919492113107,47.36105794475252,406.7539082482273,4.441029187585132,49.1298964475441,408.50531061422754,-4.4395891436166615,48.01587031605228,404.380547524074,-23.459201239499926,42.71923136913006,329.2323663224265,-75.01583102126708,40.817602484119,0.007097840431173739,0.4222320888987554,0.38721772055105386,-0.0340523673857006,-0.016878183544850364,0.003,0.07887698104364768,61093638.30255842,27531291.46976997
U1:opamp_aol:+0.01,-0.001831501831501825,0.00366300366300365,314.64215395258,39.221804217350844,49.72490152283211,406.97282688244877,4.428456228490786,50.21673974261203,408.14130220940723,-4.384830264478646,49.103122274514,404.58615011163647,-23.361153265982608,43.24154280908048,331.2725271613782,-74.77400664670506,40.631752555679235,-0.0018870018870018805,0.42228142228142207,0.3880193880193882,-0.03508220174886851,-0.01692135025468374,0.003,0.07892102342102342,57351943.39229813,26270658.02644013
U1:opamp_aol:+0.001,0.007936507936507908,-0.0012210012210012167,306.9605168434651,39.15370819850216,41.65551151653938,396.0806768612904,4.427269649124348,42.53941425890832,397.413037994398,-4.379451234714647,42.419099446804616,393.96175041770977,-23.34754676883123,40.6542982801069,321.569431586578,-74.91957701494422,38.273564195425365,0.008121508121508093,0.4111382444715779,0.37780737780737783,-0.0337563670897003,-0.016397183063849668,0.003,0.07674458874458878,57762843.62724185,25787133.01167097
U2:opamp_vos:+0.02,0.015262515262515208,-0.20879120879120894,315.6020493823965,39.20384399477827,48.66476036031786,406.6766344967594,4.422994142668028,48.69801049968666,408.88125303928695,-4.393528002170795,49.04930342235397,404.88845664225795,-23.412031186294584,42.639579921887346,329.5919613599697,-74.83702477609607,38.73739786848603,0.015188515188515134,0.4224232557565889,0.3870512203845537,-0.03405853405853415,-0.016822683489350086,0.003,0.07886940836940837,59377681.346859485,27189918.369396675
U2:opamp_vos:+0.05,0.015873015873015817,-0.514041514041514,314.4901724738811,39.41067517998407,49.050514797540785,407.78157263160017,4.460764768061866,50.19016167160849,409.2570575809665,-4.411666301841683,49.21109051606588,405.6154544612689,-23.472564723887103,43.864404973073846,331.2459621134883,-75.02750234661072,39.93199268926159,0.01628618295284956,0.4231509231509234,0.3892095558762225,-0.03417570084236739,-0.01680418347085008,0.003,0.07906671106671107,57356833.91718196,27282743.472122073
U2:opamp_aol:+0.01,-0.006105006105006083,0.0012210012210012167,313.0606733371163,39.233038514749175,48.4631507515586,405.09320623086955,4.416130839669872,49.16002011701352,406.5110295758151,-4.414011406305986,47.81707826595564,403.49045654009115,-23.552726475616353,41.77087323917646,327.43416766447723,-75.22012291456235,38.741102642976884,-0.006468839802173113,0.42139342139342123,0.3862618862618862,-0.03424353424353412,-0.01673018339685023,0.003,0.07850666000666,59440224.82408874,28681450.475544736
U2:opamp_aol:+0.001,0.0146520146520146,-0.0073260073260073,306.818072993991,39.20478663187343,43.443527718543024,395.9422017251859,4.429314473228883,43.63393751282846,397.4340708504783,-4.390270996711775,43.562397463594095,393.67053541400327,-23.46629470177098,41.98758501906856,321.07661444366653,-75.09835915348512,40.753761415998966,0.01477534810868139,0.41112591112591124,0.37739421072754403,-0.034009200675867234,-0.016403349736683007,0.003,0.07678679962013293,52838096.487938255,25193701.70850532
U3:opamp_vos:+0.02,-0.010378510378510342,0.03785103785103772,316.320444477062,39.292802511172965,50.85286308342562,408.78463627040054,4.453170965943286,51.40675945581278,410.4019199089836,-4.402402342449962,50.548730940788595,406.3384904829345,-23.404316398494338,43.91313548053439,331.56875561622235,-74.9102038499236,41.23434394100858,-0.009854343187676487,0.4242917576250908,0.3896412229745563,-0.03444086777420099,-0.01683501683501678,0.003,0.07923374156707491,52812899.99570588,26347225.249013174
U3:opamp_vos:+0.05,-0.004884004884004867,0.09890109890109855,316.223671263106,39.179220216931604,51.8775983249901,408.55277902004775,4.424574633364976,51.940598613268065,409.86229901795423,-4.381897668490479,51.05456363859585,406.33127019416554,-23.34593626387972,44.34961132999801,333.2746888480084,-74.84586294508665,41.14220030485531,-0.005032005032005014,0.424186924186924,0.38952405619072283,-0.03509453509453518,-0.016773350106683387,0.003,0.07919347936014602,51905957.59285998,25831721.117490582
U3:opamp_aol:+0.01,0.005494505494505475,0.0024420024420024333,315.50154276352987,39.23327088799112,48.433282078652866,407.0739154363812,4.441913963086775,48.632567420398445,408.58914981608734,-4.397784821372068,47.61467012666404,405.94958658781854,-23.391025545235482,43.4756335503006,331.79654940670014,-74.98484837908259,40.44278940903766,0.005352672019338667,0.4235024235024233,0.3879330545997212,-0.03472453472453459,-0.016742516742516898,0.003,0.07889183655850326,58709468.61698329,26800349.76806251
U3:opamp_aol:+0.001,-0.0012210012210012167,-0.00366300366300365,311.4930951584477,39.25580285952228,48.054239902818736,401.6278983732353,4.434623845395672,48.51727672897883,404.09464181115624,-4.397275071825069,48.33742224317557,400.1265548888109,-23.411616771106722,41.90860132403513,326.8585186853318,-74.66282908534251,38.53636001090976,-0.0009866676533343164,0.417847584514251,0.3829010495677162,-0.03376253376253407,-0.016545183211849824,0.003,0.07790348540348539,57981930.33582807,27793910.83534205
U4:opamp_vos:+0.02,0.0,0.00366300366300365,313.8079532111509,39.190887449598286,46.46267071640859,405.959577006422,4.42122340852552,47.005246363071066,407.4379252089258,-4.412694763295317,46.05506591219053,403.698025097151,-23.444152532524328,41.01971371307536,329.81265035188574,-75.04789725949146,37.26973252890144,4.9333382666715843e-05,0.42160925494258833,0.3871313871313871,-0.033885867219200866,-0.016687016687016637,0.003,0.07866668516668517,61307230.49891049,28752086.079158306
U4:opamp_vos:+0.05,-0.006105006105006083,-0.006105006105006083,316.5266876139493,39.23835201192236,49.21319859442336,407.42838329878816,4.433171256180946,49.886568815498165,408.70432580646224,-4.376414972500367,49.41452700017611,405.29689759602195,-23.317161586480317,43.18393469306559,331.77313697223315,-74.62864258686272,40.1264910467479,-0.00614817281483946,0.4238847572180904,0.3885558885558885,-0.03495270161936817,-0.016724016724016893,0.003,0.07900750484083816,59304809.7407015,27157438.86941189
U4:opamp_aol:+0.01,0.015262515262515208,0.0012210012210012167,314.15599367615016,39.372501511365385,50.250535589039025,406.77256525625285,4.44861873864116,50.505981803431524,408.5983978651128,-4.43917384114393,49.6108609416426,404.74375689295033,-23.598859163955314,43.1574280742328,330.3444560929602,-75.3848625463893,39.95283573911103,0.015133015133015078,0.4222012555345887,0.3877727211060544,-0.034064700731367505,-0.016557516557516506,0.003,0.07885510785510787,58761438.01603798,27935304.546435855
U4:opamp_aol:+0.001,-0.0030525030525030417,0.004884004884004867,314.46271423256405,39.35242897185469,48.25464995813743,406.5053457486366,4.431002821545347,48.8503418338517,408.13287585520266,-4.455555963596614,48.087140326973966,404.3406689131586,-23.605273980322302,42.84328158336292,328.4375859776477,-75.25746620896145,38.91147672719987,-0.0029168362501695733,0.42198542198542227,0.38745822079155406,-0.03378720045386722,-0.016631516631516775,0.003,0.07881929181929179,58940462.8571486,28232153.823498517
U5:opamp_vos:+0.02,0.799145299145299,-0.008547008547008517,315.4289769280091,39.28810246143895,48.4454942934786,407.0654870525277,4.404601525131791,48.443041636542745,408.595190883337,-4.458613671571767,47.492838783605535,404.7749265085967,-23.64039924356865,42.58524033551791,329.94036065002587,-75.23230236504271,39.221376713263105,0.7993487993487992,0.4224602557935893,0.38786522119855443,-0.033737867071200245,-0.016717850051183425,0.003,0.07892303375636715,60204635.227166265,27771878.354803152
U5:opamp_vos:+0.05,2.0006105006105006,-0.0012210012210012167,314.86946934257014,39.28801115867677,47.15498704985083,406.13491405703513,4.445123681704162,48.57704123852227,407.69863415547,-4.380195880253051,48.51333359858286,404.30986426863683,-23.4360942748442,42.818302544328546,329.97590864389906,-75.30691972847355,39.61264715203462,2.0002775002775004,0.42204092204092203,0.38683538683538676,-0.03441620108286736,-0.01694601694601683,0.003,0.07874174590841268,59041057.44933668,25931167.72785569
U5:opamp_aol:+0.01,0.004884004884004867,0.00366300366300365,308.3992539715033,39.29028754631107,48.52630630852613,398.1078354016643,4.460231613668599,48.79799526008023,399.8002840943293,-4.421763238286503,48.77404883957876,396.6473321352429,-23.543898437189238,43.238018846582236,322.7139239195577,-74.99613944815991,40.49944019357582,0.004914838248171564,0.4137899137899138,0.3792010458677125,-0.03370086703420028,-0.01636634969968319,0.003,0.07716497083163751,55870363.329166576,26644824.622894056
U5:opamp_aol:+0.001,-0.0006105006105006083,0.0024420024420024333,256.9043142771569,39.282420681997785,49.12570066928658,331.9793880047527,4.417433143051849,49.642163153748356,332.7243587313651,-4.441108707956857,48.1490220797066,328.8071855965479,-23.643783518051045,42.89343984397773,268.63231326405537,-75.35446716220561,39.58912249732765,-0.0009188342521675823,0.3437611770945103,0.31669565002898314,-0.02799052799052832,-0.013714680381347003,0.003,0.06437997804664472,49025689.65428199,22674966.140004523
U6:opamp_vos:+0.02,0.008547008547008517,-0.00366300366300365,315.6996597252602,39.21775767617574,49.7563897306874,407.82374155558364,4.430828921279854,50.65361418846501,409.26186867543595,-4.411487793770599,48.26932165718429,405.53332963199534,-23.542313885074826,41.57821449457714,330.51678511905664,-75.07799552625235,38.55487354543466,0.008917008917008886,0.42332975666309003,0.388747055413722,-0.03480470147136824,-0.016921350254683533,0.003,0.0790412242078909,56273673.41089854,27822814.53087645
U6:opamp_vos:+0.05,0.05555555555555536,-0.0024420024420024333,314.00400668473935,39.17420821973514,49.32493453664614,406.9696981065297,4.413573728885588,49.28972777597215,408.2932617198246,-4.427983275203783,48.38446881731598,405.4507117714747,-23.55297514306685,43.902990309066695,328.94031587627467,-75.3415034963452,40.19302692565484,0.055142388475721615,0.4232495899162564,0.3875877209210542,-0.03410786744120087,-0.016434183100849924,0.003,0.07889392706059375,57407261.27652176,26812245.304015093
U6:opamp_aol:+0.01,-0.009768009768009733,-0.00366300366300365,316.03341173054287,39.34395549152815,49.48244438406311,408.7733361350617,4.439587262944038,49.73890813915632,410.0950548628714,-4.4286338460738595,49.42511810695983,406.53696759850527,-23.544785993669873,44.256338893842525,330.19157591460066,-75.17554709738542,41.64516705813091,-0.01002701002700999,0.42434725768059106,0.38990022323355655,-0.03419420086086763,-0.016693183359850403,0.003,0.07926378559711891,57061198.57260476,27800841.14135854
U6:opamp_aol:+0.001,-0.006105006105006083,-0.0012210012210012167,313.50044104715494,39.255564848753984,47.87569405762409,404.90290502287473,4.441451668024998,49.662524925081755,406.47900163582784,-4.400336954991804,49.07445177720475,403.20615869267385,-23.51476876772542,42.77272471046804,327.6678269120472,-75.07892402897645,40.57861075453447,-0.006222172888839533,0.42072125405458743,0.38568838568838565,-0.03416953416953405,-0.016779516779516716,0.003,0.07852510452510456,55751121.61731073,25310122.47712822
la:electrode_off,0.0073260073260073,-0.004884004884004867,6.285408666560986,39.05804721547915,-11.992165875064106,8.11215273885389,2.6542118752926878,-9.776081875211197,6.921070827241931,-36.311476307590965,-11.155483233129791,2.4809727190859014,-96.93883298660802,-20.06631795905929,0.7054228402543745,-163.36649722031046,-30.989723555235194,0.007529507529507503,0.01055117721784385,0.007628174294840943,-0.0035026701693368217,-0.00022816689483356935,0.0525,0.001492569159235822,2500001762.476907,1225024098.7389617
ra:electrode_off,0.0030525030525030417,0.0012210012210012167,6.968934971477843,39.15348648123321,-11.095428295644197,8.98806202170786,4.630825373133193,-8.885420319870661,7.058642088941854,12.022423528014095,-10.984429084691701,26.370176145104182,59.618299830155436,0.4635322142323619,69.10270350159789,2.7238609315501052,8.8313059380397,0.003391670058336713,0.04522021188687841,0.008602508602508566,-0.034175700842367825,-0.0002713336046669401,0.001,0.001748498415165077,2499994965.0125227,1229576679.9096642
rl:electrode_off,0.0024420024420024333,0.0012210012210012167,315.0382091808407,39.08340961991735,51.6503837801978,407.1885704009243,4.403473063650168,52.057958140565646,408.8617881953112,-4.42134151099473,53.27385995296508,405.4102427903973,-23.603437810711256,70.1617834313837,329.38548245253816,-75.17684523801185,86.21684473656443,0.002392669059335718,0.4229165895832563,0.38829688829688824,-0.034465534465534346,-0.01645884979218307,0.003,0.07896086012752677,57143597.104440466,27587515.924808815
la:electrode_high_z:+5,0.013431013431013383,-0.0012210012210012167,312.64788867926325,39.25493688685219,31.11464741728396,405.2452328950401,4.4316077541807655,31.95149964455694,406.3798184197966,-4.576907091153922,32.08187495907099,398.6050229361289,-23.833140906329547,26.434064775040614,322.9658169238029,-75.6491158889813,22.81647358125601,0.013202846536179823,0.4162257495590832,0.3857685524352193,-0.0314870314870316,-0.01660068326735009,0.003,0.07847805281138617,146726136.14334777,64041087.55777708
la:electrode_high_z:+20,0.01770451770451764,-0.0012210012210012167,294.7222168463499,39.14359817337314,21.4294953366237,382.46679208822104,4.36724098931705,23.69292129473038,382.67150408553664,-5.434225306101844,23.69777262678643,362.9365946204282,-26.34198456191222,23.23791012082991,285.40551006536816,-78.29740679632152,21.15060017361001,0.017531850865184134,0.3854602187935521,0.36521503188169857,-0.02207052207052221,-0.015546182212848834,0.003,0.07404766838100171,558796329.3829548,204618318.5184206
ra:electrode_high_z:+5,-0.001831501831501825,-0.006105006105006083,311.8958423829645,39.226633019524655,30.42418235647159,403.9268608524854,4.442459400792634,30.715565965072358,405.5273551147758,-4.647117883474651,30.012648416404538,398.9417835190337,-23.928872729296966,25.185080058729717,318.417288712706,-74.99156350463875,22.318928247871614,-0.001239501239501235,0.4162257495590832,0.38540471873805204,-0.03044486377819723,-0.016502016502016444,0.003,0.07828649128649134,152288905.45921212,68960256.07990335
ra:electrode_high_z:+20,-0.001831501831501825,-0.012210012210012167,300.6014818781654,39.33827126402738,21.623620216773244,389.73189220899343,4.401643614487784,23.856535271208763,389.5751469598947,-5.255248310465211,23.85308027211891,370.498355551515,-25.389157479472935,23.41699524664275,285.13055595677986,-74.71472761618806,21.142184713853027,-0.0016095016095016039,0.39181189181189174,0.3715605382272049,-0.02220002220002234,-0.01605184938518267,0.003,0.07542924976258308,440583240.7702707,189891627.8242154
rl:electrode_high_z:+5,0.015262515262515208,-0.00366300366300365,314.93289100171216,39.11402361827201,49.178005293114694,409.09782893428934,4.414867682789064,50.070119337803305,410.4460696510871,-4.411189772134811,50.14524156717497,406.79705037821503,-23.467378096097114,43.26720029696411,330.6025335130622,-75.02031660461128,40.223236387115705,0.01569418236084897,0.4249145915812581,0.3898077231410566,-0.035082201748868516,-0.01702618369285029,0.003,0.07931285381285383,56838366.87121512,27743052.510638107
rl:electrode_high_z:+20,0.0,-0.0012210012210012167,315.45730244744675,39.18995603050495,50.1315309543254,407.9264282793995,4.418123081010242,50.27647126790818,409.0118256511927,-4.4215790448881105,49.89710109289956,405.3518139181505,-23.48814911027228,43.892955198496864,330.635319077831,-74.7874066376385,41.28462431830477,-4.316670983337635e-05,0.42298442298442285,0.38940072273405624,-0.034212700879367654,-0.016853516853516798,0.003,0.07907988307988306,59438485.08912623,26928488.444871515
la+ra:electrode_high_z:+5,0.006105006105006083,-0.006105006105006083,306.75424953981553,39.30042972848601,34.850650127692376,398.8741097033158,4.396307583868408,35.64574180279645,399.54227475167227,-4.863922297332401,35.558700419275446,388.3689146603099,-24.802412708532376,28.99848061349142,308.70910332211497,-75.77639316400555,25.554457868764956,0.005932339265672578,0.4051935718602384,0.37958337958337957,-0.025388192054859066,-0.016206016206016145,0.003,0.07723461723461722,264915288.53652912,111408357.37509274
la+ra:electrode_high_z:+20,-0.012820512820512775,0.00366300366300365,282.96095800609623,39.08978997121936,24.972351000932257,366.4883998950289,4.305173070000478,25.31995867092082,364.83428588645995,-6.330171163219002,25.24765643398433,333.4917270434014,-28.44000741951795,22.561894961589868,247.3553555885734,-78.29707550493308,19.968787796137214,-0.01312267978934641,0.367638534305201,0.3501930168596836,-0.020892687559354167,-0.014917181583848214,0.004,0.07081597414930749,879346824.4291909,327264290.6427302
