condition,dc_out,acd_mag_0.05,acd_ph_0.05,cmrr_db_0.05,acd_mag_0.5,acd_ph_0.5,cmrr_db_0.5,acd_mag_10,acd_ph_10,cmrr_db_10,acd_mag_50,acd_ph_50,cmrr_db_50,acd_mag_150,acd_ph_150,cmrr_db_150,pulse_baseline,pulse_peak,pulse_end,pulse_undershoot,pulse_tail,pulse_rise_time,pulse_area,zlo_mag_10,zlo_mag_100
healthy,-0.001831501831501825,316.72685229384524,39.35340882907903,50.06204316130777,409.1580759252496,4.496807802914242,51.42456071534192,410.52520786446274,-4.353825358493298,51.05898225161795,407.24855326615824,-23.239913679820493,44.9962974021131,334.5826560818342,-74.72593125677727,42.53035391559861,-0.0017821684488351093,0.4252290918957588,0.39005439005439,-0.03570503570503558,-0.017168017168017552,0.003,0.07930390597057262,55018632.71877295,24840021.98263792
R1:open,-0.0024420024420024333,6.354686907464918,38.90722073168793,-11.896853593774928,8.144682571770282,2.6397561352953245,-9.741308485516395,6.984285251839546,-36.11176368287173,-11.076182404207689,2.509593039288804,-96.695086906185,-19.966793312774442,0.7248433354954553,-164.014713922459,-30.753914445109423,-0.0023125023125023045,0.01064367731034406,0.007739174405841262,-0.003552003552003531,-0.00016650016650016,0.054,0.001493327659994321,2499997089.871152,1240731091.5412211
R1:short,0.0030525030525030417,317.43653701388826,39.30907495157089,49.27627431556608,409.5901583109622,4.4612382034334015,49.66435254325389,410.87939587576716,-4.392989293287963,49.37778388248995,406.81585017822727,-23.416632208442195,43.16659647071566,333.0671595793812,-74.7850741765079,39.31572341911321,0.002842836176169499,0.42499475832809147,0.38990638990638987,-0.03486636819970139,-0.017032350365684082,0.003,0.07939486439486439,52101291.56134024,21821680.162452564
R1:parametric:-0.5,0.0030525030525030417,317.05276807834497,39.27233436888679,49.27051265517364,408.80092847645244,4.47605490151999,50.0917955854957,410.8287558050486,-4.3124390395459615,49.69123819234011,407.80736651571084,-23.157651442463926,43.852211009010034,335.75730665123547,-74.6323156565242,41.16703716386532,0.0027441694108360677,0.4259814259814258,0.38938838938838977,-0.035828369161702366,-0.017328350661683933,0.003,0.07921258987925651,53639081.04052638,24843783.906010475
R1:parametric:-0.2,0.007936507936507908,317.0989743434599,39.32607024995568,49.33003329745418,408.95451240198145,4.506797364086676,50.87346018980509,410.9301927604814,-4.362138628481482,50.167296205751455,407.512659222709,-23.344517906075684,44.69304693866052,333.92793420665106,-74.84976677251811,42.602068781255966,0.007881007881007852,0.4256607589940924,0.3901530568197234,-0.03590853590853622,-0.017316017316017257,0.003,0.07928844612177943,51506535.28978641,23491259.45888041
R1:parametric:-0.1,0.0006105006105006083,316.4853700089824,39.291384664484184,51.583161912515855,409.1905920643489,4.485574403369177,52.95630110279234,410.74076607306677,-4.372107641630218,51.98890142322723,406.9117859247465,-23.344521864071503,45.427085788594624,333.56617616510016,-74.8282009861352,43.462452941680596,0.0009126675793342428,0.42494542494542475,0.3902270568937235,-0.03534120200786876,-0.017081683748350354,0.003,0.07929057979057981,55462424.42661378,23894807.93605595
R1:parametric:-0.05,-0.004884004884004867,316.10480550378065,39.29338953814952,49.816957292459044,407.56418480964976,4.506137326683286,51.01455285895213,409.4354547989923,-4.331254767026602,50.61552059918183,406.6749084351127,-23.172176008993663,44.4200760159779,335.0273887489434,-74.75176177064652,41.52457681756863,-0.00483467150133815,0.42431025764359104,0.38856205522872184,-0.03609970276636953,-0.017161850495183983,0.003,0.07903571736905073,55156113.07057147,24440088.48868306
R1:parametric:+0.05,0.004884004884004867,316.7510385575981,39.134009555932636,52.08601863014259,407.9777940245592,4.488940729847899,52.57021732033827,409.8073103879076,-4.345983488911213,51.50831778119064,406.4893206479943,-23.16833675379379,45.681350707334346,335.0994760573956,-74.56348475563121,43.85865391533259,0.005395838729172043,0.4246185912852578,0.3893883893883893,-0.035489202155868704,-0.017192683859350466,0.003,0.07908345358345359,53995506.17008145,25022032.195469655
R1:parametric:+0.1,0.007936507936507908,316.82159975561365,39.27850525933018,51.15429284201635,409.9467493108259,4.465604760973012,52.6152164312214,411.0831784895364,-4.354338503688663,53.03747626882305,407.94895704910886,-23.25337317553101,46.10608609771275,334.7367728899131,-74.73941639172556,43.462122098017595,0.007689841023174329,0.42589509256175906,0.39067105733772395,-0.03574203574203605,-0.017205017205017145,0.003,0.07946845746845743,52981195.60594261,25754019.29900606
R1:parametric:+0.2,0.004884004884004867,317.55445423953233,39.26651065620039,51.136836519088256,409.1384995370217,4.480080138484206,52.05067254102121,410.6829361468351,-4.361864462874568,51.937010188191636,408.0011799378507,-23.35632432228487,45.837788878212336,335.006097435308,-74.94478880982382,42.592118061885564,0.004594171260837911,0.4262774262774261,0.3904490571157237,-0.035631035631035736,-0.017279017279017227,0.003,0.0793423921757255,53965134.19219134,25171416.03847227
R1:parametric:+0.5,0.010378510378510342,317.1624413995338,39.28427426521561,50.327347761317796,408.6252945687248,4.512610359046486,51.29046242018953,410.01583499049,-4.3293231045965275,51.43661701836599,407.2212186100961,-23.17673444029517,44.43951721008432,336.4399665087642,-74.53752413972703,41.079683682281335,0.009879009879009845,0.42476042476042464,0.38945622278955605,-0.03580986914320257,-0.0174455174455176,0.003,0.0791698178364845,55166777.47201092,26747422.049240895
R2:open,-0.01770451770451764,6.901267109947786,39.23472679905428,-11.180149322779474,8.922976994948979,4.634791652485532,-8.9486285345742,7.004442465144398,11.87286771382084,-11.05130061962279,25.916264960129528,59.82676394237035,0.31262383189479986,69.45001802892617,3.398897606263644,8.874519258415631,-0.0181978515311848,0.04586771253437948,0.008855342188675841,-0.03480470147136802,-0.0005303338636671942,0.001,0.00174573574573574,2500009276.9217486,1213416276.818834
R2:short,0.00366300366300365,317.3247949964558,39.246371822811284,50.50106999687589,409.3294785298754,4.492803706247175,51.64932929323204,410.5849554913901,-4.325061611549064,51.66264733126178,406.89967599350194,-23.120871670812747,44.02751390298452,334.8046886394428,-74.26714136100148,38.73261422946346,0.003231336564669887,0.4247357580690915,0.3907635574302243,-0.03543370210036865,-0.017124850458183946,0.003,0.0793530111863445,48525188.97618116,22182982.267575406
R2:parametric:-0.5,0.0006105006105006083,317.4936188377132,39.31238233632774,50.372530208729586,409.65419718758466,4.482923161012596,51.63179369752304,411.07832200528424,-4.368133574360848,51.68561723432564,407.3486909005521,-23.223896678874453,46.0098750589175,334.80446214240595,-74.40800665442104,41.84219672713327,0.0005735005735005715,0.42538942538942526,0.3902763902763902,-0.035433702100369086,-0.017279017279017234,0.003,0.07944847744847744,51076007.868595794,22981075.494409893
R2:parametric:-0.2,-0.005494505494505475,316.65947312770686,39.341506292693666,48.42703491232869,409.24955748602457,4.472936128176846,50.2523478907233,410.52720157447743,-4.36402080411562,50.14140347050326,407.2986227850388,-23.363485329051574,44.144664720717884,334.1116326559262,-75.05436726377069,42.2568876338748,-0.005605505605505586,0.4254264254264252,0.3901037234370571,-0.035816035816035686,-0.01703235036568365,0.003,0.0792836299502966,57142094.51280633,24315625.41410787
R2:parametric:-0.1,-0.012210012210012167,317.460550937395,39.43959352625984,49.0564799582765,409.53274112657994,4.503321452865263,50.12860151727688,410.9807117317646,-4.3710558139070494,49.527925431670724,407.3399814576525,-23.31423093511446,43.80554946883221,333.8361145609906,-74.77356614345015,41.96977034201346,-0.012086678753345376,0.4253894253894255,0.3909300575967244,-0.03543986877320198,-0.01735301735301729,0.003,0.0794262034262034,55623046.17104856,24562143.269065052
R2:parametric:-0.05,-0.010378510378510342,317.4831232414899,39.23581209488075,49.06172634710742,410.4247698048993,4.482784608620875,51.045154570685824,412.13354488618216,-4.388229649696221,51.3458762009933,408.10406298138815,-23.35607349500468,45.01921949760955,334.65891384754036,-74.82291566429441,42.65665117741651,-0.010304510304510267,0.4260554260554259,0.3910410577077243,-0.03542136875470239,-0.017402350735684004,0.003,0.0795199985199985,53421710.26037963,24302197.5097584
R2:parametric:+0.05,0.001831501831501825,316.7343173301909,39.16761326700411,50.245939194831244,409.29035968712077,4.500041176332667,52.328694529742705,411.0880241080957,-4.362551656324337,53.04458889002084,407.3838961011901,-23.328408054455515,45.819153673389785,334.4866122860637,-74.89394620596539,43.29480609967043,0.0016588349921683196,0.42522909189575836,0.39067105733772395,-0.036050369383702596,-0.01705701705701701,0.003,0.07934971201637876,54908930.295470595,25825271.75131339
R2:parametric:+0.1,0.0030525030525030417,317.5236426675654,39.28485109514162,49.40695478507108,409.8457796828982,4.483425024239752,50.09662448058488,411.2070370411006,-4.334601126784442,49.77600474520065,407.81051189696046,-23.1845083414901,44.62180844749143,335.5253049870646,-74.71796415696025,41.88766744128316,0.002448169114835773,0.42603075936409296,0.39032572365905693,-0.03593936927270292,-0.01735301735301774,0.003,0.07944634377967716,54762147.42012448,24953082.435816888
R2:parametric:+0.2,0.0,316.70300708047824,39.3112531686502,49.97213179504327,409.46542452583054,4.496668978456073,52.94591157813139,410.8830998722434,-4.352469740031399,52.26983842003253,407.2893237916867,-23.279241494301154,45.67044641806278,334.00720609173493,-74.5106187708679,42.655781349292894,-0.00024050024050023961,0.42498859165525815,0.39004205670872333,-0.03569270235936912,-0.01716185049518377,0.003,0.0793951603951604,53657739.992883965,25458264.21762306
R2:parametric:+0.5,0.011599511599511558,315.98241140791805,39.51846479626397,50.081830726237854,408.4510108903612,4.5105812532718375,51.15705806233635,409.88857403790604,-4.378959557527636,50.18367150930711,406.29900258104897,-23.2838942454723,43.84836385220211,334.1542716298272,-75.0832777048162,40.66681641514287,0.011883178549845174,0.4244767578100914,0.3893267226600559,-0.03593936927270292,-0.017303683970350578,0.003,0.07916636449969791,59151727.644271545,27056087.657288425
R3:open,-0.012210012210012167,318.8515964286722,39.29711803041713,42.38155597978688,411.3556672132233,4.470349500127639,43.34418552204109,412.6401511252936,-4.389598720586372,43.951407787483234,408.01354766224205,-23.368414421118747,43.43293665313449,335.00050963731513,-74.68576699103275,41.71198093876194,-0.012604679271345893,0.4261910928577598,0.3923668923668923,-0.03475536808870152,-0.01713101713101707,0.003,0.07972344322344327,55459726.45223691,25823032.91740159
R3:short,0.0030525030525030417,1.3568979320147054,41.13987104307766,-25.307704739243775,2.073372951112527,22.16078871998093,-21.62513810441144,13.606724357552945,79.27142851874166,-5.283683689065807,87.88527912475695,71.21425756205541,10.919790511327033,290.86287573137116,-18.39988060959754,21.31506770437054,0.0028798362131695365,0.14779048112381438,0.0018500018500018367,-0.14718614718614711,2.466669133337207e-05,0.002,0.0005789765789765778,2119793.3655815176,14073120.52859954
R3:parametric:-0.5,0.009157509157509125,315.4240989599084,39.479151303948136,44.051286520798485,408.1943740777314,4.510178761686082,44.92109816972159,409.6103030957079,-4.321670440324502,45.33380210679837,406.72378211503474,-23.147265302531444,43.19179750893285,335.01976221974394,-74.72974911072747,40.464070384878404,0.009311675978342612,0.42456925790259126,0.3889813889813889,-0.03632170298836953,-0.017075517075517084,0.003,0.07912149578816247,52078230.71279842,25572954.891013578
R3:parametric:-0.2,-0.012820512820512775,317.9082212437639,39.225958888610855,47.881961297608306,409.8366431843919,4.468601940538553,49.7448182975289,411.2523492038026,-4.327276903089411,50.173411164600836,408.10649459960814,-23.22799959422762,46.11523179326508,335.16853751178223,-74.87981464447248,43.01857220191481,-0.01241351241351237,0.42606775940109254,0.3904860571527238,-0.03621070287736984,-0.017217350550683824,0.003,0.07945473045473042,53594017.994130924,23146496.165066164
R3:parametric:-0.1,-0.007936507936507908,317.5477177659719,39.41854183331266,50.42813186009373,409.0142460943167,4.473846777752566,51.67257922462473,410.3055353164542,-4.350612054579116,50.757444349591964,407.0271899836854,-23.262667727121652,45.65774838726945,335.1293279602344,-74.90899894635076,43.4669663078234,-0.007523340856674164,0.4253647586980921,0.3901098901098903,-0.036118202784869546,-0.017174183840850454,0.003,0.07931008497675163,52266016.33617954,24152738.55080039
R3:parametric:-0.05,-0.00366300366300365,315.91569829078986,39.56220631988403,48.67433517172212,409.5384783321971,4.521146137713545,50.57966311372279,411.0246276513542,-4.36189203782702,51.79144279111968,407.43986721559685,-23.31702111642515,45.096123659210065,334.6175764487639,-74.81167729853018,43.54633583666605,-0.003909670576337229,0.42495159161825813,0.39010989010989006,-0.035964035964035836,-0.017260517260517194,0.003,0.07934590717924053,55478691.16745555,24186758.29543771
R3:parametric:+0.05,-0.016483516483516425,317.16110239643945,39.15629816919211,51.317957229146955,409.4272201572976,4.459223356374344,52.441996652865946,410.70650306891883,-4.367080291073405,51.434460894608264,407.6631107204902,-23.258986485281213,45.28635022771792,333.69960492865727,-74.85683888756188,42.108828321259885,-0.016964516964516903,0.424859091525758,0.39001739001738994,-0.03561870228536884,-0.017217350550683824,0.003,0.07933033633033632,53312262.72600754,24351850.291185245
R3:parametric:+0.1,-0.010378510378510342,316.8961745833548,39.267078747904776,49.58590984559951,409.1047750766373,4.478020024357159,51.721372282343836,410.52189310051267,-4.389628611099182,51.5021984126023,407.2875128204343,-23.419994992083797,44.41505280975734,332.76777279639697,-74.79445576949198,41.52740725696324,-0.010526510526510489,0.4248775915442581,0.3899495566162232,-0.035168535168535485,-0.01714951714951709,0.003,0.07929791813125146,54495116.71159633,25673310.24107395
R3:parametric:+0.2,0.005494505494505475,317.9296835111442,39.21673287217886,49.6212522034586,409.8728077792771,4.474402201298592,49.83232175194449,411.17050676243866,-4.3693946210894135,49.52379756508903,407.5704944733214,-23.251120446681185,44.20093809849444,335.4877853583901,-74.80245216339105,41.43699916440052,0.006160506160506138,0.42552509219175866,0.39049839049839086,-0.03543370210036864,-0.017242017242017196,0.003,0.07943270309936976,53817040.18437426,24958680.75336013
R3:parametric:+0.5,-0.023809523809523725,317.0028549352646,39.41792089371356,49.27985138733792,410.467682613718,4.509480012886458,51.72182497459571,411.66401810670044,-4.405277466090899,50.533982572756884,407.79364024798764,-23.498660334810552,43.83267987918184,332.8526634506393,-75.1031670642018,41.96260540974829,-0.024167190833857415,0.425765592432259,0.3911335578002244,-0.03513770180436856,-0.017513350846684116,0.003,0.07955635722302386,54913328.56644214,24789201.856316112
R4:open,0.017094017094017033,318.23469010946866,39.315689922261775,41.33436903134839,410.42069706266966,4.4776609202673585,42.74691355517325,411.63655990898485,-4.377042171687417,44.173740087877235,407.96117714245236,-23.27970085934232,43.316071347633795,334.2624963789549,-74.73913379597033,41.690155616461006,0.017081683748350354,0.4259690926357593,0.39187972521305847,-0.035113035113035415,-0.017094017094017262,0.003,0.07958093141426473,55593066.37097095,24763231.14025095
R4:short,0.0006105006105006083,2.1383438396950165,41.11342892304493,-21.357125458119775,2.98447320243651,22.121550309196532,-18.461565140788984,18.89849049301528,78.31409982308136,-2.4300492453598803,111.77564013472742,67.56455789247345,13.008104901618927,346.6851884400908,-23.237184826662883,22.840130664012598,0.0006228339561672873,0.18076984743651392,0.0025653358986692104,-0.1782045115378451,-0.00011100011100012575,0.002,0.0008526658526658512,2054302.9535580461,14539066.845519759
R4:parametric:-0.5,-0.0006105006105006083,315.412819779156,39.391840077374475,41.24330588880742,408.23100067586404,4.49843145815288,42.397222492627265,409.7036203733279,-4.3526865020467405,43.59061896626558,406.5384624186742,-23.269028228750386,43.50930553134056,333.5332251113878,-74.95355944848195,42.997745496173216,-0.0011531678198344825,0.42474809141475833,0.38895672229005557,-0.03624770291436946,-0.017081683748350354,0.003,0.07911912778579454,56429693.8285563,24410182.52722838
R4:parametric:-0.2,0.0146520146520146,316.55496627328836,39.327112133778016,49.85236970686393,409.2450156609858,4.502184943048243,50.506724447413625,410.678089906182,-4.377210344211934,51.31159692892517,407.4019749682716,-23.31641108223223,45.84363332951841,334.2881466139663,-74.76763689866429,44.200077581806916,0.014380681047347663,0.42550659217325887,0.39041205707872373,-0.035316535316535204,-0.017396184062850657,0.003,0.07933020683020688,48167304.226604804,24846304.234080706
R4:parametric:-0.1,0.010378510378510342,316.4476219602017,39.473041553022725,50.57789866331923,409.35882696452325,4.5218462944430975,52.10342176559507,410.5629276496784,-4.324411106884094,52.70954342999631,406.65847467774233,-23.137891930370728,46.10865343827115,335.3515172331647,-74.59403547573916,43.177952538569656,0.010828677495344123,0.42522292522292526,0.3902763902763902,-0.03671020337687013,-0.017291350624683892,0.003,0.07935981919315252,56183974.376061425,25067449.12380767
R4:parametric:-0.05,-0.01098901098901095,317.02109433246,39.50525415837148,49.844252486165914,409.8269968939881,4.508689636913548,50.47277224533083,411.150130106369,-4.373698260454097,49.38469963053478,407.9367724595976,-23.36035664676826,44.60256383911677,332.95857245254217,-74.95855400845277,42.53576930809345,-0.011118511118511079,0.4257655924322589,0.39067722401055727,-0.03524870191536867,-0.017192683859350633,0.003,0.07944489461156126,54385673.430568695,24443808.118200693
R4:parametric:+0.05,-0.010378510378510342,316.11722780982996,39.38233306791944,49.54639042041023,408.809399967036,4.491067632768907,50.395391427639666,410.6062706669439,-4.362149140010622,50.36951376927078,406.87471211239136,-23.297137351939707,45.354377561082195,333.89576601372613,-74.59290972087788,42.31146199481262,-0.01027984361317691,0.42497009163675814,0.3899063899063898,-0.03506370173036828,-0.01719268385935048,0.003,0.07927185160518492,55425904.08849643,25100123.64817615
R4:parametric:+0.1,0.007936507936507908,317.0121240099802,39.11916978162607,49.37746741233313,409.3683342025885,4.472905960442558,50.81872671107228,410.5979155016978,-4.368361361983352,50.806469817361226,407.27724332067936,-23.248817297508097,45.05390681158094,335.8157754653982,-74.68804125108191,42.540095043484826,0.008047508047508018,0.4256854256854255,0.3899433899433899,-0.03577903577903564,-0.017328350661683936,0.003,0.07935695169028509,55610487.32638092,23842027.75829606
R4:parametric:+0.2,0.006105006105006083,317.0922527967377,39.263183430589855,51.22047376179056,408.4700282279654,4.499612847011665,52.55428334765308,409.8446311019701,-4.357589921677475,52.06897549009318,406.9547318141917,-23.203088461439243,45.253272043259614,335.14346970174176,-74.65238780229922,42.32142859778979,0.005883005883005862,0.4250379250379251,0.3895857229190564,-0.036358703025369574,-0.017137183803850417,0.003,0.07916697500030836,52314777.026901335,24396659.051907822
R4:parametric:+0.5,-0.0030525030525030417,318.25039977583316,39.32333541543319,50.081563978256874,411.4068927644277,4.487337401809414,51.77073635326818,412.48858130971274,-4.379137864926401,50.88768739946913,408.4732087257138,-23.349169121163857,45.30459844969777,333.9937663178335,-74.86997664707737,42.57835800496416,-0.0028675028675028574,0.42628975962309323,0.39187972521305847,-0.035088368421701696,-0.01713101713101707,0.003,0.07970985804319144,53252830.75528177,24972016.000598036
C1:open,0.005494505494505475,317.26731426335795,39.31573873583975,49.4564681601822,408.93709096950323,4.489762359617857,50.28219250749225,410.58842854190453,-4.242641762510622,45.759142448554584,408.7173017574613,-22.85401541765001,36.671622919493274,336.3650828136428,-73.94871882270844,33.09703468776339,0.005506838840172154,0.4267954267954266,0.3897707231040564,-0.0370987037653703,-0.017254350587683858,0.003,0.07928165661499,53500371.28535182,24432834.21659384
C1:short,0.007936507936507908,1.4396106165934788,40.75708886233092,-24.79387455649669,2.0416564963064583,21.886948155395658,-21.759455246786928,13.805502955430276,79.23025371812557,-5.157779532588038,89.26704872451442,73.0860427410483,11.055127325312489,294.76488195418773,-18.88392256898249,21.430457701315895,0.007381507381507355,0.14447281113947774,0.0017020017020016945,-0.1449044782378115,-0.00014800014800014742,0.002,0.000579383579383578,2380377.4264439484,15358679.726327708
C1:parametric:-0.5,0.001831501831501825,316.38297313956986,39.40378899756662,50.400155691452,408.74980273727795,4.522909425336428,51.88669068405699,410.73996718012586,-4.271766816958743,48.77421951333184,408.5629658985318,-23.066450994021807,41.96575330113496,335.75182156014813,-74.55500631345356,39.674685117828815,0.0016465016465016407,0.4269557602890939,0.38983238983238977,-0.03672870339537035,-0.017168017168017122,0.003,0.0793128229794896,55979463.3880898,24690818.880795717
C1:parametric:-0.2,-0.015262515262515208,317.3724654263174,39.06839187007936,49.70980284627002,409.2139622277404,4.470940443086861,50.52467782022888,411.26035528617297,-4.322104206703332,50.56823464321801,408.09706007756034,-23.134975917593255,45.871110125259904,334.35356488193906,-74.69232246328218,42.461187642876794,-0.014793848127181408,0.42636375969709284,0.3905230571897238,-0.035791369124702765,-0.01732835066168395,0.003,0.07934871301537967,57146078.0062273,24319706.385017704
C1:parametric:-0.1,-0.014041514041513992,317.66592149275994,38.935813042190745,51.12157913572848,408.8729093348695,4.442098272839258,52.03995477889993,410.143320156099,-4.3802967464667875,50.4358528316417,406.8215527818844,-23.372681396051213,44.56789432089522,333.4118963431524,-74.863866637801,41.001330728265444,-0.014485514485514434,0.42480975814309174,0.3902393902393902,-0.03534736868070189,-0.016970683637350242,0.003,0.07929805996472661,56608628.78243746,25704172.3711175
C1:parametric:-0.05,0.019536019536019467,317.01628056049367,39.34607425183455,49.99599711261763,410.7543438047984,4.4816979806550865,51.532839238651434,412.24233187404405,-4.37923878768564,50.99870193564588,408.6732925216966,-23.38572196250486,45.804119843262754,334.2386133533524,-74.8783954396173,43.50305708171601,0.019073519073519007,0.42657959324626016,0.3912383912383912,-0.03576053576053585,-0.017451684118350727,0.003,0.07957028773695438,53417383.747039676,24776808.150472254
C1:parametric:+0.05,0.02258852258852251,316.1257643648417,39.371362673007454,48.8844116741731,409.58505003159064,4.540426749111021,50.99527253243721,411.1447920875719,-4.35616255036204,50.86058888485239,406.6966301666461,-23.221089436427615,44.748233407013984,336.1160395593677,-74.54322161090748,42.33421854749256,0.022397355730688986,0.4247604247604248,0.3907573907573907,-0.03552620219286917,-0.01745168411835094,0.003,0.07944594294594293,57179150.50467737,25263685.724682562
C1:parametric:+0.1,-0.00366300366300365,316.2266836478482,39.256835061607106,48.83515399933927,408.041602302411,4.483583290421552,49.89023419525158,409.93252729866674,-4.335141421815371,50.36910979115105,406.96883148830557,-23.239695146729858,43.61202813197998,334.8690997298569,-74.99988423469594,40.812829803336584,-0.0031573364906698127,0.4254387587720919,0.38945622278955605,-0.03616136949470293,-0.017155683822350436,0.003,0.07914581714581712,52938720.89615012,24751604.233896095
C1:parametric:+0.2,0.004884004884004867,317.83241643844866,39.17202013260423,50.492276393457544,409.17592232584764,4.462483082433799,52.2436749505851,410.5879204835621,-4.347016433451601,51.60367481489186,407.1473752380856,-23.192648261412458,45.21237831508267,334.8675122668752,-74.55294473091604,42.69062693873114,0.004421504421504406,0.4257100923767593,0.3902208902208901,-0.03556936890270254,-0.017205017205017152,0.003,0.0793199701533035,55292490.5884068,24777260.14370087
C1:parametric:+0.5,-0.005494505494505475,316.65941406443966,39.31416924378767,48.9229511212891,409.62386415436373,4.495871482852042,50.507440452294986,411.11848085022507,-4.404517805635206,47.40150595154251,407.0773174646667,-23.311128577254397,40.155438339671036,333.4681214786666,-74.97379098614753,37.23143939162167,-0.0059755059755059545,0.42527842527842513,0.39058472391805765,-0.03453336786670107,-0.017303683970350564,0.003,0.07938259271592603,54372921.41642058,24911146.323539656
C1:cap_degradation:+0.2,-0.0073260073260073,317.68178644313423,39.24316342020218,49.50304256646605,409.83980045718954,4.485532989251009,50.811732000903156,411.5352202323301,-4.311766865201546,50.515452759874115,407.81209836536163,-23.05064382398946,45.45007604827427,335.22350969498746,-74.64648565836193,42.967518362737096,-0.006956006956006931,0.426234259567593,0.39066489066489063,-0.036420369753703184,-0.01735918402585064,0.003,0.0794793601460268,56813472.7020492,24850847.540987767
C1:cap_degradation:+0.5,-0.0006105006105006083,316.8074043878131,39.51056489873969,47.91558329808265,408.6875753387103,4.513229420775479,48.41764969534205,410.6548267070661,-4.295363790711136,47.709656132284934,408.64736512578577,-23.123279296683428,42.372148666598584,334.00027692507945,-74.66656555660612,39.56860165358994,-0.00022816689483356068,0.426240426240426,0.3897892231225566,-0.03683970350637004,-0.017322183988850597,0.003,0.07922167338834007,54559099.436689645,24861460.895418316
C2:open,-0.001831501831501825,316.725111200005,39.36156400437697,49.646525801630204,409.0434959751747,4.500907576969489,51.02753597108567,411.07266023076363,-4.2786608198738545,45.90220575858231,408.6502081635204,-23.069092225338515,36.795524526362755,337.21238159677046,-74.29962752035735,32.98872416357632,-0.00165266831933498,0.42646859313525964,0.3898077231410564,-0.03683970350637004,-0.017131017131017293,0.003,0.07931850865184198,53265841.14984472,25520060.69080834
C2:short,0.016483516483516425,2.0645052317160837,41.06383214992907,-21.662512935453265,2.8020282969428845,22.3546920507051,-19.009271668095586,18.229403168451697,78.51222874421236,-2.74334604864185,116.23438908549755,67.97539866746703,13.34775419020595,351.9976491574443,-25.467384791985896,22.971896658080155,0.016939850273183548,0.18164551497884854,0.0027380027380027455,-0.17977084643751293,-0.00017266683933349347,0.002,0.0008252981586314924,2183809.9255356938,14851634.767080182
C2:parametric:-0.5,0.00366300366300365,318.10761094756276,39.20929062542922,51.56718804751708,410.15823367368284,4.478803591566605,52.00597088691634,411.9375238017234,-4.289651963385287,49.04103076885187,409.161717716637,-23.06986404878137,42.52416433681576,336.4373648771932,-74.34906446390383,38.72722193394835,0.0034780034780034653,0.4275785942452608,0.39090539090539106,-0.03608120274786927,-0.01727901727901722,0.003,0.07950386033719366,54809734.82719032,24539792.11199162
C2:parametric:-0.2,-0.010378510378510342,315.9877703391833,39.41249907966631,47.90477105856732,409.5670678199091,4.524106842607923,49.95688711060531,411.47028887263804,-4.304584423157571,51.16384358353479,408.4199354997309,-23.151245718652284,45.06494330984849,335.6951079015383,-74.88008311576766,43.987971465700284,-0.009872843206176504,0.42661042661042686,0.3902270568937235,-0.03686437019770342,-0.017217350550683824,0.003,0.07937732637732646,51290569.46398108,24188075.43945465
C2:parametric:-0.1,0.001831501831501825,316.14605320503375,39.31990615204506,49.32870279309569,409.2264002736628,4.508967094542743,50.204487078859295,410.4690937015914,-4.323105887925217,50.10890567030571,407.2568867511533,-23.207484814627986,44.315833602512626,335.63750054604327,-74.89492702490831,41.350307981475765,0.0016341683008349616,0.425167425167425,0.38985705652372316,-0.036149036149036,-0.017131017131017084,0.003,0.07930377030377027,53615721.92203076,24527751.146043777
C2:parametric:-0.05,0.0006105006105006083,316.929674593623,39.391200738765335,49.268954636891294,408.1391100427542,4.488484464256179,50.29380628642869,410.2456743377782,-4.291147953942813,49.99868045465387,407.75995662876437,-23.081542897310182,44.70669892641287,335.1503787901482,-74.45280075266065,43.170425029412016,0.0006721673388340032,0.42554975888309204,0.38887038887038883,-0.03590236923570246,-0.016933683600350205,0.003,0.07910001110001107,55655592.30653243,25420210.012022994
C2:parametric:+0.05,0.006715506715506692,315.48608013822707,39.46923517473142,49.60759198046168,408.07995961139426,4.514708245075571,50.57552202446331,409.69269325541273,-4.353687308336959,51.61308928936719,406.6375997246688,-23.172188688125768,44.76021847695516,334.6643322224422,-74.512808597497,41.917223119603044,0.00708550708550706,0.4242670909337574,0.3890923890923891,-0.03584070250736949,-0.017353017353017294,0.003,0.07909449809449808,55073246.898955375,24900583.922118094
C2:parametric:+0.1,0.0012210012210012167,316.94163146235974,39.51717860963082,49.93550561423677,409.75968904123044,4.513401755640006,50.27031806986537,411.2564310610694,-4.385873848941658,50.473424505524264,406.8501106257402,-23.38742965285347,43.51426826572309,333.4830587827099,-74.64233731633868,40.69073582178673,0.0013381680048346668,0.42482209148875816,0.3905847239180572,-0.03507603507603495,-0.01737151737151732,0.003,0.0794047495714162,57110047.82038129,25409273.4122428
C2:parametric:+0.2,0.004273504273504258,318.12425494972774,39.23372661632366,51.891156639588196,409.9580893695796,4.459623983594185,52.56366765050064,411.44024006495846,-4.386891696739646,50.35377249326531,406.66538325779663,-23.371710237211957,43.99239026080892,332.46430100345333,-74.9605094336913,40.98011527374293,0.0046065046065045905,0.425167425167425,0.3908683908683908,-0.03528570195236848,-0.017155683822350415,0.003,0.07946534946534943,54419696.54528895,25229411.153389018
C2:parametric:+0.5,-0.004884004884004867,316.9684579306665,39.288406715788824,50.3768675500763,408.9734771541875,4.492006908890575,51.43489784119664,410.75313297798283,-4.385892285766772,48.07678744981581,406.2275728155263,-23.28107548741646,40.50140545057032,334.4333369486152,-74.59758351555116,37.5424427429261,-0.004699004699004682,0.4241190907857575,0.3896967230300563,-0.035076035076034955,-0.017063183729850342,0.003,0.07927585994252659,57747605.43540321,24962783.36419598
C2:cap_degradation:+0.2,0.014041514041513992,317.3150168925554,39.44248664783503,50.01122891123185,409.7814915338944,4.522795008315228,51.01140504813696,411.377186399468,-4.314143730301985,50.977286274164506,408.34548814629807,-23.038652536049334,45.63230749522319,337.7565589708485,-74.45175495409146,42.43409935595153,0.014460847794181076,0.4265240931907597,0.3909670576337242,-0.03630320296986972,-0.01729751729751724,0.003,0.07941477041477041,53272495.43010591,24251790.353854477
C2:cap_degradation:+0.5,0.005494505494505475,315.7073108699261,39.34161219879752,49.311931444302026,407.47063501541703,4.490476992835475,50.13303428608139,409.1831969786995,-4.314197408242631,48.78989218554205,406.71383009602664,-23.15249372140428,42.570461275389235,334.97985064753755,-74.67191943989454,39.98573221366111,0.005463672130338777,0.4251797585130921,0.38828455495122155,-0.03673487006820327,-0.01702618369285029,0.003,0.07896967230300567,52651986.975658365,25634102.853584472
R5:open,-0.004273504273504258,2499.9514510128747,-78.17869849603818,40.000038152214614,2499.95311900892,-115.50209820661972,40.00009492132467,2499.969951029791,-18.04781383712388,40.00009158337724,2499.963867970057,-59.09457817808862,40.000067203149754,2499.953378689914,27.39307224029514,40.000068370457015,-0.041939541939541955,0.3874643874643875,0.0013320013320013285,-0.23712090378757056,0.000370000370000359,0.017,0.012013344680011332,1929536190.423202,405288456.8472247
R5:short,-0.0024420024420024333,173.33085542966498,39.45989534291505,49.660275747718075,223.9743470639399,4.4833729623272305,50.95305277941169,224.95175305191387,-4.408420081205034,50.76934264880532,222.89584177525708,-23.366653257335116,44.24301583450597,182.4959198406315,-74.88546077487376,41.76876298100226,-0.0022878356211689464,0.23280423280423265,0.21381088047754726,-0.01936951936951952,-0.009373342706676011,0.003,0.04342226292226291,29553969.789234564,13908644.935033176
R5:parametric:-0.5,0.0030525030525030417,244.89363035371548,39.3224871952426,49.40636653612212,316.6958621324668,4.502146978948665,50.713110036681584,318.2181247519843,-4.315730716407963,50.58155596978061,315.9561736353877,-23.20351674996308,44.31177239140209,259.9444667017485,-74.63203330307306,41.588023652429754,0.003354670021336676,0.32946682946682965,0.30230263563596904,-0.027984361317694766,-0.013523513523513643,0.003,0.061402548069214705,42492168.61703895,18542712.07535265
R5:parametric:-0.2,-0.006715506715506692,288.6182290384421,39.37126624309402,49.77539397326045,372.9559637503589,4.489030630856934,50.85026254945328,373.9164989507162,-4.391945176065473,51.087438293546754,370.74685604156554,-23.3066093257979,44.340248601773055,304.7459713123494,-74.80175416338652,42.3522686508695,-0.0075418408751741816,0.38710672044005373,0.3556690223356891,-0.0324736991403657,-0.015540015540015495,0.003,0.07229205362538696,46469425.37734148,22812227.903766174
R5:parametric:-0.1,0.0006105006105006083,302.60959385656025,39.48173933781298,50.56623752390344,390.98368118171777,4.512153642790192,51.83856359315003,392.22174441539806,-4.346470917503847,51.24955526940863,389.0238817064787,-23.17129727044688,45.72289053049375,321.15572380103725,-74.62023555882966,42.766627715794556,0.000992834326167656,0.4067537400870733,0.37339204005870674,-0.03429903429903462,-0.016526683193349802,0.003,0.07577315277315277,51200498.34703042,23038053.019458856
R5:parametric:-0.05,0.011599511599511558,309.7911642271601,39.50807411261478,48.37514436904059,400.1175764668104,4.512859271138466,50.12135481484059,401.6943338831791,-4.3504441807997605,51.56127012638115,398.3470785803044,-23.207955816545233,46.20847888814224,328.2876617870824,-74.99771235019095,44.87176339404985,0.010612843946177241,0.416731416731417,0.381371714705048,-0.03561870228536883,-0.01684735018068355,0.003,0.0775726742393409,53273061.15517243,23167608.786394686
R5:parametric:+0.05,-0.00366300366300365,322.80546861381333,39.301673403300825,49.21484379098182,417.03717872208847,4.49676395581677,49.775283599551535,418.47669068140397,-4.36003586667811,49.48582544106942,415.26044426597787,-23.314613774107748,45.59378553480208,340.8340483780902,-75.15113696475346,43.038181479852355,-0.003804837138170458,0.4335171001837669,0.397497564164231,-0.03619836953170273,-0.017433184099850715,0.003,0.08085552102218772,56040285.91411242,25221705.533966813
R5:parametric:+0.1,0.015262515262515208,330.52394237574464,39.3741532965333,50.625372658547946,426.51323873974195,4.4996491286482465,51.4146774266043,428.07860768601006,-4.343165634462918,50.90961136839462,425.1316842798183,-23.204437849546945,44.39953042101523,349.78101535809185,-74.7115450933783,41.52378305564823,0.01512684846018174,0.4441731108397777,0.40637140637140623,-0.03743170409837063,-0.017908017908017854,0.003,0.08265956265956263,58706557.754351705,25712200.7639115
R5:parametric:+0.2,-0.016483516483516425,345.1736476508368,39.511772344541065,48.35113900180939,445.97052311637316,4.509167742787271,49.83081813472595,447.4135916064247,-4.346609745773179,50.0934842004935,443.66498828129886,-23.218015603201625,45.48062889921801,365.2801684642417,-74.3890185724123,42.52027063153889,-0.016286182952849563,0.46312946312946285,0.4251427584760916,-0.03885003885003871,-0.018722018722018674,0.003,0.08645566778900109,58778965.54540159,26645048.26115196
R5:parametric:+0.5,0.0,387.86648478517634,39.42033266255402,48.0501109416146,502.9413980937439,4.49892707216941,49.12120508235961,504.3404350565604,-4.35444518767617,49.17900846868685,499.67034217633,-23.19938983324704,44.88689444173025,411.18988649175265,-74.78662274932327,43.20213169197196,-6.1666728333394804e-06,0.5222185222185222,0.4789346456013124,-0.043962210628877146,-0.02102218768885427,0.003,0.09739780589780589,68961824.71802506,30277126.909807615
R6:open,0.004884004884004867,2499.940606424515,38.06575447616362,40.000010497722734,2499.9507994780224,3.1351382377827495,40.000044431775706,2499.959132861839,-3.1276926920543757,40.00003975508167,2499.9539638479287,-7.8821473778848645,39.99992594172536,2499.9556662635514,-28.418431754280746,39.9998959757758,0.010273676940343625,0.2944154610821278,0.011124677791344541,-0.17926517926517893,-0.00027750027750028487,0.018,0.016769785769785772,2020399391.6063738,442539202.90888906
R6:short,-0.006715506715506692,173.6389608131877,39.29183599151243,51.005178462920824,224.97839213226322,4.508360851870548,52.13663830810883,225.82921813522432,-4.355488167128027,51.659252894919156,223.41934364967506,-23.24091781320133,44.996695774043744,183.79135788117054,-74.36343962437601,41.91062443777871,-0.006222172888839533,0.23356890023556695,0.2144275477608808,-0.019634686301352913,-0.00945967612634276,0.003,0.043586265586265535,28797715.734452367,13834966.640500288
R6:parametric:-0.5,-0.02136752136752129,245.05441980829076,39.29059432019665,50.048241529279935,317.44022997039906,4.502026826493696,51.58982349996524,318.7388581119638,-4.382915892896609,51.190715941580216,315.71362948179734,-23.285059318801316,44.87994887787387,259.05139096995674,-74.43795287434149,41.99133332678418,-0.0210098543431876,0.32915232915232934,0.3023026356359688,-0.027145693812360382,-0.013295346628679913,0.003,0.06149340782674122,42684204.74918052,19543974.398850348
R6:parametric:-0.2,0.004273504273504258,288.4458079220772,39.32923645195931,50.18379161733115,372.17440129130796,4.467992829679952,51.626222675083824,373.472611868048,-4.397388912578903,51.629112865449436,369.91710999896475,-23.350740701405734,44.94815068966737,303.457924403318,-74.98298825122076,42.790458865216436,0.004335171001837653,0.38667505334172,0.3550276883610218,-0.032190032190032074,-0.015564682231348846,0.003,0.07213683847017181,49121778.20478484,22358027.82415738
R6:parametric:-0.1,-0.006715506715506692,303.15065524800457,39.19222688520478,50.73447548762446,391.27876357356166,4.4630100417018,52.00515500950527,392.5147841941442,-4.364693902109008,51.38722859663788,388.8604776977132,-23.200561885660946,45.746743808362886,320.38649814163904,-74.64181243287545,42.15701959045249,-0.007184173850840492,0.40626040626040616,0.3728987062320396,-0.03386736720070086,-0.01640334973668301,0.003,0.07584717751384418,51190887.77338345,23771656.80571711
R6:parametric:-0.05,0.001831501831501825,310.2389869345155,39.366223196924054,50.18609684614188,400.8444768565157,4.500560537438045,50.6704110697608,402.02954344914104,-4.368277536574601,51.2292648669483,398.7370564939532,-23.195940846341987,45.73374538899179,328.0054743191502,-74.52417827811432,41.88650249310618,0.0016341683008349616,0.41699041699041683,0.38212404879071543,-0.034397701064367764,-0.016835016835016776,0.003,0.07770197703531037,54432526.49245262,24964666.86737314
R6:parametric:+0.05,0.005494505494505475,323.39021686539303,39.27937430369603,49.51307345729285,418.7109675682494,4.490471807869249,50.48872691418998,420.3875499607409,-4.3290766113545445,50.71190295427329,416.74086177921424,-23.056434958909897,45.84356247181635,343.7427526791958,-74.4853368139769,43.25057278076994,0.006086506086506065,0.4352931019597684,0.3988480655147321,-0.037111037111037415,-0.0174763508096841,0.003,0.08118403818403816,58917893.37526255,24510726.687721647
R6:parametric:+0.1,-0.0006105006105006083,330.04973588544726,39.368785590805885,49.9761558200845,428.208385055707,4.513355889137845,51.83987254335443,429.8668569154728,-4.346988963817651,51.40781351980732,425.8437199717411,-23.292371455573893,44.48712767059866,349.8352881425092,-74.92723207121509,42.60820069456889,-0.0004871671538338187,0.4450056116722783,0.4080672414005748,-0.0381100381100382,-0.017821684488351093,0.003,0.08299214365881027,58005562.39886685,25964010.63979102
R6:parametric:+0.2,-0.0006105006105006083,345.59050246377933,39.33485076944174,47.56537357524448,445.7713258873248,4.480288518197477,48.84885454172138,447.34116735218754,-4.3555324085182905,48.0460212460998,443.7577669619865,-23.238517245161844,43.83211439400985,364.0544244776901,-74.5864850124576,42.660113849431184,-0.0007708341041674347,0.46377696377696387,0.4245137578470912,-0.038856205522872486,-0.01877751877751872,0.003,0.08639336589336584,60147467.517256066,26147630.74416864
R6:parametric:+0.5,-0.011599511599511558,389.98686626706854,39.22872517068604,50.72897815972502,502.48786974019185,4.467490481205066,52.49825053296923,503.9132334145863,-4.4048203791561,53.249894483449594,499.5555289457011,-23.403384172962603,46.57853872999594,408.2807268558129,-74.72148033017086,42.27025385403572,-0.011550178216844842,0.5217005217005216,0.47895314561981234,-0.043129709796376745,-0.02126268792935452,0.003,0.09741658341658345,62850769.42407425,30455934.651809003
R7:open,0.001831501831501825,30.716446742798357,39.2565280029182,44.987117380665815,39.53020948259011,4.454984145939095,45.55932939971777,39.680256295869924,-4.333138126720296,45.74116702629599,39.33335152033449,-23.177045274005284,43.200837540584594,32.41655610913798,-74.24660498808677,40.4999063826411,0.0014861681528348142,0.04188404188404173,0.03775237108570473,-0.005093671760338425,-0.0017020017020017153,0.003,0.0076582553249219905,5337115.481334641,2464046.7674261704
R7:short,-0.01770451770451764,0.030784079170935178,-137.05906707597052,-5.270979258040311,0.035958469968135294,89.70456016421558,-5.670814250039303,0.029731795763768408,45.381154052865725,-6.506833022961799,0.03222018637845996,36.7151030382488,-5.899357490028243,0.029516873182667595,-10.970490445815216,-5.731193122921532,-0.017790851124184395,0.002762669429336076,0.00014800014800013528,-0.003256003256003245,7.40000740000607e-05,0.025,5.500672167338128e-06,31006.246799496595,31062.953145990403
R7:parametric:-0.5,0.006105006105006083,605.467503519998,39.28354715706468,49.68490700975101,779.69733158555,4.458636767811141,52.33150273293123,782.1987939697678,-4.38081416509198,51.911261164305785,775.3100138857269,-23.356181148238,45.652972563023184,633.6942984844009,-74.9270097389506,42.54244697499395,0.006364006364006341,0.8096903096903096,0.7434479101145768,-0.06682823349490014,-0.032868366201699424,0.003,0.15121086321086324,103371651.35418743,47217349.846449256
R7:parametric:-0.2,0.009157509157509125,387.0289670092841,39.49253075904409,50.60253104462652,501.32318878159595,4.537690680802558,51.36162065515654,503.424020834977,-4.361277509372728,50.73788956069173,498.9411781574736,-23.25821557075457,44.24448046508353,409.4112442885987,-74.8663523775548,42.12089672650315,0.009589176255842888,0.5213243546576879,0.4773313106646436,-0.04448637781971122,-0.021188687855354667,0.003,0.0971414511414511,67742152.22796322,30198481.604542732
R7:parametric:-0.1,-0.009157509157509125,348.21268886331075,39.27726084528642,50.28567754986622,450.3925967520758,4.472902969921616,51.07297727376283,452.35140721649384,-4.351711711621215,51.10075061943722,449.29783483960625,-23.236886924371795,45.15730137136747,369.36506673888516,-74.86483384332371,42.4200085931677,-0.009509009509009476,0.46883363550030205,0.42920042920042945,-0.039590039590039455,-0.019141352474685742,0.003,0.08731323614656948,60005296.60768164,27035397.912636235
R7:parametric:-0.05,-0.023809523809523725,330.7489746098491,39.388173246561934,50.712259937625504,428.1220495574049,4.537812337936566,51.73359186386761,430.0369391003617,-4.3679904441479485,52.38462369187049,426.2807315209346,-23.32162866730172,46.99989627268147,349.3697429516518,-75.09065993574016,44.361016011198444,-0.024290524290524203,0.44530777864111215,0.4080240746907412,-0.037616704283370814,-0.01798201798201792,0.003,0.0829543542876876,54652477.5378179,25508148.116914704
R7:parametric:+0.05,0.012820512820512775,303.7104466633526,39.24504159366259,49.56300717344733,391.7595253121777,4.477244935234886,50.86630648634919,393.10109602920045,-4.336727712926238,51.24886596281308,390.1573450422024,-23.21609390829188,44.75844501406968,321.17126875934434,-74.65568367463155,41.72430008347276,0.012308678975345598,0.4074444074444076,0.3736078736078736,-0.03456420123086778,-0.016378683045349663,0.003,0.07594051010717676,51375378.35200162,24540262.24650219
R7:parametric:+0.1,-0.007936507936507908,290.0575057176592,39.529870313619426,49.83710980637825,375.33651079665594,4.496014374430099,50.76735558411302,376.65605954853106,-4.3618068849694245,50.2795609203115,373.71108865168594,-23.316349196306515,44.60771341280204,307.41859944411937,-74.941987681891,41.14177062876792,-0.008047508047508018,0.3896843896843897,0.3577410244076911,-0.032424365757698984,-0.01597168263834925,0.003,0.07275228475228478,52220260.05506229,23537749.459742922
R7:parametric:+0.2,-0.007936507936507908,268.8331094495359,39.48779598110037,49.675081609697614,347.5936913983016,4.50895808384415,51.56446636041798,348.9253854868336,-4.357150453380807,50.904619277732586,346.0639289361509,-23.280542113839818,44.81569022029394,283.9160762313064,-74.53280602517742,42.70234083265703,-0.00815850815850813,0.36104636104636106,0.33111333111333124,-0.030303030303030193,-0.014553347886681167,0.003,0.06741641074974403,46446290.3675106,20666649.97187891
R7:parametric:+0.5,0.0012210012210012167,222.30792433092148,39.13595892378292,49.38806110809659,286.3435116394959,4.446630451568696,50.98827115066255,287.39255914813,-4.354503520712983,50.84725237547639,284.57671953870215,-23.270077062779233,45.378340358797814,233.59528909201723,-74.81605335302743,43.19709328170859,0.0014861681528348142,0.29717196383863054,0.273060273060273,-0.025061358394691632,-0.012012678679345738,0.003,0.05550678334011673,37593804.82528888,17266367.97327173
R8:open,-0.01098901098901095,79.52234981683793,39.05822012018152,14.20400366786703,102.53238171527627,4.447980135685294,14.232557679461177,102.85057759880216,-4.2808999589357,14.235932326075936,101.960711612976,-22.91618406631762,14.205574890147968,83.9030370834729,-74.00465252920164,14.042747259070268,-0.010970510970510931,0.10638743972077311,0.09805009805009815,-0.009157509157509128,-0.0041748375081708256,0.003,0.01988195754862419,13649684.292240111,6468744.106901572
R8:short,0.026862026862026767,0.553392872343519,-140.68486066834564,12.047915691122942,0.7114198113785708,-176.03066342894806,12.026768871829294,0.7090841670753877,174.99379052675505,11.94217511608872,0.7102763472450291,156.32256206943157,11.971426363749941,0.5791582264762808,104.57935711524536,11.81026155097153,0.026609193275859845,0.002096668763335429,-0.0006043339376672688,-0.0030833364166697394,3.700003700003729e-05,0.024,-0.00013135629802296656,99209.32167242884,48255.358367604735
R8:parametric:-0.5,0.004273504273504258,552.2989807232724,39.348249228742695,31.06491494129586,714.7977256237649,4.527548272020971,31.088120076255844,717.7654955256618,-4.316628929934988,31.11156344369427,712.7138620271423,-23.19588574813687,31.07231497317647,586.2345268700968,-74.87335374192841,30.801078745520435,0.004162504162504147,0.7443174109840777,0.6810226810226808,-0.06375106375106396,-0.030031696698363267,0.003,0.13854554087887425,95115763.53864636,41971386.88431639
R8:parametric:-0.2,0.010378510378510342,376.5466024492793,39.35519713186189,39.62336263646677,485.92919735763184,4.482918398547674,39.710612647058326,488.08816184652926,-4.341512800024887,39.78669756589832,483.68081063232586,-23.218955828045946,39.59797007886231,396.4554745851499,-74.97405536789167,39.09132095329868,0.010415510415510379,0.5047298380631714,0.4633514633514635,-0.042488375821709445,-0.02021435354768681,0.003,0.09421706688373356,62269143.845998526,29259035.433831457
R8:parametric:-0.1,-0.0030525030525030417,342.39880685791127,39.31390355420679,43.6286109913937,441.65964174464693,4.505030031655511,44.62648224244874,443.7393363324591,-4.342386006047097,45.10424198359417,440.2046571040437,-23.16772641276521,43.47368656485224,361.83962912126674,-74.52087345264057,41.60501050353019,-0.003817170483837137,0.45951579284912636,0.42093708760375453,-0.03917070583737238,-0.01852468519135181,0.003,0.08565741665741661,59577028.74601533,27659698.62613562
R8:parametric:-0.05,-0.011599511599511558,328.73238216568797,39.39231256716597,49.226286303550275,425.9715007879348,4.516511796078113,49.891837579204804,427.4375470601147,-4.352800869325408,49.71854910872072,423.6052423564942,-23.280033579743833,45.11065475891371,348.7694614087665,-74.59697683053456,41.8496016351796,-0.011365178031844659,0.4429891096557761,0.40597673931007255,-0.03718503718503707,-0.0179943513276846,0.003,0.08259493592826925,55693052.279115245,25482425.52952772
R8:parametric:+0.05,0.005494505494505475,306.07828569390017,39.4943729424201,46.84597812513695,395.7638221719478,4.524826652497325,48.71981897885456,397.05628305307,-4.329999720256483,49.55489293299182,393.70499144334303,-23.242077040963217,45.32374061224642,322.99446811188704,-74.39588791078853,43.005738897478324,0.005938505938505917,0.410996410996411,0.3771537104870438,-0.0350020350020351,-0.016502016502016447,0.003,0.07672858006191338,51367414.4648607,23919751.444006473
R8:parametric:+0.1,0.0,295.8746530955382,39.131911844620355,44.045703440632494,381.1469724905138,4.4722062109503735,45.43436351366646,382.69883389951593,-4.335051452146743,45.64949726934471,379.56898055797035,-23.3185112406628,43.33175808597581,312.60336885685905,-74.76900815390496,41.12153464767304,8.016674683341326e-05,0.39659106325772986,0.3633033633033633,-0.03312119978786656,-0.01591001591001607,0.003,0.07390239390239392,49063216.1947396,23860055.65975146
R8:parametric:+0.2,0.004884004884004867,277.07483906747996,39.409788954453376,39.808195579809315,358.27011138996386,4.523209354844289,40.040110231312994,359.48676899468165,-4.326997019594584,40.12347463129472,356.8193383438528,-23.09321049613466,39.55836441801726,294.01542776586564,-74.68784843031914,38.592211858234606,0.00531567198233863,0.37279387279387277,0.34178167511500857,-0.03133903133903123,-0.0151021817688484,0.003,0.06946425796425795,48451828.089669995,21514923.818394363
R8:parametric:+0.5,0.02503052503052494,237.94741635401203,39.092917181783136,33.32369265579002,306.139456944373,4.454476428804679,33.403568919592075,307.3395518902626,-4.329265770224297,33.38055732113026,304.9407325243077,-23.123296722527304,33.10259399241685,251.03032726597783,-74.77238168092819,32.813111765090056,0.025388192054858632,0.31844698511365155,0.2920289586956257,-0.02704702704702695,-0.012900679567346189,0.003,0.059346653346653386,43308580.18425261,18893664.57993892
R9:open,-0.009768009768009733,0.2360760500466617,38.714245910552776,23.725550941585883,0.3140325529090586,3.7744279745897282,24.00869165659053,0.3035141163661639,-6.390733267349782,23.500811495262035,0.3004253645009165,-24.435210316555,23.590878994290293,0.2567412983028495,-73.11882547598609,23.543494915985764,-0.0096693430026763,0.0030833364166697394,0.00045016711683379135,-0.003336170002836654,-6.783340116674197e-05,0.026000000000000002,6.0747894081227205e-05,51827.22987425438,31882.56225738059
R9:short,0.0012210012210012167,79.21931959840663,39.28451341710849,14.221609729716125,102.31110378141744,4.511712435543635,14.247055769563275,102.71170946983301,-4.310816744949496,14.248994245400313,101.91584538888198,-23.048095904088775,14.17868450586898,84.06174797458661,-73.97197963750722,13.97059394178551,0.0012210012210012167,0.10648610648610654,0.09735943069276412,-0.009317842651175943,-0.004156337489670814,0.003,0.019838938838938856,13232312.18880101,6070342.503098117
R9:parametric:-0.5,0.005494505494505475,198.25860176588765,39.08775331653047,27.97535153512328,255.12918630810378,4.453345371691548,28.002683574851073,255.9552012465615,-4.326074191478812,28.01551513063094,253.98170151991928,-23.137641237405887,27.963933727410456,209.52489291927714,-74.59854396325198,27.86059163797436,0.005414338747672062,0.2657835991169324,0.2435589102255769,-0.02243435576768902,-0.010841010841010803,0.003,0.04945661128994462,34961478.24019143,15800194.224666022
R9:parametric:-0.2,-0.004273504273504258,269.64378202140296,39.43563990679373,37.7171231213539,347.9788608557146,4.494246350954524,38.19578724266718,349.2738578949269,-4.3552475084187074,38.329434131177294,346.2504831133596,-23.148880290999806,37.75176745985187,285.5694154151295,-74.49566673135296,37.1417728599704,-0.004433837767171085,0.36171236171236176,0.3315573315573317,-0.03009336342669665,-0.01454101454101449,0.003,0.06744693578026914,45948513.12798815,20867914.554648
R9:parametric:-0.1,0.007936507936507908,293.99098304319995,39.170904388092566,44.1252581212086,378.9996146016727,4.47058637375485,44.72018745022297,380.3808066064899,-4.348374809602515,44.84323713961417,377.2313753874893,-23.26447895638984,43.50973300310943,310.2953019556014,-74.71627724249403,41.456432085839126,0.007714507714507687,0.39412439412439404,0.3613423613423614,-0.03260936594269916,-0.015959349292682556,0.003,0.07349582516249183,48414653.568508014,23450291.1242385
R9:parametric:-0.05,0.001831501831501825,305.67032639351567,39.08333751768561,46.86445150107879,393.86056410863944,4.448245496181146,47.977085642303706,395.3210086644938,-4.327137675150443,48.131650310032335,392.0276086169453,-23.0997561212194,43.696931810177446,323.681083774552,-74.34762521708916,42.11875327035417,0.001998001998001991,0.4095657428990763,0.37566754233420896,-0.03416336749670071,-0.01661301661301656,0.003,0.07638920955587625,52827463.86868912,23795250.86391503
R9:parametric:+0.05,0.011599511599511558,329.47666265597377,39.06998192219753,49.046480246762826,425.08594810289475,4.447106535037346,49.512932987604934,426.7999612814619,-4.359751122127752,50.61793163287816,422.7968409144758,-23.22339698739116,45.5378320853412,348.1070234092382,-74.82668074560348,42.50453429264269,0.011155511155511116,0.4416077749411085,0.405014738348072,-0.03679037012370334,-0.017883351216684495,0.003,0.08238138404805069,53109086.211553365,25643531.14579548
R9:parametric:+0.1,0.005494505494505475,340.656253699593,39.52188345575273,44.949786041610295,439.53995203228976,4.50691505243657,45.6497642793757,441.3070107158508,-4.370728525971189,46.240837660403606,437.78676680795377,-23.28993135720391,43.91209201828254,358.57623946711016,-74.71215449838257,41.20194475873185,0.005223171889838538,0.4572957906291241,0.41898841898841926,-0.03838137171470491,-0.01858635191968519,0.003,0.08523752790419462,60051202.228397556,26938272.70011063
R9:parametric:+0.2,-0.00366300366300365,363.66584833790876,39.25759249077299,40.14146493071681,470.0746114409976,4.480346430109723,40.72945726399762,471.8625792701847,-4.325218935765517,40.77107893439729,468.0367858333119,-23.188803555863913,40.05034825452208,384.69501882117993,-74.71647409849822,38.68953134077085,-0.004088504088504074,0.488283321616655,0.44714544714544713,-0.04106387439720781,-0.01959151959151953,0.003,0.09112403029069695,61592425.598338775,28921751.30388617
R9:parametric:+0.5,0.009157509157509125,436.7646791968476,39.27619210655222,34.8564328686092,563.5652314352186,4.504093065342476,34.89429092920672,566.1871175432217,-4.347591456786693,34.98044959235152,561.0601467419475,-23.187316765941834,35.03221272012743,462.39753780281364,-74.63276112827833,34.71079797428871,0.00955217621884285,0.5857105857105859,0.5379065379065378,-0.049074382407716,-0.02359369026035684,0.003,0.10929987296653962,77332184.78547953,35207853.606957324
R10:open,0.011599511599511558,158.00766685050047,39.401332988603244,16.03365767232269,204.63710029960936,4.507363776798682,18.26085839236508,205.38756805206717,-4.404811752695707,18.29257800746375,203.4488398831484,-23.43351455442852,18.21023722810873,167.31392085387603,-75.26335397426371,16.5119421784755,0.011692011692011652,0.21257137923804603,0.19489769489769487,-0.01760585093918444,-0.00862717529384193,0.003,0.0396367644700978,26018237.575867947,12498195.444085918
R10:short,0.012820512820512775,475.34788856360035,39.40617956506407,25.6145237275959,615.4571365671752,4.522479411842001,27.83267395663344,618.172521895118,-4.330088958665804,27.86350583976331,613.0398502811563,-23.176341102215165,27.790872234253392,502.1053052113328,-74.56248496868983,26.05713131490903,0.012561512561512517,0.6395333061999728,0.5864259197592527,-0.05372405372405396,-0.02591235924569292,0.003,0.1192935459602126,70985716.53614011,36703399.55055069
R10:parametric:-0.5,0.004273504273504258,369.44370679443364,39.417169633724804,31.032989793750865,477.7590218318734,4.519410009376665,31.056040851985717,479.5060281027816,-4.31526632437747,31.027245330989516,476.28049770758014,-23.082480029404163,30.852573856794198,392.96483517852016,-74.48667227068216,30.922739414241256,0.003792503792503779,0.49749016415683084,0.4555321221987886,-0.0427350427350426,-0.020152686819353414,0.003,0.09259949926616588,63492683.79089234,27922963.07707554
R10:parametric:-0.2,-0.015262515262515208,335.1562626283397,39.28463675007029,39.36258303528338,432.3453535961063,4.486975233134665,39.7192159598696,433.63597216050465,-4.364557240922569,39.57921019568487,430.7470183026533,-23.369742714464035,39.08483257259168,353.49030469651206,-74.92153314134589,37.549184262969106,-0.014904848238181518,0.4493037826371161,0.41226674560007925,-0.037172703839370394,-0.018117684784351384,0.003,0.0837568480901814,55564441.32553744,26561709.21683677
R10:parametric:-0.1,-0.011599511599511558,324.9624970254248,39.18535262213405,43.42983003302682,420.31268787069416,4.481240273948306,44.12943047175371,421.9660194652897,-4.306961587139413,44.02013638937042,418.15815683293346,-23.199389227155493,42.571971959636585,342.81045875399866,-74.60296420092904,40.74861415585317,-0.010970510970510931,0.4360577693911025,0.4005500672167338,-0.03683970350637006,-0.017365350698683973,0.003,0.08136454903121568,57267036.545903236,24668525.592703983
R10:parametric:-0.05,-0.004273504273504258,320.7715649851087,39.30206160351738,47.28917122179545,414.2148452732717,4.499202185124127,49.51805373083947,416.0707190286019,-4.329640854573531,49.62629457887569,412.97725729707395,-23.201748955018903,44.71779192159133,340.18295673191477,-74.55097213062349,42.38733111249603,-0.004569504569504553,0.4310134310134308,0.394741061407728,-0.036790370123703314,-0.01748868415535076,0.003,0.0802506875840209,56593292.06009694,25288960.581566114
R10:parametric:+0.05,-0.011599511599511558,313.7196438532311,39.151987766099985,48.98104494800699,404.4828540798265,4.451718338160454,49.66878156719726,406.0916541902556,-4.36205844287376,49.04816853723468,402.41367174772023,-23.18838550097315,43.89291950203703,331.4952012531172,-74.73079215737756,40.776968509873726,-0.011513178179844806,0.4205054205054204,0.38597205263871925,-0.03521170187836843,-0.01697068363735023,0.003,0.07841626274959614,52825938.77302338,25105696.67362208
R10:parametric:+0.1,0.009157509157509125,309.09752648930373,39.341814360107676,44.05202491033707,399.6703527758915,4.494614245987973,44.98528349800898,400.85778948699027,-4.366302180983064,45.372937753491264,397.8371255757597,-23.242681418990596,42.48113654944997,327.7569115253754,-74.69136045053696,40.9801237142908,0.0092315092315092,0.41562141562141575,0.38103254769921435,-0.03524870191536845,-0.016915183581850395,0.003,0.07749330915997582,54407474.51695047,23936118.24311712
R10:parametric:+0.2,0.004273504273504258,302.8176158609727,39.13066444442845,40.61034877536627,391.0280850099113,4.439723314465443,40.73527647017413,392.1207480863313,-4.372625059113212,40.797839248881644,388.54363261706203,-23.323015432186377,40.50569261883372,318.84793719860073,-74.80745476321471,39.58010093225529,0.0042981709648376165,0.4055574055574055,0.37288637288637294,-0.0338920338920342,-0.016341683008349615,0.003,0.07580126046792719,52965642.07310228,24072243.62001415
R10:parametric:+0.5,-0.006105006105006083,284.5469119595486,39.31766291354602,33.37498704257055,368.13080115314847,4.506180699048265,33.43690968183202,369.78874787706934,-4.345400417627944,33.57247338540298,366.89841519619523,-23.27836677801392,33.46095055342193,301.9487151069352,-74.7702820423931,33.00133336659479,-0.006314672981339625,0.3829195495862162,0.3509638509638511,-0.03217153217153228,-0.015453682120348736,0.003,0.07139348922682254,49491711.518437564,22065802.247152206
R11:open,0.012820512820512775,472.9012661342577,39.576716162229744,25.553927466097313,612.4095780651749,4.5122464620996805,27.789888336354696,614.9751918090745,-4.351921592081734,27.818332266652696,608.8297338605582,-23.26885011016996,27.731296900744535,498.8504189413397,-74.78139188979775,26.011500114613135,0.01252451252451248,0.6360799694133027,0.5837249170582501,-0.05320605320605344,-0.025789025789025685,0.003,0.1186861410194744,78180574.22263873,37967617.42713482
R11:short,0.0012210012210012167,158.64154234238006,39.267215083442636,16.053651206707993,205.47151617744655,4.489889364713208,18.2960757057689,206.10001053463634,-4.382286514882617,18.322777066359507,204.16621782264184,-23.39758063493143,18.240951525027466,167.02992140385572,-75.4699483679254,16.496948016945193,0.0010915010915010877,0.2130832130832132,0.19532936199602863,-0.018012851346184612,-0.008608675275341919,0.003,0.03979511846178508,25898848.02638822,12586024.51420965
R11:parametric:-0.5,0.015262515262515208,264.02590702643596,39.322691123299464,28.13974833522372,340.25275285910357,4.4896999860853315,28.121661908275676,341.55245380061643,-4.3740268868093475,28.233989091042815,338.5522784596804,-23.386079996467085,28.231164275924016,277.71157952292003,-75.09024334087718,28.121116788971868,0.015435182101848714,0.3535908535908534,0.3246198246198248,-0.029378029378029705,-0.014362181028847641,0.003,0.0659779911446578,48735422.59957768,21042993.58318516
R11:parametric:-0.2,-0.001831501831501825,299.2081358422271,39.404044527524256,38.96122165845749,386.0973138811685,4.494237488967184,38.962339538604176,387.8013584578936,-4.360234130204642,38.98353274435981,384.5421542348259,-23.1957294183846,38.50095478539279,316.0437708784494,-74.5283038920752,38.08921180471681,-0.002090502090502083,0.40145040145040134,0.36817503484170155,-0.033534366867700074,-0.016317016317016278,0.003,0.07489176255842922,49537165.26723051,23137439.45781344
R11:parametric:-0.1,-0.005494505494505475,308.18503775468315,39.38466276375013,44.67073351917434,398.853372115599,4.498445817875878,45.31735319267922,399.96048011048305,-4.366000065807099,45.383947520770896,396.6112314453109,-23.287270725487613,44.24379895032843,325.53073224607823,-74.96668886322355,42.10801944444093,-0.006000172666839312,0.4145977479310811,0.380372713706047,-0.03495270161936861,-0.016835016835016772,0.003,0.07731160197826863,49378203.380014755,23314302.563263044
R11:parametric:-0.05,-0.0006105006105006083,313.5960183440024,39.20826702203522,46.07007086708989,404.28363845830336,4.482931957682078,46.791786215894646,405.5802565765041,-4.370147078259515,48.498142296500674,402.1656346458965,-23.32466922719887,43.922724996814736,329.3347008225608,-74.79151208300568,42.20884381418884,-0.0011408344741678034,0.4201600868267533,0.385750052416719,-0.034928034928034785,-0.016958350291683993,0.003,0.07836388303054968,55352619.18854567,25941403.42579811
R11:parametric:+0.05,0.011599511599511558,320.0704808450509,39.25392512907152,47.98710630031292,413.10676150665324,4.482616103077346,49.43973897412994,414.72800045844536,-4.33921973105663,49.02499488674519,411.411584414582,-23.228053808098835,45.02805135076768,339.90239044065174,-74.50066474514139,44.38887589527142,0.011291177957844584,0.4298047631380963,0.3940010606677273,-0.03602570269236924,-0.017131017131017084,0.003,0.08005295938629269,57739926.566298045,25178542.62250273
R11:parametric:+0.1,-0.005494505494505475,324.40907774871937,39.22891540946813,44.8430481264704,419.36642393930987,4.5054335489110935,46.48305664659739,420.6915872098598,-4.3824582881634395,46.5818182598428,416.90240051201476,-23.351110585142578,43.78326215808324,341.97056477018555,-75.06042030306907,41.15914947098125,-0.0048716715383381876,0.43554593554593535,0.39965589965589954,-0.03626003626003614,-0.017649017649017586,0.003,0.08126923076923084,57868058.951008625,25789486.05587062
R11:parametric:+0.2,-0.00366300366300365,331.2019134679419,39.303996440677594,40.90075256916722,428.29386323771945,4.497495099502338,41.15248529262013,430.00438328766313,-4.279776456543212,41.24108934566786,426.734046201185,-23.110483240164474,40.60983513492962,351.4466535386457,-74.6676844984714,39.7865612108928,-0.0035828369161702367,0.44532627865961194,0.4075800742467408,-0.037980537980537854,-0.017975851309184585,0.003,0.08302910669577332,59180671.54322812,25889951.797020853
R11:parametric:+0.5,0.006715506715506692,349.75967192952186,39.280197147661205,34.78192852635554,451.44418432156544,4.484284060505182,34.98145119698008,453.0088884248191,-4.356288559751851,35.00062129337828,449.24167855057055,-23.228553933759528,34.872895675025276,367.9783267352887,-74.79808667096543,34.712085004083775,0.007190340523673832,0.46852530185863506,0.43078526411859747,-0.03901037234370575,-0.0191351858018524,0.003,0.08756321456321453,53873389.87308657,27442323.972104855
R12:open,-0.006715506715506692,318.24024146578074,39.16513300958475,50.603891542637065,409.7923544384837,4.428742713247214,52.01481095112321,410.6484831847873,-4.383148316766978,52.599977940597086,408.4398946968073,-23.234531668009673,46.060947440681396,335.26753485264453,-74.56671344546105,43.18552300016363,-0.006351673018339662,0.4258827592160926,0.3902455569122235,-0.03480470147136802,-0.017149517149517103,0.003,0.07941929058595724,53947276.569300815,25063589.671552673
R12:short,0.011599511599511558,318.72561578573334,39.38823999041207,49.695444198586785,411.6374863904402,4.482644213978406,50.780473773901974,412.9495724436422,-4.360999250873186,51.12692024698157,409.0611565290727,-23.20329606071593,46.5556262622014,334.8682395279933,-74.64323432753726,44.05778678405579,0.011537844871178163,0.3896843896843896,0.3514880181546849,-0.042254042254042105,-0.01755035088368459,0.003,0.07094485761152423,54043057.3462802,24132004.323751274
R12:parametric:-0.5,0.005494505494505475,318.46380697612284,39.182443780345274,49.68639724129189,408.4924880157009,4.434022317013938,50.61016804186451,409.6754834380561,-4.374027631884459,50.02313093685692,405.56096668848096,-23.33966325661904,44.33172856967835,333.35026141406996,-74.90760369831277,41.94182434624225,0.005161505161505143,0.4237120903787569,0.3896597229930563,-0.03487870154536809,-0.01706935040268412,0.003,0.07916244249577582,56964989.0155059,25331057.048068345
R12:parametric:-0.2,-0.0006105006105006083,316.7215600114382,39.30075018225837,50.924131434771624,408.80803721996915,4.461791835200467,51.62734016797478,410.2069600339714,-4.354310375812492,51.16478105663204,406.98122691881866,-23.25377615138457,44.3483699300525,334.9450572782523,-74.78328305430539,41.84196626599141,-0.000980500980500977,0.4250070916737583,0.39038739038739034,-0.03572970239636894,-0.017100183766850366,0.003,0.07927495344162012,53748925.42717537,25264972.038433254
R12:parametric:-0.1,0.0006105006105006083,317.72873806779995,39.23669025275115,49.160305137305045,409.5201321681764,4.474172036848404,50.75418491880036,410.82312009010104,-4.338799766527101,50.39689527525556,406.99991190655516,-23.240000549791556,44.43296415737308,335.40222744880896,-74.84576553479418,42.781093750831445,-0.00015416682083348694,0.4249207582540914,0.3902393902393902,-0.035433702100368655,-0.017020017020016945,0.003,0.0794333567666901,53837784.33114889,24766146.607889492
R12:parametric:-0.05,0.0,316.8570424196039,39.538575352893034,50.939620200746305,410.1805414630028,4.520176525500198,52.06599564637624,411.66599905767595,-4.343096659129765,51.23245221443115,407.9613825019957,-23.241977410698894,45.342322454562606,333.9342627975773,-75.00272141624545,42.25641262482925,-0.00024050024050023967,0.42632059298725966,0.3906032239365572,-0.035927035927035805,-0.01723585056918385,0.003,0.0795491422158089,53834635.67101027,25233219.401045952
R12:parametric:+0.05,0.004884004884004867,316.6124504299437,39.27806722977794,50.18163019721361,408.85006709465364,4.493427867517989,50.76991633152117,410.2973771788237,-4.377902292182892,50.4275534752657,406.90628704061663,-23.483025510389787,44.69849863191524,332.38350843563035,-74.84233232338727,42.72944952503707,0.00508750508750507,0.42524142524142505,0.3902270568937235,-0.034878701545368096,-0.017285183951850774,0.003,0.07923887223887222,55757732.00311875,24411561.982770443
R12:parametric:+0.1,-0.01770451770451764,317.1482826377153,39.3300547134175,50.89034118003424,408.87533641695796,4.472239427693763,51.50205760815655,410.77841967913236,-4.3530998943605415,50.64343569143746,407.5113430300596,-23.234246370206137,44.74500824468325,334.6134768253651,-74.7714770646836,40.95971172013141,-0.018136184802851407,0.4253400920067585,0.3901653901653901,-0.03559403559403547,-0.01704468371135033,0.003,0.07927257927257926,56286355.48063775,24553359.425868988
R12:parametric:+0.2,0.014041514041513992,316.8923574430672,39.24437152825872,51.174994518641824,408.71961064972254,4.456520291458045,51.41304820194754,410.517588105777,-4.375397674931617,51.62355463225106,406.8770403315175,-23.362179615071557,45.65782278699652,333.3206070028685,-75.32758245355113,43.21632026120561,0.014251180917847535,0.4251797585130921,0.38945005611672273,-0.03581603581603568,-0.017118683785350378,0.003,0.07927144460477792,54841874.09493987,25208063.838192437
R12:parametric:+0.5,-0.004273504273504258,316.95195384394464,39.397693741311166,49.614524736186425,410.14715966760616,4.477101311467746,50.55203780132294,412.34252312964264,-4.353705399328494,50.03152239096562,408.3345142469705,-23.21555105075724,45.41370240842562,336.85844220779114,-74.83066369587763,42.02030817281974,-0.00437217103883769,0.4273504273504276,0.39097939097939094,-0.03549536882870204,-0.017168017168017538,0.003,0.07951812385145716,52826215.09649805,25729407.69751707
R13:open,-0.006105006105006083,317.01126213051856,39.032280440499804,50.07818765477451,408.6721669523955,4.427895234855443,50.87732319107484,410.55201974097565,-4.398195438670994,49.73048646617822,407.19943391046684,-23.025985118728045,44.96417842196649,335.6211040167981,-74.11861046614128,43.209533084350255,-0.005747339080672394,0.4267707601040935,0.38969055635722316,-0.03441620108286763,-0.016995350328683607,0.003,0.07920459170459171,56364115.53619608,24524991.9886116
R13:short,-0.006715506715506692,319.2924334359728,39.37581478046053,50.86732253685411,410.40849439508077,4.471647094451507,51.93306554831696,411.8052473318502,-4.3721563740535245,51.857137758349374,408.3077562426107,-23.21403786806667,45.24841671867213,336.75091579475804,-74.75898458568197,42.70505005160854,-0.006086506086506065,0.3985273985273985,0.3588016921350255,-0.04098370765037417,-0.01757501757501751,0.003,0.07277346110679445,56785060.126798205,24203799.702325802
R13:parametric:-0.5,-0.0006105006105006083,316.875012079814,39.46277324229356,47.640318116302694,410.4469848357455,4.506565233420059,48.994742099431356,412.14755768025765,-4.331747387506964,49.481637668733356,408.7272121836706,-23.37850894817356,44.028495291677665,335.1919880532965,-75.00074446526689,42.19185295362324,-0.0010545010545010508,0.4264500931167596,0.39043672377005706,-0.0356433689767022,-0.017390017390017328,0.003,0.07954663854663857,53333580.02305308,25864081.00087373
R13:parametric:-0.2,-0.02564102564102555,316.92381684986196,39.208540247943965,49.918673184314336,409.68981185771133,4.469971031272209,50.6672494183255,411.1285843518158,-4.372833843651986,50.85832583269717,407.30839201424146,-23.197990991185637,44.50646538759701,334.51969707980874,-74.71281815406437,42.96527186583528,-0.025363525363525274,0.42594442594442594,0.39104722438055767,-0.03542753542753531,-0.01708168374835036,0.003,0.07943198776532112,55415144.30832251,25078810.236345865
R13:parametric:-0.1,-0.012210012210012167,317.7178080004985,39.2553805532045,49.75687394521521,409.4805938885086,4.455767278691434,50.44685366467011,410.6923994867284,-4.373708019667337,50.06289323911759,407.3045502205659,-23.301554209820402,45.11273108492469,334.7955779416109,-74.91390392337932,43.120166359157466,-0.012425845759179047,0.4260430927097594,0.39064022397355735,-0.035100701767368306,-0.017112517112517267,0.003,0.07941287107953773,57778920.90791294,24329399.193815473
R13:parametric:-0.05,-0.004273504273504258,315.6600944893803,39.36062005316755,48.04591367241719,408.0698357437284,4.508628753274401,49.580303759773756,409.7340823550767,-4.307228167620124,48.76296808673874,407.0221942939148,-23.09983575841617,44.41961108059887,335.5954244470562,-74.52488127496477,42.56078982754141,-0.004655837989171306,0.4253215919882587,0.38884572217905544,-0.03656836990170332,-0.017013850347183633,0.003,0.07914153747487081,57579090.1702905,23688477.140611596
R13:parametric:+0.05,-0.006715506715506692,316.61877340218564,39.40611088344175,51.12483904083749,409.2558336850403,4.510255851942392,52.12620783525119,410.6819534254081,-4.334246449180957,51.690554357257206,407.78203358148323,-23.144925702893204,46.53522094317017,334.35417211604596,-74.35809970907485,43.07424920038624,-0.0066908400241733335,0.425851925851926,0.39039355706022366,-0.03542136875470197,-0.017174183840850663,0.003,0.07933832833832835,51827703.43225295,24229255.43098366
R13:parametric:+0.1,0.010378510378510342,317.2274533017604,39.20520272732484,50.22701421675194,409.7971515426085,4.470933127982794,52.42869609657352,411.28152448919127,-4.372758451701624,51.58336484720592,407.69764103625715,-23.29651758498255,44.307505963072735,334.65202144659344,-74.7664458207839,41.61268450362379,0.010612843946177241,0.4256484256484255,0.3905723905723905,-0.03515003515003502,-0.017451684118350713,0.003,0.07941993808660473,55548177.51065157,24790864.361987054
R13:parametric:+0.2,0.008547008547008517,316.3262861982431,39.42727295349492,50.987631763752375,409.2284518056508,4.501375495495578,52.29932684627373,410.66880942774367,-4.332932037633878,50.82051100942961,407.21759735183576,-23.1345694265802,44.83791242124454,335.78080224059613,-74.52899013812657,42.33000604967117,0.008417508417508388,0.42524759191425865,0.39038122371455697,-0.035717369050702254,-0.017501017501017437,0.003,0.07931902665235996,54608922.97085779,24248477.899460368
R13:parametric:+0.5,0.01098901098901095,315.88430301407084,39.39145117991396,50.623051428455454,408.90212465543095,4.502160803112698,51.49962967090466,411.2054658324008,-4.371420585112978,50.66976841891507,408.18074044818115,-23.165480316270337,44.10891338170259,336.4606380791482,-74.4040204503605,41.39938014476287,0.010668344001677297,0.4256545923212588,0.3899433899433901,-0.036321702988369516,-0.01714951714951709,0.003,0.07927442310775644,56342280.34489879,24604904.99149497
R14:open,-0.011599511599511558,316.98269937527476,39.215031988808036,50.57496183987297,408.9810212750489,4.482053774436038,51.31423706602235,410.24603760308753,-4.368926987930875,50.21450301257046,407.0748438880265,-23.27485604194629,45.04925139815229,333.57061491248425,-74.77365096735285,42.709041752701786,-0.011315844649177943,0.4248960915627585,0.38956105622772286,-0.03558170224836879,-0.017168017168017122,0.003,0.07929908363241697,56926940.09795773,24822692.72315995
R14:short,-0.011599511599511558,316.8281823372836,39.31106674635398,49.478897806459145,410.1657685339272,4.478540982061453,51.24301972107661,411.5147303097591,-4.346436251220271,51.26761122085363,407.78243147189295,-23.258002334753993,45.338128262201096,335.45169185819555,-74.80996301423411,43.17339299347672,-0.011537844871178163,0.4262404262404261,0.39142339142339133,-0.035840702507369065,-0.01718035051368423,0.003,0.0795154845154845,56366828.97369568,25921398.78127998
R14:parametric:-0.5,0.0030525030525030417,317.8897903957062,39.31475911642544,50.25650615384318,409.17357066595935,4.47829039621693,51.27005034975255,410.25144204547877,-4.361874339543093,51.16402806442159,406.9412335704397,-23.27601725075085,44.39259298813779,335.07224102991364,-74.90387163934474,41.44173305734425,0.0033978367311700525,0.42461242461242443,0.38986938986939024,-0.03496503496503484,-0.01721735055068415,0.003,0.07928605961939295,53925038.43206325,25281968.43963257
R14:parametric:-0.2,-0.010378510378510342,316.50964360099334,39.42175708520631,50.06634996914677,409.39229490614105,4.518930147637118,50.93660353613431,410.6959684425525,-4.33021231533815,50.911555902353776,407.47715323430697,-23.224112655003097,44.12462908419353,334.704787534335,-74.75792392646505,41.83492509647496,-0.010575843909177204,0.42524759191425865,0.39006672340005666,-0.03590853590853601,-0.017112517112517045,0.003,0.07934835534835534,51855073.533273354,24749720.436017476
R14:parametric:-0.1,0.015262515262515208,315.399971448276,39.60008522933795,48.71841476431457,409.03077338274153,4.535516276756975,50.151394908893195,410.41313115000685,-4.337059507433538,50.108415407761974,407.3049443745484,-23.28604796073562,44.72133952141586,334.3218097606584,-74.82284508518181,41.86015829757126,0.01559551559551554,0.425019425019425,0.3899063899063898,-0.03623536956870299,-0.017427017427017362,0.003,0.07934056684056684,53419148.49646184,24000261.26798948
R14:parametric:-0.05,-0.0006105006105006083,316.2561687362876,39.39110092509819,49.12949459522952,409.17418115052453,4.50775069366423,52.14970166712958,410.992910173184,-4.367635003085223,52.973110259169644,407.2797917433456,-23.394792662705207,45.98215667687091,332.50711323519045,-75.1554078868354,43.25848456740114,-0.0009250009250009217,0.42511192511192497,0.3897892231225564,-0.035384368717701925,-0.017198850532183806,0.003,0.0793126873126873,52022980.2148875,24653250.60523305
R14:parametric:+0.05,-0.01098901098901095,316.3120029855253,39.16516689576233,50.19414021290157,408.3495982882472,4.455416906331612,51.923637968549784,410.0447437374363,-4.338829340778176,51.12411810508478,406.57388265353455,-23.150182634877954,45.39770406709012,336.0594390237251,-74.51308184910009,42.46620034519639,-0.010785510785510748,0.4249762583095919,0.3896103896103895,-0.035890035890035754,-0.01697068363735045,0.003,0.07915881649214988,53306047.60380945,25640771.69104316
R14:parametric:+0.1,0.006105006105006083,316.6977012621165,39.364079234347244,49.07501616543787,408.5482568700578,4.4855552432009045,50.43133021082737,409.7749476171447,-4.3706815075246475,50.41979120527404,406.07783325278524,-23.34989513736391,44.11967689805252,333.5604050607092,-75.10539503228085,42.22473102394241,0.00614817281483946,0.42437809104475777,0.3897152230485563,-0.035902369235702655,-0.01717418384085067,0.003,0.0792146372146372,55534321.12667069,24302410.441479445
R14:parametric:+0.2,-0.0006105006105006083,317.23762998318807,39.20065385276433,49.966590091961244,409.3066622310182,4.479835611834202,51.24739324813652,410.6998163280081,-4.37074653411377,50.68186794468767,407.45193638960615,-23.277103037728168,43.67741996546715,333.36979365594823,-75.00127650699513,41.75393160912546,-0.0011901678568345191,0.4251920918587588,0.3903072236405569,-0.03552003552003558,-0.01713718380385062,0.003,0.07933746500413166,56222998.38537344,25920718.449532036
R14:parametric:+0.5,-0.010378510378510342,317.62844220049675,39.263729096320986,50.15356840482533,409.91646843613825,4.466151441335334,51.867829359844805,411.347773200865,-4.345386943614267,51.708592362080516,408.0651049529141,-23.24942496870447,45.25537341604468,335.63510476348824,-74.64776090269886,43.6595625272689,-0.010267510267510232,0.4260924260924259,0.39052305718972385,-0.035779035779035656,-0.01746401746401742,0.003,0.07948842515509179,52686694.613766015,24541602.44133106
C3:open,0.009768009768009733,318.1268051763023,39.23250737991677,50.011085171406116,409.5325640868313,4.458478459893541,51.96704014181406,410.7239201796792,-4.391440293468409,53.13141437323343,406.97903717038724,-23.371351280686085,45.681448494121774,332.74475180080424,-74.97180200213057,42.81410920078348,0.01003317669984333,0.4248159248159251,0.39055389055389045,-0.03466286799620143,-0.017211183877850707,0.003,0.07941338908005574,53653230.119253725,25692700.6189064
C3:short,0.009768009768009733,317.36380053962006,39.08774555632298,50.544006695703686,410.2168292041521,4.452519741748277,52.58520876894034,411.49831627734363,-4.339296551517437,52.631973309286764,408.64449630687767,-23.14651952624495,46.191380861785476,336.19181716138337,-74.38106708520377,42.533786812126934,0.00982350982350979,0.42609859276525947,0.3905662238995572,-0.03554470221136897,-0.01725435058768386,0.003,0.07950275033608364,52785136.98120494,25234382.04749984
C3:parametric:-0.5,-0.0006105006105006083,316.99335671339423,39.45848106277345,50.188552183419866,409.1551304372661,4.511081830744088,51.60752086221847,410.48951303480527,-4.342968509169979,52.752994599424134,407.7944046117391,-23.203628499806836,46.07243883921874,336.7529972991547,-74.7209945660942,42.04548531081723,-0.0005858339191672505,0.4255497588830925,0.3902147235480568,-0.035976369309702536,-0.01734068400735063,0.003,0.07932208532208533,53463316.344010636,24495240.52794168
C3:parametric:-0.2,0.010378510378510342,315.1746622627281,39.34328931146298,49.32340905776662,408.4749326086271,4.5104695684349,51.30131516770939,410.0964161624645,-4.350578546660717,51.022072004629564,406.8871248554691,-23.310411112274423,45.479652356681875,333.8983273054235,-74.83656022135831,43.767764455333946,0.010477177143843773,0.4249824249824248,0.38983238983238977,-0.03601336934670255,-0.017242017242017182,0.003,0.07917160617160615,56945507.969200514,24428722.310304638
C3:parametric:-0.1,-0.016483516483516425,318.41251766054677,39.36081198123377,51.25683755644438,410.0551447094762,4.484736810789153,52.61388312733045,411.4875530701945,-4.387365520134185,52.22953064735717,407.88161538282714,-23.40616273697468,44.414693121135585,332.9074222482815,-75.03942770245224,42.220913599429984,-0.01641568308234969,0.42545725879059215,0.39105955772622436,-0.03538436871770193,-0.017186517186517127,0.003,0.07948513215179881,53873808.06008538,24354279.558985814
C3:parametric:-0.05,0.015262515262515208,316.6759759862244,39.182096710723485,48.311155425464165,409.64232280776105,4.467124622564507,49.66954378943277,411.00166454061036,-4.340168455921967,49.53287466880642,407.6785769615079,-23.18700137002913,44.52836157610715,336.4070469774484,-74.54155178033919,42.50217748523197,0.015139181805848419,0.426104759438093,0.39081905748572454,-0.03621070287736942,-0.017501017501017437,0.003,0.07939439572772904,53659555.95571902,24303046.692159437
C3:parametric:+0.05,-0.0012210012210012167,317.0902482115216,39.392692189587336,49.416114745872335,409.3215008743374,4.5230695244265515,51.64571761517843,410.61282168360356,-4.3682355385451075,50.86040530507634,406.88982619313526,-23.287241943065908,45.5778488186786,333.7280197393817,-74.60713540925751,43.72687989686767,-0.0012826679493346113,0.42435342435342416,0.3903133903133905,-0.03572970239636894,-0.017235850569183843,0.003,0.07925795809129144,54858019.67667191,25098603.443867747
C3:parametric:+0.1,0.0006105006105006083,316.87318164103476,39.1701989503574,50.25198065573373,408.7662356509825,4.469556544437399,51.159226440967345,410.08181105745945,-4.380843070755626,50.89106537671351,406.643131629754,-23.277065402836556,44.829759121682955,333.67145966176025,-74.830128998466,42.348535526520564,0.00020966687633354225,0.4249947583280917,0.3899248899248899,-0.034989701656368194,-0.01713101713101723,0.003,0.07921491471491474,57089826.19276178,25348867.709976118
C3:parametric:+0.2,0.004884004884004867,316.16190716852464,39.37854532295371,49.28302191994039,409.4097175478953,4.516449165011896,50.84287110324756,411.05359401127146,-4.33037790644385,51.1541332321649,407.50185329769386,-23.247509944122925,45.22767657228688,335.58816439749603,-74.61552355788467,41.7183675398674,0.0052478385811718965,0.42535859202525883,0.3898632231965565,-0.036235369568703,-0.01728518395185056,0.003,0.07934556184556182,54646248.09736815,24329499.673884787
C3:parametric:+0.5,0.004273504273504258,318.6805683235924,38.966596378886315,50.78365818699737,409.64420027234013,4.424741401610299,50.97758482959695,411.1811900822484,-4.372333262802319,49.91867266070593,408.06955861368647,-23.274496754900024,44.59944291494784,334.25895082163527,-74.7854499301834,42.166620703865014,0.004618837952171269,0.4260924260924259,0.39067105733772395,-0.035310368643701864,-0.017217350550683824,0.003,0.0793827530494197,57566212.82146174,25662240.72845607
C3:cap_degradation:+0.2,0.005494505494505475,316.858736379428,39.192859117045025,48.605027943806874,409.03790290915845,4.485531334952051,50.6108535088572,410.58214724250155,-4.326502544893498,50.97399736460754,407.85766310172426,-23.15292506972079,45.2408213208,336.4166185164826,-74.53105911516842,42.039024946534724,0.0058521725188391644,0.42577175910509224,0.3896350563017229,-0.03597636930970256,-0.017205017205017145,0.003,0.07929489029489029,53555072.481158525,25481640.62473438
C3:cap_degradation:+0.5,0.0006105006105006083,317.30565758480947,39.215862755071015,50.59214437911406,409.285924869471,4.481454044189022,51.853732530781734,410.6967248313284,-4.376870873945073,51.341528362889875,407.3883463919798,-23.376645828069513,44.294645197053654,333.694222528967,-75.07002818686672,41.45250971013165,0.0004995004995004977,0.4257100923767591,0.39034422367755717,-0.03563103563103552,-0.016976850310183582,0.003,0.07935104401771066,53600818.49479426,25220279.45957087
R15:open,-0.0006105006105006083,316.2675560181242,39.3242438070676,52.57921193997678,408.97533008781426,4.5102462007373125,53.15692037155901,410.279831609477,-4.349388482059601,55.12274478509944,406.98439469738304,-23.194569842989196,71.82039266831319,334.4306927184419,-74.54520273208568,87.90513375985458,-0.0011901678568345194,0.42558675892009207,0.3896720563387229,-0.03585303585303573,-0.017254350587683848,0.003,0.07928712028712027,55992534.6170983,24842317.424727004
R15:short,-0.005494505494505475,316.09492073931335,39.371188688086264,49.624801031330136,409.3840242456142,4.500714512661869,50.764625765762105,410.7999587287798,-4.360763552969141,50.84857954624357,407.1229702343781,-23.241823249409176,44.336118245219026,333.8079160261179,-74.78202566113265,41.90315373555636,-0.005839839173172485,0.4243040909707575,0.38984472317805646,-0.03548303548303536,-0.0171803505136838,0.003,0.07932356532356531,55011700.073389195,24388193.779095437
R15:parametric:-0.5,-0.012820512820512775,317.954155003098,39.34972189112903,49.092169996580026,410.22653068996294,4.495825429305856,50.10198029324731,411.4191095300622,-4.362508556836285,49.346544251396054,407.7242080948822,-23.292597414343877,44.11074361237133,334.9345882027028,-74.7905518898819,41.9130547041153,-0.012351845685178975,0.4261170927837593,0.39097939097939094,-0.03566803566803556,-0.01721735055068381,0.003,0.07951393051393048,54148904.387967944,24805171.991234906
R15:parametric:-0.2,0.004273504273504258,316.28484787418904,39.397550220629554,49.766393866195145,409.53231309921375,4.5213872278359855,51.30856764120919,410.9952671022271,-4.332486894260043,51.22215615673865,406.9090969171413,-23.211864545140735,45.02033308628832,335.7145176134849,-74.667354379726,42.32716591993491,0.004631171297837949,0.4252475919142584,0.39023939023939014,-0.03553236886570251,-0.01722351722351717,0.003,0.07935645835645835,55619454.03920786,25036237.05860566
R15:parametric:-0.1,0.0219780219780219,316.9296812357811,39.3063879174649,49.578909451563675,409.032545216827,4.520515769521859,50.22157323433294,410.58472338827534,-4.313299472618011,50.82109011349225,407.5873994282873,-23.104573284945083,44.75632779894832,336.41026847095395,-74.58050347152782,43.5268825257256,0.02163268829935489,0.42601842601842604,0.390436723770057,-0.036235369568702776,-0.01713101713101707,0.003,0.07929888013221344,59563980.3940061,24554723.68983841
R15:parametric:-0.05,0.015262515262515208,316.8126431584948,39.3960884935518,51.89942627486299,409.14848482055356,4.507669060359368,53.41279758877151,410.30781649850513,-4.387026954749589,53.28972157338663,406.80575153151955,-23.34856229868936,46.3224890633519,333.8398261103799,-75.02459476251617,42.39394106138967,0.015213181879848492,0.4249022582355916,0.3897583897583897,-0.035433702100368634,-0.017488684155350976,0.003,0.07932989849656515,53492602.90881686,23863785.537129574
R15:parametric:+0.05,-0.006715506715506692,316.43535149773294,39.3370348348692,50.68256753665854,408.25171341282345,4.4952421999416625,52.218053627814925,410.0499337548192,-4.344738578440696,51.16592921192853,406.55212003534587,-23.3130148440803,43.96589454561651,334.15710378512773,-74.83928904826159,40.93139278621331,-0.00637017303683968,0.42498242498242506,0.3891355558022224,-0.03587153587153576,-0.017235850569184044,0.003,0.07907539990873329,52517996.231668845,25394923.74683223
R15:parametric:+0.1,-0.007936507936507908,316.41065526937535,39.39967058607974,49.20950740291997,409.3454283542119,4.495326760954359,50.552371323877814,410.62938938765944,-4.3424358128940925,51.309002425652,407.31660866289053,-23.25425680074785,44.29577403982479,332.73644157546363,-74.85438683389047,42.01187547138115,-0.007714507714507687,0.4246124246124249,0.38927738927738925,-0.03587770254436908,-0.017229683896350503,0.003,0.07935032868366201,57494422.91658144,25545813.420026615
R15:parametric:+0.2,-0.006715506715506692,316.4968035245348,39.56097968045346,47.67145139963904,409.63661153649747,4.526072610941019,48.85626967089877,411.1497443707313,-4.349882689151758,49.63720946410393,407.7754285563459,-23.19845057820531,45.385895508102145,335.1210952389287,-74.79653213531145,43.755335924077166,-0.007369174035840676,0.4260307593640925,0.39035039035039026,-0.03579136912470232,-0.017303683970350564,0.003,0.07942915109581776,53370075.29890446,25328326.797041446
R15:parametric:+0.5,-0.008547008547008517,316.2573529396283,39.651340203528434,48.952447982716635,410.1835925430173,4.545507608984844,50.504216745307794,411.4438704613219,-4.357821199249776,51.037946280778854,407.55713823464316,-23.184223603814452,46.17551755099929,335.32517345045994,-74.55973940331555,42.9240173529426,-0.008836842170175472,0.4256669256669257,0.39087455754122413,-0.035705035705035804,-0.01739618406285089,0.003,0.07948495331828664,56395352.27415648,24635072.484860994
C4:open,-0.0006105006105006083,1.5850385774504139,0.0784096274460671,49.62668035266283,1.5881546721697328,0.2640705541445315,51.277651172146506,1.5928148038413996,-4.5630181161536365,51.94783285182843,1.5816940569288396,-23.40043188524141,45.239081209629504,1.2995364092651311,-74.32814223886378,42.924526038369386,-0.0007831674498341137,0.004415337748671068,0.0015910015910015757,-0.0031203364536697767,-0.00012333345666679096,0.037,0.0003162639829306485,207195.1687479369,91942.6561734484
C4:short,-0.024420024420024333,407.6079609025604,-0.02125134551216097,48.51378977808663,409.08458108676405,-0.22803698928064517,50.35777784612993,409.58745533725016,-4.604406372893981,49.435516648170726,406.37341075479736,-23.441840011630546,44.652013551615525,331.2645507473346,-74.87521767343583,42.923764509830335,-0.025005858339191583,0.4217695884362548,0.40643307309973953,-0.013387846721180152,0.0,0.003,0.08052609119275791,55446935.12700336,24217723.757385716
C4:parametric:-0.5,-0.023809523809523725,214.18243960217927,58.65851232754446,48.869347966941504,406.021912275255,9.166664318252502,52.52497885731428,411.9802162922848,-4.082900507188528,52.697934289434,408.1841046907159,-23.123215349621624,45.82151820581127,336.2006791383021,-74.50990434212412,42.23674514890736,-0.024074690741357322,0.42635759302425974,0.37165920499253835,-0.05595638928972243,-0.02794119460786139,0.003,0.0775483837150504,55289990.54771696,25168774.47039725
C4:parametric:-0.2,0.01892551892551886,285.46412677397024,45.811043823976725,49.93209254279756,408.68636023902957,5.692998207367675,51.564307730051915,410.7059040086412,-4.299782123974295,51.17538580531296,407.3011090166982,-23.307717784891935,44.75657909503039,335.22781318998955,-75.0585580913009,42.413172628477824,0.018863852197185463,0.42598142598142624,0.38515805182471846,-0.041452374785708415,-0.02048568715235373,0.003,0.07883252549919223,51973211.56395825,25312243.9808271
C4:parametric:-0.1,0.001831501831501825,304.15018706279903,42.33024318313166,50.39962875314201,409.6976445444542,5.014154122578022,51.46092197855729,411.2624004103942,-4.31387836673539,50.885627410968326,407.41014330277557,-23.165037233442074,44.78310779146877,335.51969711940643,-74.84872107848108,42.29158546080133,0.0019055019055018987,0.4254510921177586,0.3882907216240549,-0.03813470480137132,-0.018549351882685583,0.003,0.07922145755479089,56990013.90581632,24684471.202835936
C4:parametric:-0.05,0.0006105006105006083,311.49417502585027,40.48107092674839,49.25190402750732,408.5323919796393,4.686180303939613,50.59275404552064,410.6638797318836,-4.361009460758639,50.98943544039236,407.3304948525164,-23.371589124039083,45.021923904750324,334.09154487292096,-75.12006314900752,42.83576936788985,0.0008818342151675454,0.42567309233975925,0.3887963887963887,-0.036124369457702664,-0.018031351364684634,0.003,0.07911894278560944,52936709.12048288,24850963.59849808
C4:parametric:+0.05,0.013431013431013383,322.122179394517,37.98857746643121,50.373882667122515,409.03983765853263,4.296025251571008,51.27194420842473,410.2239923771008,-4.365070292579498,51.33801317777686,407.04210182390983,-23.306787511617806,45.18361690657685,334.3243822860802,-74.68726685282827,42.10781346622345,0.013326179992846611,0.42536475869809187,0.3901407234740567,-0.034582701249368006,-0.016711683378349988,0.003,0.07938103871437203,54991064.88819094,24044492.75567682
C4:parametric:+0.1,0.0030525030525030417,328.42403706371016,36.64246831482372,51.09231329988067,409.78085185304036,4.050290181486058,51.71366250013015,410.96215758635515,-4.396582001217301,50.72760482712803,407.6263314156003,-23.37534814395813,44.523200359037446,334.0480280727614,-74.89130996196857,42.05836233178191,0.0027441694108360677,0.4261910928577598,0.39200305866972573,-0.033115033115033,-0.01603334936668263,0.003,0.07957113257113263,52180853.950338,25360427.735758968
C4:parametric:+0.2,-0.006715506715506692,338.0493114815015,34.17059591856996,48.70925179174182,409.2551133183725,3.70738131495917,50.82521067536415,410.19612640364164,-4.355768119616245,51.17593925332217,407.03703440913887,-23.12469588732289,46.05269597306488,335.1754200535791,-74.50812442175985,42.448733197447616,-0.00731984065317396,0.4257347590680922,0.3933350600017266,-0.03241203241203272,-0.014911014911014847,0.003,0.07961835695169026,56244746.49523299,24568359.35527958
C4:parametric:+0.5,0.020757020757020683,360.22553346226937,28.60832948313471,51.592430165639925,410.38431718007877,2.913489768623265,52.064699107825376,411.08834094154025,-4.42867569755469,53.72075276106589,407.3873733497826,-23.28111645665017,45.96126723006081,333.7680653903365,-74.79097374956172,44.22448354690935,0.020837187503854097,0.4255559255559256,0.39710289710289703,-0.028847695514362073,-0.012284012284012241,0.003,0.08009169842503175,54823770.95326548,24871303.301511817
C4:cap_degradation:+0.2,0.001831501831501825,286.6406666313627,45.464684944881384,49.71347600774831,408.5617886013111,5.607139625444475,50.70369681175179,410.49740122360834,-4.3176671341572455,49.99953008704682,407.1896928557757,-23.3286003317924,45.04137302598275,333.31507732714306,-74.91527870780403,43.0028489357187,0.0012333345666678958,0.4250934250934254,0.3852443852443852,-0.04034237367570688,-0.02040552040552033,0.003,0.0788637720304387,54470509.11396437,24690138.357844587
C4:cap_degradation:+0.5,0.0006105006105006083,215.19335095895633,58.40014325196286,50.29188390291819,405.88576794795296,9.02262119716762,51.86078596702281,411.67630172724853,-4.101025850457701,50.95237728672794,407.72740518304835,-23.09702587463039,45.06078117435463,335.2371223494461,-74.43714645702892,40.77108254409852,0.0006475006475006452,0.425821092487759,0.371221371221371,-0.0546983880317216,-0.02784869451536108,0.003,0.07746709463376128,54943567.099301815,25556356.274887323
R16:open,-0.0006105006105006083,410.1880851066883,0.16085448007143616,50.227390797731566,410.8270260366542,-0.21336242753704165,50.61047634572918,411.0876896004656,-4.636693671737683,50.159942415903146,407.2638456988083,-23.454563397300358,44.625370597576264,332.8089684470315,-74.81531181012227,42.593443419107444,-0.0007893341226674532,0.42598142598142597,0.410490743824077,-0.014386847720180994,-0.00017266683933351342,0.003,0.08142891059557723,56367225.78854686,25158883.06847547
R16:short,0.012820512820512775,0.02822605541365108,78.88734371721455,39.54149979387643,0.03076566699547855,73.6269665554397,40.17245053508755,0.03679445141269257,88.99191704605188,41.078506665825984,0.12596693938379863,65.89801684064315,44.90479208280756,0.3088698236617606,14.800167247894404,42.98000011891067,0.01310417977084639,0.00267633600966935,4.933338266673026e-05,-0.0032066698733365095,-2.4666691333344315e-05,0.023,4.440004440006695e-06,33659.66340980261,32616.156068475702
R16:parametric:-0.5,0.0030525030525030417,214.43945992207566,58.56925287942105,48.95803873430832,404.995550905906,9.117458815863154,50.672792647644116,410.3891907512402,-4.076499170254766,50.34773614968813,407.96446921756944,-23.051073467333712,45.56068986359004,335.87910886100696,-74.64138794161921,42.95263003327224,0.0033855033855033734,0.42603075936409296,0.3708883708883709,-0.05640038973372331,-0.027898027898027894,0.003,0.07735145101811768,56622792.03617308,24122971.43130659
R16:parametric:-0.2,-0.005494505494505475,285.67041316357285,45.63697715310241,49.64269047153641,407.45383232603166,5.673989264524428,50.70534045289011,410.03188369556744,-4.24230155616554,50.816730537766304,406.87028577250726,-23.1183650319022,45.61909852184702,335.209829722694,-74.42659635300498,43.057619210870854,-0.005469838803172117,0.4249577582910915,0.3850347183680517,-0.040996040996041046,-0.020393187059853657,0.003,0.07863606146939481,55977184.74169795,24666323.887993477
R16:parametric:-0.1,0.001831501831501825,302.9429073069431,42.27563024306219,47.73197163604854,408.07017993519975,4.989988249346663,49.25822029747578,410.0825516238306,-4.297187319767678,49.15929530204221,406.61331683938147,-23.327182677529166,43.95156814515619,334.01150963106585,-74.91657211388127,41.5126744639244,0.0020411687078353675,0.4250564250564249,0.38720538720538716,-0.03790037123370443,-0.018401351734685004,0.003,0.07892327425660758,57215407.29227585,25838362.888989184
R16:parametric:-0.05,0.005494505494505475,311.0235114544628,40.68697295511703,50.1525040716331,408.6496687635005,4.700100599182352,50.539641370371996,410.68340915703885,-4.329779224773941,50.5971706734159,408.2196961000406,-23.123863330162912,45.32342462285542,337.44821810163586,-74.42733323172071,43.75891267405834,0.005716505716505696,0.42608009274675923,0.38868538868538866,-0.037296037296037164,-0.01784635117968443,0.003,0.07915816282482949,57987384.09218246,24354385.100019153
R16:parametric:+0.05,-0.0024420024420024333,321.93940821482465,38.049052525496286,49.95803563244523,408.59643401224935,4.272798871839843,51.28822817509782,409.82476892855595,-4.3929971172485,51.60910125939394,406.409740007491,-23.32009553502416,45.657697569484185,332.37592047635474,-74.90839499154109,42.51014320177884,-0.002645502645502636,0.42459392459392464,0.3898817232150565,-0.03434836768170112,-0.016588349921683423,0.003,0.07926393359726694,55939941.27170012,24136139.880707838
R16:parametric:+0.1,-0.03785103785103772,328.51021755305976,36.74094701317637,52.652994656410044,409.2816868230501,4.07118521690272,53.16225865135621,410.6015279209751,-4.38445702088557,53.52522351996578,407.1432993011323,-23.29183901458102,45.94151824724816,334.4594779912556,-74.87707142494773,42.08073565149394,-0.037863371196704396,0.4253524253524256,0.39158372491705834,-0.0342065342065341,-0.015953182619849238,0.003,0.0795216573549907,54273492.66089024,25438881.790044907
R16:parametric:+0.2,-0.00366300366300365,338.60390257075323,34.35027913484181,49.047570632699,410.41710533043204,3.722747550230049,50.123306660534205,411.26388926085315,-4.419234111974744,50.192026775081374,407.8197863369701,-23.370108496097465,45.12751640512444,334.6000800926447,-74.67761598845563,42.89576909691781,-0.0037863371196704397,0.42623425956759275,0.39415522748856074,-0.032035865369198814,-0.014960348293681584,0.003,0.07976494493161157,54468653.266152605,25239383.7419652
R16:parametric:+0.5,-0.01892551892551886,360.5719549806652,28.628815420544,50.72818281694775,410.46619949644537,2.9098775969916866,50.925957465683965,411.02524650039754,-4.447527883304848,50.58626490668536,406.80991778813143,-23.325747273746984,45.02411067651983,333.765338990537,-74.82358812169701,42.213934440466375,-0.018796018796018728,0.42524142524142505,0.3972138972138973,-0.028730528730528636,-0.012321012321012285,0.003,0.08009869143202475,53858396.281794965,24043682.51189234
R17:open,-0.0006105006105006083,7.937192456370836,39.20166873503924,50.783091800918854,10.243936095959928,4.500740214350353,51.55133952389254,10.27525448370137,-4.3264743766795775,51.727198648303016,10.179140918777628,-23.239376736583026,45.81845365880622,8.378199035113283,-74.8419641171424,42.993457961941985,-0.000425500425500424,0.01275884609217938,0.009860509860509827,-0.0035890035890035763,-0.0004070004070004056,0.005,0.0019854466521133114,1288338.6293202078,644871.2814611744
R17:short,2.5,0.030832485028512432,30.733853533770485,39.99988198197136,0.030340429375513237,2.0321926532253443,40.00006498120317,0.03483680738463238,-10.2155390641115,40.83213692434093,0.0260050215923635,-28.367986171631333,38.57540271765368,0.03542641818568547,-76.6329661264489,39.243850869691414,2.5,0.0,0.0,0.0,0.0,0.2,0.0,27233.600941553315,33453.86737760944
R17:parametric:-0.5,0.009157509157509125,624.415742359085,39.01745965580507,48.724574788898245,805.998455446513,4.4678603830031065,49.489882501977746,809.372159078624,-4.344967431633818,48.952064147845974,803.6392326442929,-23.360425039294313,45.18520252578631,657.2994595731623,-75.24674956917423,43.40179735926418,0.009435009435009401,0.8391238391238389,0.7690396023729357,-0.07051590384923716,-0.03378720045386702,0.003,0.15626738076738078,107088247.1704615,48076981.041286334
R17:parametric:-0.2,0.001831501831501825,393.28830191640117,39.44839301402343,50.6158265654344,507.98679308292816,4.49170984239088,51.545227380174424,510.0348957676485,-4.33519573226744,51.62376909103205,506.1289337613344,-23.099736530854912,45.87357914982286,418.1603676789928,-74.5207801689163,42.80606189115631,0.0014368347701680985,0.5287675287675286,0.48429348429348434,-0.04489337822671184,-0.021349021349021273,0.003,0.09843650176983514,69040311.56174332,29433393.463127464
R17:parametric:-0.1,-0.010378510378510342,350.75887580821484,39.1831594231767,50.432479522279564,453.7903604942063,4.480124657935181,52.33844148579535,455.25819665407903,-4.333978391118769,52.253051463740945,452.08175695544674,-23.155614653150177,46.022198223589854,372.7117188823497,-74.67965235801276,43.82247301733763,-0.010841010841010803,0.4719108052441384,0.4331347664680998,-0.03973803973804004,-0.018944018944018877,0.003,0.08794545577878912,59808327.67697245,27198884.521381274
R17:parametric:-0.05,0.02564102564102555,332.671110735501,39.09217790064474,51.209766334716406,430.0891872812607,4.483534235490546,52.073407755399295,431.55607560693977,-4.304210245014376,51.830248837795494,428.49536214894056,-23.051757490433737,45.84017419790778,352.3012864960143,-74.50780925238942,41.72327524877139,0.025678025678025587,0.447829947829948,0.41006524339857664,-0.037832537832538135,-0.017772351105684366,0.003,0.08340599523932854,56022524.8943679,26392989.73067939
R17:parametric:+0.05,0.01098901098901095,302.0062579369928,39.24321317259192,50.71219401006154,390.63093861922306,4.4643836644120825,52.53536391179563,392.0252978234046,-4.346692424890556,53.050274625281894,388.98386149916206,-23.157341393126423,46.78476293538653,319.6504876773012,-74.47169426540619,43.81132161211556,0.010742344075677372,0.406272739606073,0.37304670638003967,-0.03387353387353376,-0.016304682971349575,0.003,0.0757019832019832,48742288.80946426,23584628.46608316
R17:parametric:+0.1,-0.015262515262515208,289.7256737559874,39.24038434659157,50.89405386120207,373.98998150030326,4.467076735577302,52.346955171931285,375.3227855687624,-4.350876347669551,52.46544771374961,371.70956439106436,-23.169210978965154,44.89790364887634,305.69961891063804,-74.5887805247415,41.92076319998919,-0.015669515669515615,0.3884510551177217,0.356285689619023,-0.032436699103365635,-0.015799015799015742,0.003,0.07247212047212045,49469941.01028989,22463834.018627934
R17:parametric:+0.2,-0.0006105006105006083,266.5755680456483,39.36199223307252,51.384304932020605,343.9155834210221,4.4657374113569475,52.03476380941497,344.9168058318521,-4.368014578645418,51.411762673513394,342.1200556019345,-23.27703901975888,45.17800747133285,281.1565578969388,-75.06570311242464,42.73298617762935,-0.0003576670243336898,0.3577595244261912,0.32767232767232757,-0.03003169669836366,-0.014399181065847682,0.003,0.06666627199960534,44483659.66703869,21296040.902516395
R17:parametric:+0.5,-0.006715506715506692,214.65413030666434,39.06547865266983,50.02731840690771,276.7798166860885,4.49204775564714,50.433796211213746,277.7741144046003,-4.335368909181583,50.263373558707876,275.66079611622763,-23.222391346934774,44.80949686830662,226.83944826803668,-74.74061158914925,42.08411276077872,-0.0070115070115069865,0.28798362131695454,0.2640815974149311,-0.024518691185357766,-0.011556344889678181,0.003,0.053728715728715716,37442432.30278557,16819053.048244484
R18:open,-2.5,0.02766593074558409,32.47094176003333,39.99999028394101,0.03237619571805205,4.478346280484867,40.69620668158323,0.027286257389823338,6.865442035832831,39.999849106480944,0.031789258098591316,-1.6093101770329632,40.102797271256534,0.032328776738201455,-16.918845005413274,41.24081213802073,-2.5,5.0,5.0,0.0,0.0,0.003,0.9904236874236874,22123.545187238306,28978.565788070642
R18:short,0.0006105006105006083,7.9591805925707035,39.29070574066199,51.02424470959525,10.264418630371015,4.493053809847575,52.11187655023895,10.29885803797043,-4.379203916400232,50.97780414673308,10.21071208933413,-23.372533535367992,44.47716277703055,8.33763401885145,-74.69900308055864,41.52999812963415,0.00011100011100011061,0.012863679530346152,0.009946843280176578,-0.003576670243336897,-0.0005488338821672135,0.005,0.0019860879860879796,1330784.0709127071,609101.2331428479
R18:parametric:-0.5,0.0030525030525030417,161.87528378456943,39.28948643640661,49.71879135237632,209.67261750625963,4.493272368238654,50.6308492934675,210.3075857165879,-4.360790616613192,49.61766608293411,208.64131908586162,-23.37263703331867,43.75648889255657,171.10777790701735,-74.92200427902243,40.78732560061711,0.002633169299835957,0.21786855120188464,0.19996053329386682,-0.018364351697684966,-0.00874434207767538,0.003,0.04064121064121068,29740945.823436126,13169919.464057397
R18:parametric:-0.2,0.015262515262515208,255.08391855566967,39.29190217875643,49.064159933619464,329.59689255694514,4.4886015324227095,50.73947776636161,330.7599344775306,-4.351151631248145,50.525046766460434,327.846069372226,-23.346425650004374,45.72986739234455,268.66307823656535,-74.94245327614223,43.33785908231216,0.015410515410515356,0.3427560094226762,0.3140994807661474,-0.029038862372195745,-0.013646846980180273,0.003,0.06388010138010139,41488421.3708914,19354440.664999798
R18:parametric:-0.1,-0.0073260073260073,286.82448221214617,39.28374802668348,49.22672174955997,370.15556259399045,4.47588025188264,51.05479504770303,371.4101388615365,-4.360093528809115,51.32992809754178,368.4034737862179,-23.28446149302475,45.281348866714104,302.86378060784347,-74.60520673998562,42.553349184054206,-0.007091673758340401,0.3844427177760511,0.3530666864000196,-0.03243669910336587,-0.015478348811682204,0.003,0.07176731910065244,51083189.4008759,22414905.379734047
R18:parametric:-0.05,0.012820512820512775,301.97726378915695,39.14606062649466,49.05733313349461,389.5328395751153,4.470272987132002,50.66563486305361,390.8954851136782,-4.328062522578946,51.04082809770827,387.7025316441611,-23.222409863372555,45.56646736237899,319.48101206827437,-74.65346437444182,43.92470319010724,0.012962346295679583,0.4048729048729048,0.37166537166537167,-0.034360701027367796,-0.016218349551682838,0.003,0.07550485933819268,54448150.75086888,22467019.962025452
R18:parametric:+0.05,0.001831501831501825,332.3108636578768,39.39031402200194,49.75726214955712,429.5679187068926,4.487482567281356,50.679004365926716,430.9361669634266,-4.363123097310111,51.58528911215926,427.33926544115894,-23.29457782489303,45.2038900953989,350.8019945061179,-74.39641572127417,42.21440248134445,0.0014245014245014194,0.4461094461094463,0.4096520763187433,-0.03704937038270358,-0.018204018204018152,0.003,0.08329671563004894,59900883.04575857,26346785.753237423
R18:parametric:+0.1,-0.006715506715506692,347.59056076251665,39.11958764474371,47.49353304617108,449.120505648893,4.474169062869944,49.604898597546885,451.2160675213154,-4.333087968188329,50.00729922009694,447.28084003516227,-23.256265299474567,44.35583484509217,366.82901269702376,-74.80178767335285,44.21771719173739,-0.006999173665840307,0.4668911335578003,0.42800409467076117,-0.03936803936803923,-0.018857685524352567,0.003,0.08717386317386322,60520418.09398814,26786269.28724713
R18:parametric:+0.2,0.0073260073260073,379.15806223743164,39.33358000596327,49.394277198437536,490.61145600209807,4.499162628619782,51.293333803795804,492.1331228089397,-4.367101396556423,51.38434685791012,487.65888032532166,-23.29506430384783,46.23843322939075,401.00164818607743,-74.98353965351853,43.149702131828064,0.007412340745674052,0.5095090095090095,0.467501634168301,-0.043092709759376485,-0.02070152070152085,0.003,0.09509000259000261,66571390.41871844,28536815.812862486
R18:parametric:+0.5,0.005494505494505475,470.21028895079405,39.396891537604745,50.03527272708871,607.9973327003272,4.515064895981821,51.25315259055008,609.7257187086354,-4.340103948624399,50.98154391951249,605.211206950442,-23.154356386569063,45.2791969835934,499.56327908114025,-74.6884547508629,42.74490298730968,0.00567950567950566,0.6330952997619664,0.5796919130252465,-0.053896720563387485,-0.02557935891269217,0.003,0.11784733784733789,85172184.7862368,36855137.80870845
R19:open,-0.0030525030525030417,16.129286281860608,-47.73224908732522,50.634995832092685,2.0880779923027672,-85.28909235731675,51.745948158240076,0.10753656902999781,-93.94832776231357,47.51031936933095,0.03709199114743732,-108.89315651433793,40.379003762202444,0.02751716524506445,-129.8521503328068,38.44015734437451,-0.00318816985483651,0.0036013369346704627,0.0011963345296678515,-0.0019240019240019078,0.0009620009620009556,0.109,0.00012555345888679224,32505.82930310968,32084.80269384312
R19:short,-0.0073260073260073,316.6833697794492,39.32395305955699,49.520229454846955,408.71021443669576,4.606376131102401,50.61476596019631,410.0308031312077,-2.1383240234885172,50.596552516918194,401.5042763589066,-11.494643260452094,44.86066864692934,351.1705473396395,-31.214525577007358,42.65220468516583,-0.007659007659007632,0.41105191105191113,0.39004205670872333,-0.02306952306952298,-0.01715568382235043,0.002,0.07944989578322911,55016412.17516039,24575130.64492312
R19:parametric:-0.5,-0.006715506715506692,318.57614513415075,39.222487024208874,50.74481429456646,410.56804408546213,4.513937299824061,52.671361723035446,411.7110983085198,-3.251300641951765,51.321167326053555,407.39606840253737,-17.306104300805902,44.66977090403617,371.019955539983,-53.58599833045423,42.08188369738917,-0.006524339857673167,0.4205609205609204,0.39112122445455777,-0.02900802900802935,-0.01702618369285029,0.002,0.07972034755368088,56102316.14287126,26479521.86318775
R19:parametric:-0.2,0.006715506715506692,316.97490661258604,39.38634336149126,50.00238131103649,408.9035577117576,4.528269100790386,51.31234305169517,410.9009942185219,-3.9071951151505178,51.24175639652015,407.5114960828376,-20.810446333825276,45.61367673312241,354.5890085461473,-66.92244273666961,44.540470497897786,0.007036173702840345,0.42304608971275665,0.38978305644972305,-0.034854034854035175,-0.017131017131017515,0.003,0.07932022298688966,56753977.00353397,24928054.569957826
R19:parametric:-0.1,0.010378510378510342,318.36736874297253,39.25882534917027,50.60773699495613,411.1424882915529,4.491579556672519,51.370312510065084,412.2619979195749,-4.151452810007912,51.21004557668441,408.78203258488077,-22.232204002732193,44.62256312361668,344.1341816939538,-71.19996007899708,41.663301277912026,0.010908844242177538,0.4260184260184259,0.3917193917193917,-0.035100701767368306,-0.017340684007350612,0.003,0.07971738138404807,53375525.45526982,25523128.146639656
R19:parametric:-0.05,-0.014041514041513992,316.58561346434334,39.29749972272528,48.59469800784501,409.7475416259967,4.471094045607381,49.596533657809665,411.3700044211313,-4.264723849301516,49.76623442524877,407.77213341405394,-22.78341803646923,44.544200231695264,338.1534511541726,-72.9173814077757,41.298348665345266,-0.013313846647179934,0.4249577582910919,0.3907573907573907,-0.035372035372035246,-0.017180350513683815,0.003,0.07939255805922471,54644891.94982673,25487442.7407692
R19:parametric:+0.05,0.006105006105006083,317.5980108695526,39.24250671956136,50.781971472082745,410.40038809175303,4.464947897532619,51.48363187223604,411.7533016543848,-4.474950541674765,52.10454499461248,408.07377079647995,-23.80605603721956,45.19669246749194,329.277462122868,-76.57278312964907,42.86801734844756,0.006037172703839349,0.42545109211775883,0.39124455791122476,-0.03501436834770156,-0.017217350550683824,0.003,0.07955646205646204,53106372.12655129,26001418.406127464
R19:parametric:+0.1,-0.0006105006105006083,314.879973142152,39.36856236404862,47.635663952595884,409.1086194279284,4.501543008292248,50.23464513577408,410.59073716050034,-4.531024210805109,49.38972845980996,406.49158595260946,-24.24377147041602,44.63391466672896,324.0134734387738,-78.10600263701626,42.80996728298977,-0.000696834030167361,0.4246000912667578,0.38973372306705634,-0.035458368791701986,-0.017168017168017108,0.003,0.07925060125060125,58079411.23260848,25091351.073596228
R19:parametric:+0.2,-0.01098901098901095,317.0162882112552,39.31642510548832,50.4027372050874,409.66640022703194,4.484869782790032,51.1005665841281,410.9333613621614,-4.790654605784621,52.065690674329964,406.1638802234311,-25.521664984066803,45.66423375883911,313.5884766133647,-81.58034371216326,43.105239714357154,-0.010816344149677446,0.42318175651508994,0.3902023902023901,-0.03384270050936748,-0.017143350476683764,0.003,0.07935888802555471,56572451.11164209,24051903.45885261
R19:parametric:+0.5,0.006105006105006083,317.60487024287477,39.362334089515684,50.704449680651905,409.7227248233569,4.443657128321053,52.47103395321846,410.94116144130396,-5.475783040405327,52.4541072603514,403.6126844048806,-29.167216015493562,45.3227687400914,278.98143572016704,-90.52841437491587,42.29264349816321,0.00602483935817267,0.4237737571070903,0.3910225576892243,-0.03387970054636752,-0.01718651718651712,0.004,0.07929701779701778,52571107.76552925,22998134.997227874
R20:open,0.005494505494505475,16.231957582079257,-47.8231422036461,50.54813986798655,2.0978775840662545,-85.07371988609349,52.08986518048079,0.10650454263431253,-93.3786770440953,45.589945989670404,0.032390440229720596,-102.25764053175908,39.91735425836214,0.03182547220623623,-142.8126509280177,39.00283344787042,0.005482172148838796,0.003564336897670231,0.00125800125800124,-0.00202266868933533,0.0009126675793342462,0.1,0.00012682379349046369,28294.714306227022,29335.900889920445
R20:short,-0.001831501831501825,316.26612769874936,39.38338306837047,50.05283023046903,408.9798440660145,4.617176443878945,51.405476248758134,409.98177475714067,-2.143823909781615,51.03148097664416,401.3778376334292,-11.4899956058118,44.79857738091029,351.3692351559548,-31.18755725589165,42.99865586140694,-0.002090502090502083,0.41078057744724394,0.3901592234925567,-0.0232421899088565,-0.0171803505136838,0.002,0.07940574857241531,56800450.03404501,24012556.217082657
R20:parametric:-0.5,0.0073260073260073,317.605692423405,39.132352078880174,50.846853065421584,409.38082175843033,4.507090438021371,51.423870577415364,410.7229155903875,-3.2597963159256387,50.84874199391139,406.13660151841873,-17.31696849885484,45.10105602601113,368.7085038808024,-53.24747643962158,42.2881454821955,0.007208840542173849,0.4188280854947525,0.39005439005439,-0.029236195902862472,-0.017168017168017323,0.002,0.07946361663028328,56435557.86252761,25112257.031772397
R20:parametric:-0.2,-0.007936507936507908,316.7562992682059,39.5071975661597,49.7447553697154,410.21278621694296,4.545382834338027,50.74272787779623,411.8108118499617,-3.9027450117988898,51.10854318499973,408.597329474895,-20.82583853877408,46.015697677953185,354.21458102415625,-66.65826230144988,42.62434454509613,-0.007406174072840713,0.4233544233544232,0.39060939060939054,-0.03416336749670072,-0.017168017168017538,0.003,0.07953960853960852,52407101.57042919,24607394.985594407
R20:parametric:-0.1,0.008547008547008517,317.5009714159547,39.36144652607408,50.08679691574615,409.298030604195,4.5207635268290955,51.45337402393032,410.65912864165864,-4.149781585325664,51.15149431055268,407.0017299869552,-22.080743736855922,44.21778019213747,343.95996705481355,-70.87059583093372,42.56257631560453,0.008374341707675011,0.4238724238724239,0.39028255694922376,-0.0348108681442018,-0.017371517371517528,0.003,0.0793504705171372,55968915.613226265,24986939.54957232
R20:parametric:-0.05,0.0030525030525030417,316.9303724730786,39.282330074224475,49.406008657538365,408.7878996448803,4.502745066767935,50.93944874274065,410.04689918931024,-4.214185253589884,51.231344730688946,407.0872878456229,-22.57923247464754,45.462215394416475,340.35812516413625,-73.08532633868074,42.72720214781326,0.002707169373836031,0.4257224257224258,0.38990022323355655,-0.035970202636869175,-0.017149517149517082,0.003,0.07921455704789035,56004133.65794827,24250457.23110212
R20:parametric:+0.05,0.0024420024420024333,317.3908842255603,39.23613091979768,49.374026027705156,408.687709138585,4.447305194602705,49.95833049335313,409.9675500977535,-4.514967745355008,48.86651494018135,406.42407890835955,-24.02916845352989,43.393222498641315,328.64546986937063,-76.72662109091124,41.09531399153683,0.002879836213169536,0.4247234247234248,0.3897398897398897,-0.03479853479853469,-0.017328350661683936,0.003,0.0792012802012802,56921165.88205396,26316211.358252216
R20:parametric:+0.1,0.012820512820512775,317.30163393698183,39.32994353032887,48.65127213540754,410.405221237123,4.507219971147611,51.42405734888193,411.77381124029483,-4.5400006441595755,51.474996734705044,408.00522764654363,-24.271167225131702,46.17511004694741,325.9340871314456,-78.18589018126312,42.6489350156011,0.01216684550017879,0.42566075899409256,0.39064639064639106,-0.03566803566803556,-0.017291350624683913,0.003,0.07946913580246912,54022337.26356682,23793755.35842363
R20:parametric:+0.2,0.004273504273504258,316.1674475452886,39.153805579896414,49.499830120694995,408.7027700169831,4.484494839110989,50.7355664434254,410.83270608436794,-4.775724093333494,51.57240715063135,407.1419011382666,-25.57672135285552,45.4613298164222,313.8413770680045,-81.65249197465178,42.75386037750087,0.004168670835337488,0.42492692492692496,0.38977688977688973,-0.03458886792220113,-0.017242017242017398,0.003,0.0792166228832896,56093582.3940597,24206504.898092285
R20:parametric:+0.5,0.007936507936507908,317.5006453196244,39.33243511377259,50.32841793704692,409.6742248320763,4.435468899645989,51.83188794232069,410.84081829648875,-5.458579995076162,50.994164815956665,404.18032020791856,-29.141679472357254,45.41325252520406,279.53571041308635,-90.6520225715777,42.13130026274893,0.00791184124517455,0.4236627569960902,0.39070805737472397,-0.03364536697870019,-0.016983016983016908,0.004,0.0792424735758069,54256066.80258738,23962313.491372444
C5:open,0.007936507936507908,316.3414122836496,39.35124000951728,50.373814174625586,409.293588568137,4.516597982671474,51.573356339911676,409.4475227961921,-4.331274053537949,51.32895266494202,381.25522637530065,-21.681671666616612,45.07811150516446,265.3658393430322,-50.32586421025998,43.64233800571418,0.008183174849841487,0.4110334110334109,0.3898200564867231,-0.023162023162023093,-0.01705701705701744,0.003,0.07930621230621235,58278206.48988706,20009454.307033975
C5:short,-0.8626373626373627,1.5981848125841887,39.041672910063305,50.044582205754224,2.0454808656331105,4.336310000515226,51.06136304611819,2.0294596988239832,-0.076105256731124,50.58288737167018,2.0265632373820055,-0.9048327997662682,44.88137429234446,2.0134020578141762,-1.4699135603166718,41.93836211868762,-0.8626250292916962,0.0,0.0,0.0,0.0,0.2,0.0,249244.68871615655,102133.53687262848
C5:parametric:-0.5,-0.005494505494505475,316.6406832176717,39.30643460655726,49.14441213098797,408.3957900951814,4.4857003435607625,50.764799086137614,409.31576077206023,-4.3839145486173,50.264204686279236,393.31088328925443,-22.56868145626528,44.21921898392877,302.0328003451357,-61.2373975488608,42.17927160888159,-0.005340338673671988,0.41091007757674414,0.3894438894438895,-0.023242189908856507,-0.017205017205017374,0.003,0.07920404903738237,55651614.852509126,22120383.72142247
C5:parametric:-0.2,0.0146520146520146,316.30647708103027,39.47229412970664,50.01735625837107,409.60077256235695,4.505448023550498,52.44634861837348,410.67319016922363,-4.366539245713444,51.991413399595196,402.21391763807446,-23.050175105716804,43.7308546909496,322.06367098523043,-69.11158216401263,41.177858162710606,0.014849348182681464,0.4159482492815827,0.3902640569307235,-0.02594319260985918,-0.01732218398885081,0.003,0.07939376672710008,50368438.66131237,23534420.789345823
C5:parametric:-0.1,0.02258852258852251,316.88650555016187,39.237884140240475,49.6299376912297,408.9302049383419,4.463914925699365,51.57747615137154,410.1021698416614,-4.352981764513793,50.71383117100324,403.6944498779758,-23.062266999706846,45.13747212689345,329.7307738807301,-71.78296209326092,41.46750391887576,0.022736522736522657,0.4192597525930858,0.38954872288205616,-0.030451030451030342,-0.016995350328683614,0.003,0.07924730824730823,54147168.88759146,24942302.24976199
C5:parametric:-0.05,-0.007936507936507908,316.137326642863,39.359598173775794,50.30138106712367,408.16071135902257,4.503574263680916,50.341243709320715,409.5235447716268,-4.348094026278808,50.18896429566147,405.101094851238,-23.13349801544088,44.51131463168609,331.2840130477994,-73.16086794308686,42.45123244825679,-0.007535674202340843,0.4218805885472551,0.3886977220310553,-0.03275736609069932,-0.017124850458183946,0.003,0.07907424057424055,56954473.625125594,25083211.920795504
C5:parametric:+0.05,-0.001831501831501825,317.18513075811575,39.32062250248567,48.79587271778554,408.8928922592248,4.47699599893994,49.80443998079753,410.51476260504404,-4.331360531165157,49.455380197874135,408.6171746536005,-23.185628462449714,44.98654240959504,338.500024740903,-76.0018064198965,43.36229238393581,-0.0016095016095016039,0.427856094522761,0.39014072347405676,-0.038480038480038545,-0.017291350624683913,0.003,0.07929397762731094,54709033.42485198,23696654.430316437
C5:parametric:+0.1,0.007936507936507908,315.860013326389,39.459241323792554,48.21612346918839,408.72476371602886,4.498075970829346,49.14532533012948,410.1975799514453,-4.355384842801059,49.49556048764103,409.74323558816405,-23.458978469980924,44.494349502861155,338.5701287985835,-77.47388297564176,43.29911307220144,0.00838050838050835,0.43021176354509666,0.3896720563387229,-0.04057670724337421,-0.017217350550683838,0.003,0.07920826087492754,55466802.88163325,24894322.12659546
C5:parametric:+0.2,-0.016483516483516425,316.9243297180096,39.16621704380794,51.2995187565253,409.3046360262505,4.451994605589535,51.504110789925754,410.7434526824683,-4.361153291890443,50.83072077815351,412.8099247473092,-23.606738544559203,43.762067572680635,343.1816066603764,-80.85758652591515,40.81808410423652,-0.01631084964418292,0.4360331026997696,0.39005439005439,-0.0459540459540458,-0.017007683674350585,0.003,0.07934116500783166,56054441.967815466,26710795.230843
C5:parametric:+0.5,-0.0030525030525030417,317.1076862456913,39.2535854938885,50.87502928996671,410.23833185896854,4.493181430100544,52.575827999887636,412.3846156101412,-4.371283908929932,52.16161359208559,422.18659158207316,-24.120381078058667,45.489195276925855,348.6939762617445,-90.59327075310242,42.75820015455655,-0.0030895030895030785,0.45070978404311757,0.3907820574487241,-0.061013061013060796,-0.017168017168017122,0.003,0.0795457628790962,52573293.91242474,26979625.082758497
C5:cap_degradation:+0.2,-0.011599511599511558,316.4100906631716,39.43739225223051,49.5037311425962,409.4452599685257,4.500346751372059,52.40966531235728,410.41029540630143,-4.329056032483208,52.663176808788,401.84717426538634,-22.869746772824865,45.81115369847004,323.49599871729197,-68.83032818512797,43.63867506068782,-0.01168584501917831,0.41570774904108265,0.3907573907573907,-0.02602335935669304,-0.017217350550683838,0.003,0.07936665803332468,53868943.7364889,24315157.26662372
C5:cap_degradation:+0.5,-0.006715506715506692,317.65271776419604,39.27391506563265,51.21644975251989,409.3542610520044,4.473346064365001,52.583801800026386,410.1340502102798,-4.363913420302816,51.55048913846737,394.1064629518353,-22.59457415468592,45.38907133944842,301.8345387620615,-61.33813778551956,41.137512217979946,-0.006641506641506618,0.41147741147741135,0.39062172395505723,-0.023186689853356438,-0.017168017168017552,0.003,0.07933651533651533,51286861.668508336,22635713.414360754
C6:open,0.0,317.3826195026615,39.37610218180226,48.59849533361617,409.84793244228683,4.7278954821014665,50.62561358015487,411.1686867427487,0.07644525840685726,49.819354756736296,409.9868455921493,-0.5204166977019518,44.13195135643784,407.8350675063687,-0.9496106117657765,40.91588198660591,0.00024050024050023967,0.4222999222999226,0.3911458911458911,-0.028786028786028907,-0.017020017020017174,0.001,0.07973698523698523,56263165.40848683,26257891.720936343
C6:short,0.0006105006105006083,0.025226546683763573,38.93892416330846,39.06080954557291,0.02675533557988538,-0.26072767730414226,40.476416662408454,0.03846372435504608,7.263859820776507,39.540323450975265,0.03198377907789387,-3.493640243240708,39.33825241859401,0.03399283846751717,-29.573219389477998,40.20730444213261,0.00011716678383345009,0.002824336157669481,0.00024050024050023967,-0.0031388364721697945,1.8500018500018428e-05,0.0295,6.462673129339745e-06,32056.549536787636,28153.37849620836
C6:parametric:-0.5,-0.011599511599511558,316.9204928905426,39.23146340354015,50.17271875028898,408.9501009416113,4.593902294247577,50.75691310680548,410.7606000436706,-2.131082661333516,50.45797160099571,416.25700622040193,-11.86086979825546,44.773678897999325,457.95674885402445,-41.981049793761144,42.20862717643919,-0.011408344741678036,0.46345629678962985,0.38949938949938945,-0.06873373540040206,-0.017285183951850573,0.002,0.07953328769995438,57312892.68900592,27922995.67035225
C6:parametric:-0.2,-0.017094017094017033,317.16954374554587,39.34915815420857,49.678261529975806,409.54291997821963,4.546064971871395,51.77106658998038,411.08695701005104,-3.4576603330870217,52.47189601796033,412.94024093880023,-18.76487810695563,45.34649883154059,387.80495667683203,-64.31151344737762,42.74922117677611,-0.017094017094017033,0.4371369371369369,0.39044905711572375,-0.045688879022212206,-0.017235850569183836,0.003,0.0794593986260653,53618011.812029056,25811431.773943886
C6:parametric:-0.1,0.0,317.69433862140966,39.31564839958419,49.578407990783916,410.27831974168663,4.515884001172875,52.31871389197311,411.72690938869414,-3.9234132398629376,52.6553555490631,411.01231655709137,-21.058781711100814,45.84036692625539,361.6511122605005,-69.9315501846796,43.629491130357046,0.0002158335491668818,0.4300082633415969,0.3916330582997249,-0.04068154068154094,-0.017272850606183887,0.003,0.07958329324995989,53646391.333429016,25507301.840553656
C6:parametric:-0.05,-0.0006105006105006083,316.0393608983265,39.53562984505625,50.12756979006195,409.847268258986,4.556132542692696,51.89680126838972,411.1804259446837,-4.1388729814750524,53.08443018607372,409.86233758828917,-22.242543152020872,45.90901719622792,348.2253382623794,-72.63240829292704,42.53443596689979,-0.0008756675423342059,0.4283185949852618,0.3908683908683908,-0.03878220544887198,-0.017081683748350347,0.003,0.07951930168596834,51796642.09835133,25222371.6045797
C6:parametric:+0.05,-0.001831501831501825,316.3025623683212,39.561431514418196,50.07107792410235,409.1106425846861,4.513459695790067,52.554373680083714,410.48757541621126,-4.537655562577058,51.723122692074014,405.5577965178611,-24.19965643237844,45.617058977673175,323.9250179877282,-76.8042522465531,43.753664054671944,-0.0024358357691690938,0.42299675633008993,0.3896843896843897,-0.03293003293003326,-0.017390017390017345,0.003,0.07926230559563899,57522497.566551104,25038926.48196644
C6:parametric:+0.1,-0.016483516483516425,315.6796669626722,39.464833690830915,48.26920062203374,409.0353502552237,4.505716321943489,49.8179916197888,409.9795344007387,-4.807673412020292,49.76560417020528,403.32703913780307,-25.4684379610282,44.30143639991314,309.5433775844103,-79.02551974132733,43.19654196021111,-0.015879182545849156,0.41940775274108594,0.3900050566717233,-0.030562030562030468,-0.017205017205017145,0.003,0.07923254523254522,57376234.67729882,23825057.132590316
C6:parametric:+0.2,-0.02136752136752129,318.29810930489526,39.27760377346805,48.85573711201399,410.54519733819194,4.43040874548139,50.75854234976199,411.60853333956914,-5.250683275599137,50.48654048211628,400.48620863671005,-27.667612813523917,45.39935567760569,287.0798572615487,-82.68948402705908,43.002456246946664,-0.022021188687855277,0.41834708501375195,0.39137405804072467,-0.027244360577693832,-0.017316017316017243,0.003,0.07950009250009248,53081623.30737333,22817328.718576934
C6:parametric:+0.5,0.005494505494505475,316.4681736512258,39.16621590669616,51.62787232193263,409.20442205240727,4.362987092865996,52.58091265763842,409.48717512683214,-6.630505350112636,52.4419384036392,383.4184552588017,-34.00002968465703,45.92801482913682,230.8396519518817,-90.7824897078404,43.26017140190811,0.005889172555839202,0.4116007449340786,0.39006672340005666,-0.02317435650768976,-0.017279017279017216,0.004,0.07907101540434873,54609307.378648594,20239955.661868412
C6:cap_degradation:+0.2,0.0006105006105006083,317.5904500291944,39.28548129544752,49.28389227121666,409.66095710306,4.547332089394801,51.656160858634486,411.3518575905501,-3.4602432016452394,52.059738968331935,413.59578688703715,-18.6902294973741,44.8610801744407,388.9714248415258,-63.7304153366348,41.922213629781275,0.000413167079833745,0.43769810436477125,0.39060939060939054,-0.046065046065045905,-0.017205017205017575,0.003,0.07950576583909924,50694744.3785619,27082213.01324241
C6:cap_degradation:+0.5,-0.005494505494505475,316.24449078381446,39.399484775941595,50.69491813587936,409.6569505738014,4.632006264432463,51.98350825154396,411.3192247218911,-2.1366373522949407,51.5442013891997,416.9510683358384,-11.890879340641131,45.58627192673071,457.2079781263431,-42.23591132060944,43.64669286954005,-0.006086506086506065,0.4629814629814631,0.3910657243990577,-0.06757440090773444,-0.017266683933350985,0.002,0.079636166302833,54081037.99670094,26510042.790899783
U1:opamp_vos:+0.02,-0.004273504273504258,317.0710797259708,39.25491624565899,50.513840567918315,409.60313077415907,4.477232896490101,52.81871791044554,410.9486899580487,-4.36300041694926,51.40186292835786,407.0358347397032,-23.22618230717073,44.62158837671044,334.23184495021604,-74.76333903023206,41.46351296591003,-0.0038233371566704765,0.42524759191425865,0.39007905674572335,-0.03546453546453557,-0.017161850495183838,0.003,0.07937243003909675,53183755.4126101,25800048.439436775
U1:opamp_vos:+0.05,0.0006105006105006083,316.2266751887081,39.428222689034385,50.715495284236056,408.92455060261887,4.506154890801167,52.25205329325349,410.55829103898105,-4.369614031385564,51.96644519719004,406.55539369899026,-23.218575945858436,46.64325678109775,334.4121194181167,-74.63609689987044,43.74186106522544,0.00024050024050023964,0.42468642468642454,0.3903133903133903,-0.03549536882870205,-0.017254350587683858,0.003,0.07927349194015859,50532686.11534247,24800956.306926407
U1:opamp_aol:+0.01,-0.005494505494505475,316.210993683125,39.29903637675562,50.438603677682565,408.5151895475901,4.46569475981144,52.3687295732588,409.65927638466496,-4.352573407984947,51.28198443124851,405.98965121974004,-23.223385999118705,44.96554267313733,335.1005774166887,-74.50325696091521,42.21784071280423,-0.0059631726298392754,0.4239464239464238,0.38895672229005557,-0.03560636893970216,-0.01711868378535042,0.003,0.07916821450154782,54460551.31247167,24656990.55812323
U1:opamp_aol:+0.001,0.01892551892551886,308.637227382952,39.119470239579115,42.583919399927794,398.5811381577364,4.481752703850742,43.518475613164156,400.1948192212612,-4.351791195310314,43.605146696021805,396.6491420087994,-23.227628524962547,42.074337860799744,326.86511973803454,-74.65030471359603,40.50332316228653,0.019203019203019134,0.4142400809067474,0.3798177131510465,-0.034977368310701515,-0.01669318335984997,0.003,0.0772613559280226,52111793.5466252,23986242.59315458
U2:opamp_vos:+0.02,0.0146520146520146,317.4951855251653,39.42436028637174,49.94845737721063,409.8338672617093,4.521471092806682,51.516494949654465,411.1027454227784,-4.330728603753544,51.760036105987965,407.2420128876287,-23.246552440196762,45.0967428584853,334.0132130969221,-74.4937313204984,41.268069255745786,0.014806181472848087,0.4252784252784251,0.39099789099789095,-0.0355508688842021,-0.01707551707551702,0.003,0.07942451375784707,58026164.27975696,24827884.149323106
U2:opamp_vos:+0.05,0.015262515262515208,317.1769161470123,39.60142334881325,50.4993741674953,409.9026413771095,4.523205380096274,51.86634683093388,411.2369795898357,-4.349217217845898,52.81731009223424,407.7243730258114,-23.26905364819369,44.77455276572016,335.8997390109592,-74.72003098372913,41.94536971050424,0.015903849237182514,0.4253894253894252,0.3908190574857241,-0.035816035816035686,-0.017377684044350666,0.003,0.07947123247123246,54480045.27875273,25551438.03999212
U2:opamp_aol:+0.01,-0.0006105006105006083,316.70138991809756,39.257654729607275,50.88934232828727,408.2794803710917,4.470980558931138,51.68532555159033,409.49228914373737,-4.362389716963159,51.02691363717759,406.6538730847255,-23.265440237777604,44.57049905121145,332.443446673744,-74.8954232849683,41.72603607181897,-0.0010545010545010508,0.4241190907857577,0.3896843896843897,-0.03500203500203488,-0.016946016946016884,0.003,0.07915055315055314,50695816.91862264,25119749.40661244
U2:opamp_aol:+0.001,0.012820512820512775,308.5064096545882,39.228602081585926,43.55980512009841,397.5929427003317,4.4966575107431535,44.16128053752594,399.0906422988397,-4.351762843936182,44.202165521069865,396.483988050667,-23.244179059071815,43.29906052829626,326.26989957714727,-74.90508886111047,42.147398388444,0.013042513042512995,0.41374058040724737,0.3793675460342127,-0.0348787015453683,-0.01657601657601652,0.003,0.07707870524537191,55111487.89825596,24009806.963074856
U3:opamp_vos:+0.02,-0.016483516483516425,317.20270632222514,39.43410160717341,50.851710773700745,409.61552738456675,4.478659065270874,51.93625180882865,410.91966576006666,-4.35726137411373,51.120296546498,407.81354411710504,-23.201916789774753,44.986935045766856,334.3252726101209,-74.70960086299425,42.4624088720242,-0.01698918365585026,0.4252044252044255,0.3908067241400574,-0.035236368569701776,-0.017279017279017234,0.003,0.07940314006980671,52234271.961620435,25069406.0652309
U3:opamp_vos:+0.05,-0.010378510378510342,317.1271890674179,39.47468064624131,49.73204665206319,409.7684746017064,4.526800538570132,52.19019204441548,411.1463264978757,-4.3262931021958995,52.87506763250374,407.70731503443477,-23.19293967045629,46.53563518187469,336.0215319427906,-74.5356359641948,43.463546345154626,-0.01051417718084381,0.4257470924137592,0.39067105733772395,-0.03639570306236989,-0.017340684007350612,0.003,0.07944948878282208,48649264.46330098,24429422.325723045
U3:opamp_aol:+0.01,0.001831501831501825,316.50188198790636,39.22739171041805,48.86676553648267,408.82582832205117,4.476246713245279,48.91463224368236,410.13264506785856,-4.356007077335989,48.62300221849315,407.10873772478,-23.288182257605,44.9103348341025,334.65683510077383,-74.82815784230053,41.78167093735874,0.0022446689113355704,0.42469259135925785,0.39012839012839007,-0.03553236886570229,-0.016767183433850478,0.003,0.07922616889283554,58305828.37316479,24900105.394600444
U3:opamp_aol:+0.001,-0.010378510378510342,313.41063764859314,39.26298294312219,50.191456808724396,403.63218139729724,4.490879237018163,50.89831715647631,405.0278534324756,-4.321233963947631,50.06406846425965,402.33793991503705,-23.186114695850613,44.50260636879392,330.46558263407013,-74.37019856040936,41.814525285991294,-0.010495677162343791,0.4205115871782539,0.3848065514732183,-0.03489720156386811,-0.016748683415350026,0.003,0.0782445332445332,55362756.57012491,25223853.02018756
U4:opamp_vos:+0.02,0.011599511599511558,316.5371999988483,39.32385849847233,48.03081479395942,409.3336848264313,4.478490626040393,49.39401883468531,410.7328615980997,-4.354945844018905,49.47421164008917,407.2106055572836,-23.231128016953683,43.81137335762184,334.8131282669509,-74.82624085369434,41.53418703681111,0.011833845167178458,0.42577175910509246,0.3904120570787239,-0.03537203537203546,-0.017217350550683817,0.003,0.0793460428460428,53184397.337209135,24364986.757059634
U4:opamp_vos:+0.05,-0.0030525030525030417,317.21134488522057,39.29407299247591,49.229614472231304,408.50028769307056,4.468245372377351,51.563345222334206,409.6645939477407,-4.334352515500819,51.12528853433781,406.52392098248015,-23.207608304389495,44.061827331406825,335.8604430628615,-74.51082227261624,41.54974203388378,-0.0030031696698363257,0.4245260911927577,0.3898940565607232,-0.035865369198702424,-0.017081683748350784,0.003,0.07920559687226354,57507188.21975907,25493237.6578132
U4:opamp_aol:+0.01,0.019536019536019467,316.19173638806683,39.524370000120676,50.26363018298296,409.8284258557468,4.525468694748236,52.03009252164004,411.25571816359115,-4.366955251976788,53.07955507341829,407.833097990822,-23.289061453185408,45.9664580444523,334.3413338076415,-74.90146130691105,42.71382251376957,0.019764186430853026,0.42530309196975846,0.3902702236035569,-0.03583453583453572,-0.017340684007350615,0.003,0.07945453312119982,51406260.66695379,25502402.222111225
U4:opamp_aol:+0.001,-0.0030525030525030417,316.3953467073828,39.450173450727384,49.81148175082542,409.6856227050772,4.491815724962793,50.424317509974664,411.0048593207825,-4.365467953578501,49.696190660018715,406.8739817144492,-23.353173660203513,44.56650505575088,334.0834251266131,-74.95522766701339,41.76774190995328,-0.0036321702988369527,0.4249454249454252,0.3899803899803899,-0.03544603544603532,-0.017291350624683885,0.003,0.07937516804183477,56113728.41829352,25342930.749465756
U5:opamp_vos:+0.02,0.799145299145299,317.9366165324078,39.28121783650001,51.616153828245366,409.2803498187424,4.478129264572476,51.65370918761825,410.7097614808326,-4.382034202355492,50.53376065238798,406.91152739571305,-23.316184607023395,44.3006100039296,334.04852364129977,-74.91260061784367,41.8932992037423,0.7988862988862986,0.42510575843909204,0.3904983904983905,-0.03516236849570176,-0.01715568382235022,0.003,0.07932386132386139,54475788.901993714,25442924.192665268
U5:opamp_vos:+0.05,2.0,317.20887171042875,39.40763321227874,48.705813416856785,409.3626845144423,4.49611728746231,50.97549041828319,410.54129181868535,-4.349168308639602,50.971725717353166,407.35842975468415,-23.229106935458766,44.97969281512989,334.7513687237565,-74.90610290193287,42.7333941507253,2.000098666765333,0.42531542531542543,0.3902640569307241,-0.03582836916170207,-0.017081683748350063,0.003,0.07937153587153589,56334388.178870745,24382412.850543477
U5:opamp_aol:+0.01,0.005494505494505475,310.2241206216597,39.40556623992582,50.00547831436361,400.5179846385482,4.515996251379618,50.163780371005316,401.9752015449049,-4.372860317397482,50.57056266404936,398.7259747571907,-23.353673753927083,43.48981605975175,326.83123749508246,-74.79998667845037,41.33664087189692,0.005457505457505438,0.41632441632441664,0.3811373811373811,-0.034977368310701945,-0.01676101676101671,0.003,0.077640421307088,53491698.59055811,24255842.592235886
U5:opamp_aol:+0.001,0.005494505494505475,264.35297724986094,39.308137524206366,50.28420852599992,339.67343020147206,4.483692546026535,51.3910130940825,341.3062773989195,-4.381047941727756,50.96968548069838,338.3211947610038,-23.392459498966357,45.47367427151788,278.8497496291487,-74.74086626755395,42.40559376654004,0.005741172407839054,0.35245001911668544,0.3242436575769911,-0.02976036309369634,-0.0141833475166808,0.003,0.06590507023840357,43961702.44594815,19226620.147613153
U6:opamp_vos:+0.02,0.007936507936507908,316.8559623464753,39.372432084663416,50.61569213109256,409.26934953715806,4.506214557097458,51.418469704468166,410.59986368415093,-4.345548739269741,50.50255402815581,407.2860603828627,-23.252410415009475,42.88313186749888,334.7326518120779,-74.8027106735317,39.96728457845882,0.007307507307507281,0.42503175836509194,0.3903997237330571,-0.03605036938370303,-0.0170076836743503,0.003,0.07933271666604996,54701591.22355062,26581336.632145446
U6:opamp_vos:+0.05,0.05799755799755779,316.11420282261054,39.34137513187265,49.88636766759538,408.67486818997764,4.506667932324315,50.6332036681787,410.2291681053229,-4.347885485832353,51.09373117306485,407.3307660561264,-23.249538959279363,45.33625829421549,335.58023863611606,-74.80859238101718,41.817902579622626,0.05766455766455746,0.4259320925987591,0.38952405619072283,-0.03570503570503558,-0.017266683933350513,0.003,0.07919986186652853,53243203.87818393,25378800.175724253
U6:opamp_aol:+0.01,0.0012210012210012167,317.82484007980963,39.50782611445387,50.148475317927094,410.90656011743715,4.515336995618408,51.5943505940764,412.1623615724192,-4.373095525606643,50.687439556412336,408.27019419675105,-23.301418280489205,44.946006639075385,335.0703799091007,-74.72323028811567,43.44226795938904,0.001473834807168135,0.42613559280225977,0.39129389129389147,-0.035550868884202315,-0.017069350402683682,0.003,0.07962451745785082,55766729.634583265,25304443.675295815
U6:opamp_aol:+0.001,-0.0012210012210012167,314.77872363780284,39.276381816265165,46.93074766312616,406.5637972699954,4.4923543260305845,50.29734275462475,407.93450133189634,-4.37670445938416,50.183628154611014,404.21426615706264,-23.363742046439306,44.11705604981137,330.53136757092216,-74.79372659049766,41.99374961116848,-0.0012456679123345746,0.42208408875075526,0.3878960545627212,-0.03526720193386849,-0.017205017205017138,0.003,0.07880069313402646,55104105.74280099,23924036.662514456
la:electrode_off,0.007936507936507908,6.286011256492944,39.07503670280064,-11.991440690327611,8.08885209612998,2.6519888417077584,-9.801273691192362,6.9462877985450255,-36.25901935182153,-11.123622523897744,2.4885197564101027,-96.78854742634995,-20.039809758332893,0.7037183441639939,-163.54465822127497,-31.010791057127463,0.00802284135617466,0.01064367731034395,0.007671341004674308,-0.0034163367496700707,-0.00027133360466693665,0.055,0.0014915208248541525,2499998068.7731586,1231875897.691985
ra:electrode_off,0.0030525030525030417,7.003362120770867,39.20730614298311,-11.052362939966411,9.024106096820814,4.662482400215874,-8.85062788149024,7.119220676899453,12.037539421587208,-10.909979949533163,26.150500654242872,59.72377409276193,0.39065453329578603,69.84763449485493,3.4170508697528867,8.924219131987808,0.0030895030895030785,0.04626237959571276,0.008571675238341889,-0.0348170348170347,-0.00045633378966714044,0.001,0.00175290141956808,2499999103.109981,1230518994.3717787
rl:electrode_off,0.0006105006105006083,316.16758877333086,39.32357647438579,52.64013684363273,409.9085861762608,4.493835527848917,52.99021286535729,411.17904316188196,-4.382316086320247,54.5389916757001,406.9558473134742,-23.33581128865284,72.37381257990356,331.74558939018175,-75.06889070723302,88.82496460710838,-0.00011716678383345009,0.4250810917477582,0.39068339068339064,-0.0354090354090353,-0.01695835029168355,0.003,0.07939646772980104,53525521.11127951,24195545.612546295
la:electrode_high_z:+5,0.014041514041513992,313.1086762227027,39.4485476043394,31.12569472756707,405.9555723071201,4.499015039657889,32.23019844263985,406.93795442934083,-4.515632064420565,33.416116780480394,400.3068578446824,-23.580184639106772,27.086617618836225,327.00044933452676,-75.34176206120617,24.663351584812748,0.013757847091180376,0.41805108471775143,0.38667505334172,-0.03201736535069902,-0.017464017464017403,0.003,0.07866148666148673,136227721.1748989,55528932.92391778
la:electrode_high_z:+20,0.012820512820512775,297.7573612853612,39.31466794144087,21.526866392583578,387.4944263219179,4.449294428739096,23.806421385389505,386.9267219444655,-5.313470927345245,23.793751925172273,369.4460205017792,-25.925265871198555,23.392256669221744,291.78912966824146,-76.8209315653633,21.342710388136872,0.012450512450512406,0.38952405619072283,0.3690753690753691,-0.022822856156189626,-0.01610118276784938,0.003,0.07496560846560846,477310923.94147784,174738635.69739756
ra:electrode_high_z:+5,0.004273504273504258,312.63728309325234,39.34720183767912,30.950841385202622,405.22302838610005,4.48796008188619,31.728928581733932,406.61911574788894,-4.600734575711833,30.792821922211417,399.7613391153537,-23.90623411492536,26.598338945735534,323.1613395219041,-75.2998216163439,23.381998487061786,0.003983670650337303,0.41703975037308355,0.38651471984805313,-0.031024531024531135,-0.01709401709401725,0.003,0.0785623203956537,149271520.92410433,60005882.132055834
ra:electrode_high_z:+20,-0.0006105006105006083,300.25297395588706,39.51095554345446,21.598900172490115,390.48953780126556,4.460535150898899,23.87362937959264,390.2372061951198,-5.2413425949639265,23.86764956512865,370.74202334608754,-25.691239808774547,23.422696054145888,291.75697757464764,-75.27180009955953,21.341797841774287,-0.0012271678938345562,0.3915097248430581,0.3718997052330386,-0.02252068918735621,-0.016625349958683235,0.003,0.0755774842441509,432604208.9064829,176704361.40156615
rl:electrode_high_z:+5,0.014041514041513992,318.3954971657531,39.414152078515066,50.9101604265788,410.5057892939526,4.491241038069024,53.638183777662576,411.777784949762,-4.370990489597785,53.214589335859074,408.2789217959721,-23.366121597393203,46.103524147939474,335.24647677016503,-74.71008219611254,42.625857705501524,0.014497847831181113,0.4262465929132596,0.3915652248985584,-0.036130536130536,-0.017309850643184133,0.003,0.0795598167264834,53526407.34593725,25425150.048481844
rl:electrode_high_z:+20,-0.006715506715506692,317.9501509968867,39.217635157282615,50.321954525486895,409.51202588832865,4.473427554633343,50.76707332213738,411.6625261925085,-4.361155285177167,50.42220523686897,407.22920387506144,-23.368657291432083,45.07370423295448,333.6628922833051,-74.58906024867557,42.55159058193671,-0.006302339635672947,0.42562375895709237,0.3905662238995572,-0.03500820167486822,-0.01731601731601725,0.003,0.07937691937691937,56269725.55710977,24890536.378575094
la+ra:electrode_high_z:+5,0.004273504273504258,307.7649125539495,39.44440569304191,36.85164727838157,400.82593961662707,4.465303389813409,38.54173867151069,401.65516340933186,-4.818575727208888,38.434165165612576,391.2974999923787,-24.42333824373306,31.23020447265073,313.6521329107532,-75.60882514772213,28.281881661495714,0.003965170631837284,0.40841874175207493,0.38137171470504805,-0.027034693701360274,-0.01684735018068345,0.003,0.07760889727556394,237822311.79978082,99727218.29944663
la+ra:electrode_high_z:+20,-0.015873015873015817,280.88657173432875,39.17952864998577,24.13033773892565,367.13345502509253,4.358034056991549,26.298360310643403,365.68093676126006,-6.177975502935007,26.420503692052517,334.3531561824315,-27.848967404275484,22.720721608587112,253.9562468451572,-77.92103676746657,20.270774003505867,-0.015589348922682201,0.3679098679098679,0.34923718257051595,-0.021090021090021026,-0.015305681972348589,0.003,0.07101616901616903,874351001.6297295,307764879.24278027
