condition,dc_out,dc_ina_out,acd_mag_0.05,acd_ph_0.05,cmrr_db_0.05,acd_mag_0.5,acd_ph_0.5,cmrr_db_0.5,acd_mag_10,acd_ph_10,cmrr_db_10,acd_mag_50,acd_ph_50,cmrr_db_50,acd_mag_150,acd_ph_150,cmrr_db_150,pulse_baseline,pulse_peak,pulse_end,pulse_undershoot,pulse_tail,pulse_rise_time,pulse_area,zlo_mag_10,zlo_mag_100
healthy,1.6504029304029304,1.6495970695970696,213.397365196909,39.2667133099788,53.66415837334152,275.21670253646255,4.443504579528497,54.09461214394898,275.90532566268354,-4.614745237535706,54.98531271740753,271.767546150808,-24.101579669128903,56.613077532192875,221.44112822468318,-76.31435179771684,60.66482114424299,1.6502075702075703,0.2840130240130241,0.26239316239316235,-0.021790801790802172,-0.011550671550671243,0.003,0.05333916971916971,33577776.402826555,15737339.379752953
R1:open,1.6532234432234434,1.6495970695970696,4.230197579198478,38.79804833287587,-11.822560681078642,5.430224162304004,0.7326895455903191,-9.653238637140333,3.324540802411309,-56.83226370605603,-13.915050527012198,0.8243469394119409,-104.2861643154503,-26.02742357285461,0.22808281883443904,-161.42178659991137,-37.18782689245885,1.6530972730972728,0.007879527879527837,0.0051363451363454216,-0.0033211233211231095,-9.768009768018615e-05,0.078,0.0009459259259259102,1649999166.4242024,396757039.044877
R1:short,1.6463736263736264,1.6495970695970696,212.88610850965543,39.53201819802937,51.19736041143841,275.3086132641193,4.486631718732069,51.611649012219004,276.08588694379046,-4.645894172915124,52.19103325016624,271.21883710913266,-24.133592342149505,53.86736307603841,220.54505536656634,-76.12034819543952,56.79100634403298,1.6462840862840862,0.28363858363858374,0.2621896621896622,-0.021546601546601707,-0.011404151404151186,0.003,0.05330654456654449,31998332.4259281,14307791.081159322
R1:parametric:-0.5,1.6463736263736264,1.6487912087912089,212.9954832850629,39.11027428909752,52.57860225459682,275.08201563726226,4.444488158358363,52.68694054418086,275.7530786223795,-4.6347583849255996,52.91650521118447,271.3246949682745,-24.043982385847674,55.3039964174843,221.02714539974824,-76.27495617261292,59.17200095701173,1.6465201465201469,0.28354904354904376,0.26235246235246223,-0.021750101750102058,-0.011697191697191966,0.003,0.05335156695156693,33468170.94964654,15655004.47131474
R1:parametric:-0.2,1.6467765567765569,1.656043956043956,213.66825414305242,39.18741189801018,52.601528275504535,275.5217613959936,4.437752113504363,54.066042176695575,276.07650706061963,-4.576864416993937,54.2720909829595,272.2339668327194,-23.993968540489377,56.732885703066565,221.91703515116433,-76.14176479411753,60.99303816226579,1.6466056166056167,0.2840822140822141,0.26277981277981255,-0.022157102157102093,-0.011636141636141573,0.003,0.053373667073667024,31451040.486046344,15000385.879462171
R1:parametric:-0.1,1.6471794871794871,1.652014652014652,213.6467790455938,39.269633340154954,54.55238774624159,275.29205150365726,4.433074269299622,55.42230423463655,275.89304157936874,-4.609169095768632,55.097551866507104,271.30570841433905,-24.108596508477845,56.539907229490574,220.56130727454303,-76.2426426380415,61.25310882758601,1.6471835571835571,0.28347171347171374,0.2623321123321122,-0.021571021571021642,-0.011538461538461386,0.003,0.053336076516076567,34365551.92708552,15227779.582704976
R1:parametric:-0.05,1.6451648351648354,1.6524175824175824,213.65348278514404,39.161036455091256,53.28939623452398,275.05917932499005,4.427027626457345,53.39615895068308,275.92428844358415,-4.579292320261315,53.98065981819151,272.08235590685047,-23.912987095006244,55.35018114551845,222.63576357378926,-76.20913784744717,59.15138148400601,1.6453398453398453,0.2842328042328037,0.2626007326007328,-0.022214082214082498,-0.011359381359381526,0.003,0.053315140415140405,33995581.16630478,16083934.155376926
R1:parametric:+0.05,1.6471794871794871,1.6491941391941394,213.1411661562018,39.30350312523113,53.59741472785227,274.9493212140809,4.448043446540195,54.04793053177778,275.7233474451032,-4.632211500401327,55.7399373850095,271.6157622001133,-24.148838205343893,56.70146818191506,221.24625179202158,-76.54471913063016,61.301614101991596,1.6472649572649574,0.2835124135124134,0.26212861212861227,-0.02166463166463173,-0.011656491656491519,0.003,0.05330770451770446,32917862.29866115,15650264.227593482
R1:parametric:+0.1,1.652014652014652,1.6495970695970696,213.69923771470283,39.03141290997782,55.08487696293578,275.30470946960867,4.397942516851942,55.58145495713389,275.9102961309638,-4.649671355646544,56.54746902944371,271.96894617199143,-24.202697780542653,57.25545839516106,221.71100781797085,-76.50553068622021,61.15403973704745,1.6521611721611722,0.28446072446072423,0.26268620268620224,-0.02196988196988192,-0.011461131461131702,0.003,0.053341766381766305,33491249.5414296,16737236.980732694
R1:parametric:+0.2,1.6463736263736264,1.6471794871794871,214.16441569396244,39.09925163634058,54.99225749274321,275.43759540936816,4.409324660756674,55.185362061779955,276.346851714786,-4.643919913226993,55.05944162504271,272.26418237084215,-24.237671604341294,56.88866912584149,220.9008637277518,-76.72019290473858,60.85089244942277,1.6463980463980463,0.28415547415547404,0.26275539275539295,-0.021603581603581667,-0.011632071632071472,0.003,0.053364420024420024,33914147.312615156,16439192.551593635
R1:parametric:+0.5,1.6524175824175824,1.65,213.89105736622977,39.197295152722056,52.55033417284281,274.86588087934797,4.43254176156597,52.85475697353282,275.67262873978984,-4.601698201530327,54.92104839363872,271.70763677960633,-24.186747266336067,56.15711277732767,221.36035505295376,-76.64007129105124,59.387522316802354,1.6523321123321126,0.28366707366707367,0.26236874236874275,-0.021493691493691625,-0.011750101750101605,0.003,0.05327543345543341,34629690.04091856,16498550.881566428
R2:open,1.6447619047619049,1.6495970695970696,4.629067030664506,38.975233637339336,-11.039613858742925,5.95039937614492,2.3849923217507314,-8.858871346421662,4.111976890026217,-25.901131499031127,-12.069030564254904,2.6258733927689653,-18.04244641495067,-15.964248795686334,2.8191033089200905,-37.86396019619481,-15.347485590343936,1.644957264957265,0.008457468457468531,0.005714285714285339,-0.003394383394383471,-0.0003174603174602719,0.056,0.00108726088726093,1649999926.249143,395913609.8693947
R2:short,1.6524175824175824,1.6491941391941394,213.6990874368406,39.30809572896938,54.3313094170083,275.13167247761186,4.448339834767486,54.3551015138166,275.84594729248715,-4.563145080976568,54.97622588956511,271.47872077230875,-23.814420202273553,54.63120527388183,221.93261890640036,-75.62017915227294,56.47977979983452,1.6525478225478225,0.2836060236060236,0.2622914122914123,-0.02184371184371192,-0.01150183150183115,0.003,0.05332777370777372,29435575.98835133,13999100.345889235
R2:parametric:-0.5,1.6487912087912089,1.6512087912087912,213.5988102431334,39.18665818214153,53.44947009297165,275.3809334669267,4.446799167070356,53.757858086071984,275.9651147120368,-4.598052384195163,56.5337392857802,271.93675409506534,-23.977411478434654,57.3828157671636,222.17765627058756,-76.07333583618605,59.541271788489254,1.649214489214489,0.2845014245014241,0.26238502238502215,-0.022043142043141506,-0.011689051689051544,0.003,0.05336402116402113,31961441.023363266,14287008.449785959
R2:parametric:-0.2,1.6536263736263737,1.6504029304029304,213.25390870759966,39.24685775441424,51.86268099129543,275.4763881617385,4.431095577610943,52.7686035766819,276.008436893953,-4.610988476918838,53.279556213077896,271.8043323811093,-24.06526714948349,56.065560212328116,221.73202060110776,-76.01927638129952,61.1491648661105,1.6536914936914937,0.2842328042328046,0.2623117623117621,-0.022254782254782057,-0.011412291412291609,0.003,0.053340227920227974,33819364.679031774,15653494.575448778
R2:parametric:-0.1,1.654029304029304,1.6487912087912089,213.1306376618532,39.49367910004794,53.34999252090527,275.2311877268877,4.48095384892436,53.66482887326882,275.8345839660799,-4.610994222233632,54.264358086366556,271.42485568810514,-23.98044169749318,54.945186279050716,221.67731426307842,-76.20078593756438,60.155150637163686,1.6543426943426942,0.28345136345136346,0.26244200244200244,-0.02136752136752129,-0.01174196174196207,0.003,0.053337362637362606,34598715.17538606,15628118.41721318
R2:parametric:-0.05,1.647985347985348,1.6495970695970696,213.4048884077507,39.22294140757903,52.50909794719842,275.1996896205028,4.43274677628769,52.687826131895896,275.75119915138714,-4.606020420342215,53.15428838140007,271.4934308683002,-24.13438599073493,55.371326261315865,221.01240909929072,-76.44053025481607,60.597028687518566,1.647562067562068,0.28392348392348365,0.26262108262108264,-0.021815221815221886,-0.011542531542531487,0.003,0.05332499796499791,33938423.72431438,15881305.324286165
R2:parametric:+0.05,1.6487912087912089,1.6495970695970696,213.48050410766962,39.50730345703844,57.093100213492235,275.789908858313,4.4699130591120655,58.1180023663513,276.5743723758617,-4.5891503298178264,58.92641892341017,272.69364760625353,-24.08481350525515,59.90606636850082,221.9786267707081,-76.5763137550313,63.23386523401409,1.6486365486365484,0.285006105006105,0.26301994301994314,-0.022352462352462465,-0.01150997150997135,0.003,0.053443597883597885,31737522.649437193,15271387.615761146
R2:parametric:+0.1,1.6495970695970696,1.6504029304029304,213.99138499116086,39.32505258216611,51.43124962486291,275.48250730509426,4.450814757792981,51.72216539450518,276.0637964122073,-4.629348874212116,52.7566270698847,271.9884209603709,-24.13045722497577,55.699654576661864,221.54015359147226,-76.31724203128508,59.51716163800679,1.6496540496540497,0.284037444037444,0.26266992266992273,-0.021815221815222108,-0.011632071632071694,0.003,0.05339766381766384,35181269.12322821,16173008.331123315
R2:parametric:+0.2,1.6491941391941394,1.652014652014652,213.17664973197475,39.2348664892072,53.780097542532374,275.3291318671239,4.437197553835231,54.04690942409425,276.0725405286995,-4.622313365683711,54.55205841100242,272.0895897785982,-24.085458732297468,56.51376751248671,221.43088644261942,-76.36012594296668,59.74414138997122,1.6492348392348393,0.2843630443630444,0.2625437525437524,-0.022087912087912276,-0.01151404151404134,0.003,0.05335743182743179,33805686.34552047,16486807.654104851
R2:parametric:+0.5,1.6463736263736264,1.652014652014652,212.63191802517957,39.22907475596987,52.54401027482233,274.9096890216628,4.433465159212991,53.00290348007686,275.7564663625551,-4.688046311258086,53.750054394504374,271.6693373605575,-24.243243005632785,55.09295595135705,220.49071165086104,-76.49907643305761,58.097691786556986,1.646389906389906,0.28371998371998397,0.26212454212454217,-0.021090761090761356,-0.011477411477411659,0.003,0.05328687830687831,36316398.0817461,17497260.61333999
R3:open,1.6504029304029304,1.6512087912087912,213.72318099508297,39.215821996753036,43.65369547421407,276.2497687456931,4.423817301512401,43.9474901756618,276.85815721297024,-4.673210448044008,45.05034235930072,272.06575101398505,-24.14509510610502,47.56332007528118,220.7802595538835,-76.27221001162879,52.31039576396135,1.6502930402930402,0.28403337403337403,0.26345543345543376,-0.021196581196581077,-0.011623931623931494,0.003,0.053537321937321955,35046573.03903724,16033939.810960453
R3:short,1.6471794871794871,1.647985347985348,1.0356165599806968,41.19163409264786,-24.045978555682026,1.5581697625763091,22.19564801660401,-20.497608247933805,9.821332032500184,78.01554082396756,-4.5064370051519775,57.971439209572125,67.95712153126252,10.914703772408394,187.7676402400887,-18.873936491839572,21.122740981979767,1.646870166870167,0.09598697598697625,0.001448921448921947,-0.09533577533577531,-6.512006511982804e-05,0.002,0.0004401546601546291,1158837.4150654094,8357669.060060039
R3:parametric:-0.5,1.6552380952380952,1.652820512820513,213.11295308383995,39.253221685653045,45.56668302240583,275.0815309361195,4.445056355883002,45.79861892683337,275.80240072320885,-4.606992900883193,46.19932244579374,271.578478349434,-24.136587332438737,47.573066531267216,221.2116104105723,-76.29520278290808,52.134588748799814,1.6556898656898658,0.2834635734635734,0.2624582824582824,-0.02159137159137181,-0.01133903133903158,0.003,0.053304338624338594,31560734.289879613,16172139.18291163
R3:parametric:-0.2,1.647985347985348,1.6512087912087912,213.30439969312005,39.3338594233574,51.41044516899392,275.092208823637,4.455146070832204,51.93264053370328,275.8610495903765,-4.567848753721266,53.088604095593794,272.1647838520558,-24.00474219759043,54.94461110461792,221.7194083674413,-76.25508001633176,60.64095796863405,1.6475864875864874,0.28475376475376457,0.2621326821326819,-0.02192104192104205,-0.011583231583231601,0.003,0.05329450549450544,33006733.186530147,15037431.636724101
R3:parametric:-0.1,1.6463736263736264,1.647985347985348,213.9798404177643,39.1003985691787,55.023968438453394,275.4882438574376,4.424563599340974,55.70501587684423,276.07226159599816,-4.608352534036108,56.227509848411636,272.3997448354385,-24.10953827656467,57.65468207366277,222.05806875513116,-76.16075382018099,62.24222716880037,1.6461050061050062,0.2847944647944647,0.26293040293040293,-0.022153032153031993,-0.011518111518111551,0.003,0.053378599918599876,30368244.317371894,15216872.260572594
R3:parametric:-0.05,1.6491941391941394,1.6504029304029304,213.03057619677327,39.324492715195944,52.507670013849435,274.9846445600115,4.4455298963078915,53.19741667975583,275.7370546382952,-4.596684367878764,54.97867358139512,271.59719497594904,-24.117126594887143,56.89807884322495,221.2717987520499,-76.30555840649347,61.195969756096,1.649218559218559,0.2837403337403337,0.26244607244607243,-0.02172568172568179,-0.011579161579161279,0.003,0.05327463573463568,32572646.048275277,15005313.799293404
R3:parametric:+0.05,1.6552380952380952,1.652014652014652,212.10969513254346,39.53260370673567,54.85905677196122,274.9364398165449,4.482531845445804,56.37343462812297,275.56762201484844,-4.635027429174304,56.36325922827065,270.7332386000119,-24.1351412119331,57.3164501321697,221.31944629919994,-76.3128820492947,61.3873693440183,1.655091575091575,0.28309320309320296,0.2615221815221813,-0.02153032153032175,-0.01146113146113148,0.003,0.05325607651607651,32410074.369479656,15618352.20344313
R3:parametric:+0.1,1.6483882783882784,1.65,213.55519447904186,39.362451577215865,55.33052569381023,275.2291982496291,4.472024394827876,55.94885817412937,275.96070858149085,-4.643678549486084,56.62513786349351,272.1600561250697,-24.143422970688967,57.23506021134642,222.126049230884,-76.31781465667129,60.59733497809208,1.6482580382580383,0.28424094424094437,0.26260480260480235,-0.02161986161986118,-0.011432641432641444,0.003,0.05334797720797721,31993927.465022303,16205066.033681389
R3:parametric:+0.2,1.6495970695970696,1.6504029304029304,213.07165491705464,39.38629401185977,51.694330060980064,275.3544170286802,4.457056800871282,52.16651389177011,276.0193596424228,-4.628074094978605,53.27184470678062,271.4832788097924,-24.149947893992177,54.39542938684347,221.2887505366322,-76.41645509958654,57.96348682330827,1.6492307692307688,0.28401302401302386,0.2627676027676027,-0.021391941391941005,-0.011583231583231601,0.003,0.05336668294668296,34687602.680995815,16332494.990543736
R3:parametric:+0.5,1.6516117216117217,1.65,212.8426356057547,39.38323702352133,52.27825062876024,275.02170121661527,4.454555321085913,52.65053150143285,275.69524666001166,-4.663987723623841,53.860596937435446,271.23859922278314,-24.201100591584968,55.57876035137552,220.46449922151768,-76.28724948636832,57.78346774744983,1.6515791615791617,0.2830362230362228,0.26229548229548216,-0.02125763125763136,-0.011623931623931716,0.003,0.053305229955229946,34812557.00762385,16068156.451011298
R4:open,1.652820512820513,1.6475824175824174,214.07039196808537,39.45998346429127,44.685510055901304,276.3542968942758,4.448688182110116,44.77052798846168,277.00521482135446,-4.6098001133442335,45.67228961440278,272.6094529841218,-24.055594071123302,48.2829463816536,222.63535495902323,-76.4982365283482,52.665728721402104,1.6524745624745627,0.28434269434269466,0.26326414326414316,-0.021978021978022233,-0.011542531542531376,0.003,0.05355267399267401,31454755.38613506,15117119.059926122
R4:short,1.6512087912087912,1.6512087912087912,1.4293464492938006,40.92123166885679,-21.247019750364192,1.9544872378900453,21.706741649613818,-18.528804006751795,12.575077525289622,77.16936036643692,-2.3598765767914105,70.72400729911735,64.87778202831623,12.6416207229025,213.6542060984298,-21.3982577850916,22.24412914541134,1.651493691493691,0.1162962962962959,0.0017745217745217534,-0.11579161579161612,-1.6280016280179055e-05,0.002,0.0005544647944648384,1188585.6619281173,8864122.064389255
R4:parametric:-0.5,1.6487912087912089,1.6504029304029304,212.71541125707003,39.27453973082034,43.32021550485011,274.47826571902135,4.447510184458249,44.318262099644734,275.28548535842674,-4.56704014936161,45.54770261715209,271.2409271201682,-23.95442303364447,48.26688662546474,221.8398305433059,-76.26202002195642,52.664904280278584,1.648970288970289,0.28338624338624374,0.2614570614570617,-0.021864061864061757,-0.0115669515669512,0.003,0.0531529588929589,34214804.57838583,15506050.211449696
R4:parametric:-0.2,1.6467765567765569,1.6504029304029304,212.93324123896917,39.348017597892266,52.007759831010304,274.8245847027834,4.459282304372897,52.79137010754838,275.64493086535754,-4.59382892523233,53.79030375236216,271.82649757522887,-24.092294992030382,55.446702044575254,221.36718100012996,-76.21375010505342,60.48158652965683,1.647122507122507,0.284179894179894,0.26213268213268204,-0.021741961741961746,-0.011680911680911898,0.003,0.05326356125356119,30394107.114577916,16065487.90839526
R4:parametric:-0.1,1.6455677655677656,1.6524175824175824,213.03102151533417,39.28500522308569,54.95423534735454,275.3663426857007,4.450884689996268,55.52453064007677,276.09169523270253,-4.604319715441413,57.12743602340588,272.02520502319265,-24.079144132758227,57.36612105926631,221.63931803567442,-76.32796557715912,61.4660563770874,1.6453235653235652,0.284334554334554,0.2622914122914123,-0.022205942205942186,-0.01165242165242164,0.003,0.05336667887667884,33326693.553400017,15657064.358210966
R4:parametric:-0.05,1.652820512820513,1.6504029304029304,213.33609988855255,39.246939349478566,53.00378740203473,274.7424367397804,4.441620245957358,53.76242526573962,275.4598173148278,-4.634718500386616,53.66689577882843,271.4873036324232,-24.104469860576454,56.346212780851914,221.39970197838107,-76.27420316952181,60.423549910440066,1.6526739926739928,0.2834595034595032,0.2622914122914124,-0.02144892144892152,-0.011501831501831483,0.003,0.05326288970288968,33556088.74559447,15674960.973463085
R4:parametric:+0.05,1.652820512820513,1.652014652014652,213.73715948222517,39.37354691961066,53.23844782452964,275.58167815641104,4.448069997856077,54.09270956743629,276.32712732317043,-4.631457196562204,55.11169389262565,272.0239380902361,-24.185463268427206,56.28735627280693,221.032508428869,-76.44492655242668,60.03449925371346,1.6526088726088726,0.283874643874644,0.2625885225885227,-0.021343101343101356,-0.011566951566951644,0.003,0.053450272690272665,33537297.9488572,15715199.486296963
R4:parametric:+0.1,1.6504029304029304,1.6504029304029304,213.82423934583798,39.14025851105775,53.64039818828203,274.97656870133085,4.409101483483159,53.83889288991628,275.63044903262397,-4.643458194013653,55.505440805063095,271.70062378376724,-24.155947606741577,56.49569435533256,221.2809624698077,-76.43948823315475,60.05242653792255,1.6501668701668701,0.28393162393162386,0.26240130240130255,-0.021400081400080984,-0.01150997150997135,0.003,0.05329662189662188,31313120.025311336,15307110.680664493
R4:parametric:+0.2,1.650805860805861,1.6491941391941394,213.35446146938855,39.26156121850056,55.14102263148203,275.6784956878008,4.467048628829517,55.59776237390197,276.5681083455521,-4.599312218736727,55.90462239083422,272.3989148285089,-24.181502031904564,56.423264094085994,220.9113344024326,-76.3731463196782,60.52978506372869,1.6503581603581603,0.2840984940984943,0.26300366300366296,-0.022039072039072072,-0.011571021571021745,0.003,0.053414733414733385,32903276.53527309,15785963.795941051
R4:parametric:+0.5,1.6495970695970696,1.6504029304029304,213.32411682841536,39.31268663683023,52.90272091950085,275.4525837639986,4.4581972486153045,52.973260150088954,276.0858031903532,-4.605169365240358,53.90730136610654,271.5150632726176,-24.09907079038779,55.56381219745407,221.8429233216572,-76.29185398546417,59.37295925677964,1.6498249898249897,0.28341066341066323,0.26216524216524206,-0.021912901912902072,-0.0114448514448513,0.003,0.05338262922262917,33447416.65241395,16191914.868804973
C1:open,1.6431501831501831,1.6504029304029304,213.5424536091842,39.3115819162269,51.852129896433254,275.2919324113296,4.450504003090589,53.31037679883252,276.0534487737919,-4.608937104600395,53.945762891535516,272.32379538674274,-24.008039761541628,54.98142674466991,221.51701612940892,-76.21899508020212,53.73010074637531,1.6428408628408626,0.2840293040293045,0.2623036223036228,-0.02166056166056185,-0.011746031746031615,0.003,0.05332212454212462,32300297.203315306,15482605.456533289
C1:short,1.6495970695970696,0.15714285714285714,59.79717611353714,39.20442026726726,67.898419781603,76.58754513329394,4.459353230191502,67.64181323358001,77.46325731294375,-4.240173009379321,67.45288985261381,79.78422506472894,-22.210823625795562,68.6439687217095,68.42399189671583,-72.64050170581145,70.79247012976084,1.64977614977615,0.08445258445258474,0.07304843304843311,-0.006764346764346785,-0.0024582824582823903,0.003,0.014886422466422513,2149699.7535078637,2012524.6507978581
C1:parametric:-0.5,1.6471794871794871,1.6487912087912089,212.9645862142251,39.295515679727984,54.526528612615614,275.3892169060029,4.4520288016713945,54.90436025729565,276.1444439650656,-4.580394492106767,54.779735601477924,272.33026632352613,-24.044243820572966,55.757316109299424,222.22106120115149,-76.41793772357983,57.6697793641699,1.6473992673992672,0.2841758241758243,0.26275132275132274,-0.022205942205941964,-0.011485551485551637,0.003,0.05339019943019941,34138699.37612664,15702871.491654525
C1:parametric:-0.2,1.652820512820513,1.647985347985348,213.3403527638154,39.075100822163186,53.73448124922491,274.8806518748693,4.413118353731252,53.77577742197687,275.5574327108765,-4.640905740574556,54.10686667169871,271.9114806598714,-24.020059260835463,56.98225776702452,221.04595673504085,-76.29784510019316,60.714505229886655,1.6531868131868128,0.2842002442002438,0.26205942205942234,-0.021644281644281893,-0.011493691493691838,0.003,0.05329382987382983,34614838.483667314,15174140.970997538
C1:parametric:-0.1,1.6504029304029304,1.6495970695970696,213.1136857618671,39.41890523865568,52.89076246579747,275.2036403638436,4.469901201967031,53.65693250975863,275.731372000632,-4.630386016450473,53.718351599923196,271.3979837921603,-23.98847192486509,55.74009495843583,222.00188657406778,-76.17204281931865,59.06777192846461,1.65023199023199,0.283882783882784,0.26192918192918224,-0.021807081807081907,-0.01166463166463183,0.003,0.05331902319902328,35364794.845769495,16599851.572235847
C1:parametric:-0.05,1.6467765567765569,1.6447619047619049,213.43595266375652,39.2869375682147,52.57337270343934,275.29299805037294,4.432680127188916,52.79369387617561,275.97372813016267,-4.641811844803284,53.4781129547555,271.2426934985042,-24.145211935305618,55.89854827616919,220.99593697382284,-76.32314389454334,60.46527595345779,1.6469271469271471,0.2830850630850633,0.2624216524216524,-0.021054131054130898,-0.01158323158323149,0.003,0.053345677655677666,32961520.20270821,16550960.701061476
C1:parametric:+0.05,1.6536263736263737,1.652820512820513,214.2108607063176,38.954865928368534,54.18326969943918,275.3801799809952,4.399124585575361,54.39314917404353,275.9954931254579,-4.598727747521873,55.35169050633893,272.019721419009,-24.028169197469364,56.53407030017584,222.54514463057524,-76.10283051079315,61.83529699528252,1.6539031339031338,0.28438339438339433,0.2626373626373625,-0.021925111925111818,-0.011750101750101605,0.003,0.05334264550264546,34490858.08423348,16047454.1692183
C1:parametric:+0.1,1.6483882783882784,1.6491941391941394,213.17169130916892,39.26689348785578,51.96099817190746,275.0892695440604,4.434770109227214,51.29279102866885,275.76080502842797,-4.581127356394028,53.38060365267627,271.5947600865847,-23.992105679411825,55.67790351011087,221.60810195275093,-76.13166252261169,59.82885228432677,1.6483842083842084,0.28336996336996356,0.2625111925111927,-0.022360602360602555,-0.011473341473341558,0.003,0.05328606023606029,33163194.636329666,15147103.029863652
C1:parametric:+0.2,1.6536263736263737,1.6491941391941394,212.9517262421591,39.332446765739675,52.70460054030272,275.1045234723053,4.464789314534588,53.6466889426126,276.0742803114956,-4.62697876426437,55.55790000683675,271.9705828460089,-24.182394406741896,56.766907060730986,222.02293163571426,-76.44578461713957,61.24894081006401,1.6535449735449732,0.28425722425722433,0.26239723239723245,-0.021880341880341714,-0.011644281644281773,0.003,0.05329098087098087,32799610.52171787,15390468.762138326
C1:parametric:+0.5,1.6536263736263737,1.6536263736263737,213.49231512687535,39.30935086370551,52.7312399035852,275.813705600107,4.44986256147727,53.33805380694198,276.4472046620116,-4.627679430033288,54.115151431750775,272.1062609575709,-24.07943419302852,54.616685652828096,222.09866719966104,-76.11275284203305,57.68592510236611,1.653268213268213,0.2840862840862839,0.2629792429792428,-0.021310541310540998,-0.011469271469271458,0.003,0.053438583638583684,32578055.236376557,15680594.816703355
C1:cap_degradation:+0.2,1.654835164835165,1.6483882783882784,213.62377585462846,39.225499591844496,52.50598794133796,275.49572668127075,4.447895190407763,53.59498762274159,276.2682600153162,-4.559603349558126,56.3306989240002,272.31307399017436,-23.986656075053943,58.336959965840606,222.49394077108997,-76.13583138878671,62.74401834676521,1.6550508750508746,0.2844810744810746,0.2623280423280424,-0.022275132275132337,-0.011636141636141573,0.003,0.053382173382173354,33123894.253575318,14804645.156497918
C1:cap_degradation:+0.5,1.6443589743589744,1.6536263736263737,213.76632346813898,39.08233576690129,52.002122336307885,275.2983422063023,4.405552778118782,52.55940082007362,276.0645574894167,-4.62859735065652,52.75868618756431,271.4355407669941,-24.082986227449602,55.71750854869016,221.19206124392718,-76.42873833938995,57.01515208725395,1.644293854293854,0.28363451363451386,0.2628530728530728,-0.021611721611721535,-0.011514041514041451,0.003,0.05335292226292224,33225757.384117883,15954419.183404788
C2:open,1.65,1.6512087912087912,213.91041866238538,39.13759031654118,52.979119332810626,275.17664190868584,4.4200493689788605,53.26257789550968,275.98933558615624,-4.65354713547004,53.50718429109837,271.418188691292,-24.262960032082276,53.992098627890826,220.53857024554765,-76.38864420527067,52.0719967868096,1.65002035002035,0.28340659340659347,0.26207570207570186,-0.021249491249490937,-0.011477411477411437,0.003,0.05329455026455028,34360964.542312734,16919698.559080727
C2:short,1.6504029304029304,3.1420512820512823,82.93677686983193,39.29806456916411,70.62601719323284,108.07937973490381,4.455588750864371,70.52063342230966,108.46472937488679,-4.533978372359656,70.6504643696013,106.89423963208459,-23.871662647088133,71.37812811643084,85.92844805195253,-76.5736330728269,73.17878100532701,1.6501994301994303,0.11189255189255154,0.10247456247456288,-0.008229548229548467,-0.003231583231583013,0.003,0.020949336589336513,2152307.652572975,2003490.7629001169
C2:parametric:-0.5,1.647985347985348,1.6491941391941394,213.92681910606797,39.098292774227644,53.82429138394606,274.9599950771751,4.434789301193598,54.61133619253851,275.6042437754948,-4.580637577220003,54.92041771968417,271.5737991800129,-23.91277131777345,56.54414089122092,222.41594522598479,-76.25952754353482,57.9066598045945,1.6475254375254376,0.2840577940577942,0.2621408221408218,-0.021933251933251907,-0.01166056166056173,0.003,0.05327914529914534,33298432.62630272,15810631.360511906
C2:parametric:-0.2,1.6504029304029304,1.6512087912087912,213.83795531483113,39.184778486931215,53.7165991279445,275.0140752665507,4.436098582456486,54.307442488842845,275.8597991780827,-4.605893378981498,56.33395607225401,272.42094458460673,-24.040769786557032,56.63782211451762,222.2457916299556,-76.29510631041913,61.153599438049625,1.6503540903540903,0.28455840455840486,0.2624420024420022,-0.02211640211640198,-0.01164021164021145,0.003,0.05332922262922261,32402841.678703107,14995947.632125232
C2:parametric:-0.1,1.6536263736263737,1.6471794871794871,213.57221014986976,39.239009501397454,53.225869881215466,275.36919034587225,4.464021539010388,53.22959103819264,276.17364759818634,-4.6162831878337425,54.4351780681714,272.19782357226757,-24.07145066956143,55.513139218138235,221.60938306380422,-76.03882494890433,58.964521873258946,1.6536019536019533,0.2842816442816445,0.26263736263736237,-0.021717541717541478,-0.01159137159137158,0.003,0.053365177045177035,33751751.20790083,15814877.489465576
C2:parametric:-0.05,1.6504029304029304,1.6504029304029304,213.60555584580788,39.27536986470406,52.91410859777545,275.447712596909,4.457178323940998,53.00488240490547,276.04643271868156,-4.624731240888176,54.29063590013701,271.9683341262493,-24.084121100264024,57.0891818758208,221.6730437563749,-76.26622186453245,61.81315657235849,1.6501424501424502,0.2842572242572241,0.26282458282458254,-0.021261701261701127,-0.011452991452991279,0.003,0.05338747252747251,32843538.660521585,15239899.776100937
C2:parametric:+0.05,1.6471794871794871,1.6504029304029304,213.32859687182827,39.27280976299059,54.15331551423138,275.2719350606057,4.43327072551335,54.35112441661839,275.8050644788251,-4.6674263898803074,54.95092259130246,271.61443324379945,-24.26944757518648,56.198462535183126,220.47563840876268,-76.77473751687063,60.04779197240789,1.6474074074074077,0.28397232397232375,0.26266178266178275,-0.021750101750101836,-0.01171347171347148,0.003,0.05336786324786321,32136994.383465376,15863371.986787912
C2:parametric:+0.1,1.6524175824175824,1.6544322344322344,212.9858122887887,39.32725085691854,51.271121309920616,275.40637825458236,4.470626404859547,51.67951805061679,275.96488056717794,-4.653212464656057,53.5513607172628,271.6189556560905,-24.169856064770855,54.87295625264434,221.31772722294073,-76.27186394727389,58.675110858672696,1.6523402523402524,0.28363451363451353,0.2626292226292225,-0.02151811151811156,-0.011363451363451404,0.003,0.05337657305657306,35871095.34324818,16858785.02111818
C2:parametric:+0.2,1.6447619047619049,1.647985347985348,213.2364427013247,39.228276655275174,56.038264099654484,274.92032834053475,4.445598461790463,56.2586602379427,275.67799136265785,-4.619532134608184,55.91282166661677,271.71765382899986,-23.992446818118804,57.031307920881545,222.34954236824274,-76.10351135357425,60.214028788970765,1.6447700447700448,0.2838909238909242,0.2622059422059424,-0.02205128205128193,-0.011363451363451738,0.003,0.053289271469271426,33157745.259863976,15803994.2633033
C2:parametric:+0.5,1.6512087912087912,1.6487912087912089,213.11294405234054,39.23075783767353,53.55328902499599,274.8396437126476,4.430207128320905,53.57194502656727,275.59361325279866,-4.6214312384146545,54.23069382908335,271.32492041885445,-24.140693693085733,56.27797905288499,220.67532266065763,-76.20222348281776,58.01436312523097,1.651119251119251,0.28293447293447327,0.26235653235653233,-0.021579161579161177,-0.011359381359381526,0.003,0.0532728367928368,35161447.36062677,15837002.62097697
C2:cap_degradation:+0.2,1.650805860805861,1.6504029304029304,213.68291604611946,39.21685175149786,54.08653977686544,275.16306938774983,4.438447727631326,54.326576967584955,276.07912090278376,-4.606205441771328,55.022053515920874,272.4195068554557,-24.126778148860176,57.693123397501495,221.97544475571544,-76.63107902545025,60.79502467849415,1.6506145706145707,0.2847374847374847,0.26243793243793234,-0.021998371998371846,-0.01159951159951167,0.003,0.05337139601139605,31345239.167248003,15317236.560850061
C2:cap_degradation:+0.5,1.6475824175824174,1.6504029304029304,213.10522229950593,39.366324994576786,53.46553098593279,275.2279479355918,4.4670793437536,55.5291520256672,276.0140965277577,-4.580043716234494,55.524091719941566,271.6061432589879,-24.16376501397493,55.74876548911783,221.69886413767074,-76.33478855119961,57.80798199657151,1.6474847374847377,0.28420431420431436,0.26220594220594207,-0.022006512006511603,-0.011550671550671687,0.003,0.05330761497761495,32384490.38323002,16342574.150039371
C3:open,1.647985347985348,1.652820512820513,213.6814673987715,39.092066567041954,54.06502758260855,275.22893858680146,4.434205540198599,54.56564920475628,276.2439638809019,-4.230578161634174,54.828502897325166,275.47541009821913,-22.912678219745374,57.19715595956992,228.22256034270666,-74.4397011409911,61.43200534651325,1.647765567765568,0.2874969474969471,0.2623606023606022,-0.025706145706145378,-0.011501831501831372,0.003,0.053392682132682126,32340115.815351732,15785403.420669658
C3:short,1.6512087912087912,1.6495970695970696,0.031224794270068357,34.126260613010686,26.357632173002052,0.028258585063457704,12.553928700529397,21.79982648602054,0.03135484269515871,-2.677618417702682,21.75379328846111,0.02878103901128256,12.307188457297684,21.842498190580677,0.030538686123867176,-36.69121390895867,25.073913755340644,1.6513919413919416,0.0027513227513228378,0.00010989010988982084,-0.0030932030932032673,2.849002849003579e-05,0.058,2.7594627594088595e-06,24936.182580824527,34304.92651866598
C3:parametric:-0.5,1.6491941391941394,1.6495970695970696,213.2504263774485,39.21092908021768,52.54220339883024,275.11548376752575,4.4631964228596415,52.65128684866118,276.2455880971405,-4.411510184219126,53.803335167858506,273.4818150370636,-23.53667910618064,55.65738638801669,223.92263815717854,-75.47837412110528,59.660196864576875,1.6492633292633294,0.2854945054945056,0.26240130240130244,-0.023829873829874004,-0.011611721611721637,0.003,0.05334314611314611,32181930.261852127,15169487.213862065
C3:parametric:-0.2,1.6504029304029304,1.6495970695970696,213.03118766175427,39.47120681959675,53.77158289766298,275.3999796749564,4.475840010554678,53.774006077805026,276.1773442874836,-4.53214389270117,54.2364965758313,272.6750193005488,-23.881587588334234,55.64223762445748,223.63856673435384,-76.07309689606957,60.41127126134934,1.6501587301587302,0.2847863247863247,0.26248270248270233,-0.022629222629222845,-0.011615791615791515,0.003,0.05333645095645096,31926376.50064333,15615518.51492706
C3:parametric:-0.1,1.6495970695970696,1.647985347985348,212.89342925591876,39.42927392606202,53.10700344973177,275.1735980990191,4.473914291432822,54.10426571877256,275.7994922551842,-4.620285661333599,54.97900938592478,271.7991041082615,-24.149064046565645,56.66445590427239,221.59397845961539,-76.22137775323574,59.97982726526189,1.6497761497761496,0.2840700040700044,0.26240130240130166,-0.022091982091982265,-0.0115669515669512,0.003,0.05331520553520543,32701922.238310393,15763925.277832996
C3:parametric:-0.05,1.6512087912087912,1.6504029304029304,213.38016016751246,39.26089052966798,53.375343819894184,275.6842428563976,4.455374797240232,53.746008082786105,276.3104214794922,-4.560175664193036,55.22473232247593,272.28803873161286,-23.996145394588687,57.63941150414603,222.35659784187973,-76.20344787087477,64.17335301100452,1.6509808709808707,0.2845828245828248,0.26283272283272296,-0.02243386243386225,-0.011623931623931716,0.003,0.05340243386243381,31417949.6783371,14152172.484294392
C3:parametric:+0.05,1.6495970695970696,1.65,213.45370584792067,39.31005364309328,53.44507484934534,274.92967851442904,4.434368124439786,53.66593464881136,275.5789107980047,-4.638862482336517,54.48681593701949,271.67327183804895,-24.21184619544936,56.42726213986582,220.89491166328446,-76.33608221345537,61.653190654357914,1.6496011396011396,0.2833699633699637,0.2621489621489621,-0.02151404151404135,-0.011265771265771107,0.003,0.053297745217745204,34054430.264408514,15745135.322073026
C3:parametric:+0.1,1.652014652014652,1.6487912087912089,213.5718715996901,39.32827392937237,54.65503004382397,275.3564578516283,4.442512435090589,54.36476669390467,275.82544701116024,-4.674224284539729,54.53447468068341,271.2561936994063,-24.27828748574735,56.5226367367662,220.43810373555613,-76.48176144365272,60.43147601570061,1.6519088319088318,0.28350020350020366,0.26241758241758273,-0.020830280830280712,-0.011705331705331279,0.003,0.05335765567765566,33783446.925112545,15749234.572796425
C3:parametric:+0.2,1.652014652014652,1.6512087912087912,213.43548844173446,39.400346886606044,51.59117094124791,276.007771057369,4.452799285679956,52.8145926079656,276.7128624950693,-4.737519915237072,54.61316271068931,271.64862529490125,-24.4423133962226,56.38803184934399,219.82215447437696,-76.84686897718855,60.39671076102692,1.6525193325193324,0.28376068376068386,0.26283272283272274,-0.020936100936100654,-0.011542531542531265,0.003,0.05347768009768008,33613750.20008654,15348610.41905212
C3:parametric:+0.5,1.654029304029304,1.6487912087912089,213.48778468302484,39.18806923811765,52.25515653504114,275.1479674281898,4.422160787173943,52.53658741405002,275.7350815242843,-4.835800834044913,53.52698444066799,269.59106202839337,-24.566135923789346,55.54095844719214,219.59952204101634,-77.08113908449205,61.060797713643296,1.6541107041107042,0.28187220187220163,0.262100122100122,-0.02004477004477012,-0.011444851444851634,0.003,0.05330879527879526,34949783.761088476,15405445.6542559
C3:cap_degradation:+0.2,1.645970695970696,1.650805860805861,213.46554001961783,39.355768246760775,54.25107255192907,275.636834794419,4.467500988826833,55.12952033395258,276.39303596716854,-4.539705231986759,56.095653731506715,273.2537550971405,-23.84153587629212,56.715732442747196,223.53023081592522,-75.9770005027121,61.214557952444395,1.646239316239316,0.285172975172975,0.263072853072853,-0.022401302401302225,-0.011717541717541802,0.003,0.05343098087098086,31678868.359126568,16387861.503117163
C3:cap_degradation:+0.5,1.6512087912087912,1.6495970695970696,213.2412165705306,39.34972808243296,53.95143661111344,275.40744442798916,4.465186928290444,53.9765604723572,276.2384908360216,-4.447697947051135,54.18949580453065,273.86682879561744,-23.6204826269467,55.38866685555031,224.14892055572844,-75.6370027777991,58.715537510962285,1.6511273911273914,0.28585266585266567,0.26252340252340245,-0.023402523402523245,-0.01158323158323138,0.003,0.05336934472934479,33062749.10374837,16921054.35541096
R5:open,1.6455677655677656,1.6504029304029304,53.003077990317244,39.387058846600176,52.49219507112823,68.33674856117153,4.445663414416926,52.86977526760724,68.51282523368747,-4.626132397499934,53.60484100581967,67.40674076037949,-24.01560977771584,55.029468536726036,54.74856798498283,-76.34235897922525,59.31784856718554,1.6454131054131054,0.07087505087505086,0.06507122507122509,-0.006471306471306448,-0.0028408628408629344,0.003,0.013243418803418781,8639398.607942954,4065840.0665355315
R5:short,1.647985347985348,1.6512087912087912,374.1576491351527,39.24696702924249,53.68224512283291,483.032271339704,4.435024907041843,53.74945245418509,484.15244858722457,-4.691445256971786,54.42470177670751,476.107500971771,-24.327713066228387,55.603861149974456,385.10859498536996,-76.44718222865073,60.70668170519263,1.6478306878306879,0.4971509971509973,0.46042328042327996,-0.03730565730565716,-0.020138380138379874,0.003,0.09358686202686198,59345486.48274653,28037965.400300097
R5:parametric:-0.5,1.6463736263736264,1.647985347985348,266.7645827154297,39.32285967238358,52.60027208531565,344.35516087877465,4.458023953185959,53.4560897735831,345.2267111956353,-4.626729112080001,54.97393706551443,339.58339876801205,-24.161458406241593,56.22195424570972,277.04056946235767,-76.50006612660248,59.27050651298952,1.6464713064713066,0.35494505494505524,0.32816442816442803,-0.027212047212047397,-0.014481074481074607,0.003,0.06672513634513638,42184396.19260661,20233638.114159435
R5:parametric:-0.2,1.656849816849817,1.6512087912087912,231.06033956236573,39.32097340599896,54.00076391301015,298.3454970124904,4.453955205711879,54.800753485787084,299.1103130871246,-4.601865324770422,55.53884371019765,294.6096603409983,-24.0955478310998,56.42940957962543,240.74592644511793,-76.14665512326914,59.67511029729592,1.656906796906797,0.30772486772486785,0.2840618640618644,-0.023402523402523245,-0.012462352462352388,0.003,0.05781544973544975,36060145.84861168,17428106.165745795
R5:parametric:-0.1,1.6463736263736264,1.6495970695970696,221.0709455006708,39.205652283943394,53.21650545338152,285.93067210975073,4.4432418138636915,53.5108933256674,286.47121447057043,-4.621459983842008,54.69391782120841,282.2611552481035,-24.068303978178996,56.54041844948792,229.83685444125246,-76.29185189883505,60.58045904024655,1.6467724867724869,0.29473341473341486,0.2720472120472115,-0.0226210826210822,-0.0118274318274314,0.003,0.05541316239316238,35994387.136657506,15742650.616243316
R5:parametric:-0.05,1.6467765567765569,1.6495970695970696,216.9417349174999,39.28241372795561,53.69744661403453,280.30006803627464,4.437379393384153,54.105685357938185,281.0406331066754,-4.644614481354788,55.04851884113527,277.04853381656466,-24.17367934823712,56.10716532693043,224.7468501491633,-76.34948906368476,60.99542122290471,1.646825396825397,0.28885225885225907,0.26701261701261714,-0.022291412291412516,-0.011550671550671687,0.003,0.054311225071225086,33180369.3590561,16439263.116397087
R5:parametric:+0.05,1.6524175824175824,1.650805860805861,209.10426468800196,39.426657936208755,49.57636096914571,270.10305975875104,4.465149734890764,52.00321105738732,270.6136285955557,-4.632927360402093,52.561093255704336,266.5149872169278,-24.157086702967803,55.204632672605214,216.25349347323152,-76.61253819304787,60.27783239994779,1.6522385022385024,0.27889295889295884,0.2575010175010174,-0.021587301587301377,-0.011359381359381304,0.003,0.05234618233618232,33315821.732354797,15299338.077841207
R5:parametric:+0.1,1.6487912087912089,1.6504029304029304,206.12364762493144,39.25278253514846,54.165546754418195,265.5134927399949,4.4358162991454915,54.83862370518169,266.21388661042783,-4.624141031728933,55.59026808009922,262.1579757979021,-24.154445864753338,57.18160486605213,212.9838743401772,-76.3499401989216,60.23943894853638,1.6489133089133088,0.27369963369963357,0.25328449328449354,-0.020887260887261228,-0.011176231176231122,0.003,0.05145810337810336,30322879.034931794,15012186.954554243
R5:parametric:+0.2,1.6536263736263737,1.6487912087912089,199.18730653630013,39.100424572196694,52.9489778795726,256.48579929337706,4.404573923185267,53.374099710372924,257.1317014683612,-4.656684967707566,54.20946370645979,253.41339497802755,-24.220013504170034,55.41913894539776,205.91652450924997,-76.54504124566037,59.13045176155543,1.6538461538461537,0.26442002442002477,0.24470492470492444,-0.019951159951159925,-0.010883190883190785,0.003,0.04969732193732185,31032358.000988584,15145654.405480968
R5:parametric:+0.5,1.652014652014652,1.6504029304029304,181.03754329460338,39.33754298169711,54.250067798664034,233.98095845638522,4.4581701714436806,54.93565772791038,234.58958018396734,-4.588372468970433,55.04256790343384,230.8818771246969,-24.06580877205288,56.66586108965295,188.85990848606085,-76.23785120730248,61.2364343441321,1.6516157916157916,0.24125356125356112,0.22308506308506293,-0.018599918599918608,-0.00973544973544982,0.003,0.04535443223443228,28390919.46585583,13108075.170302393
R6:open,1.654029304029304,1.6495970695970696,52.977430403517054,39.289930504445366,53.85024024700508,68.39481525096127,4.456509236402408,54.155734994548865,68.60797973454716,-4.606991290149406,55.58925492914112,67.63004122959703,-24.056692791240653,57.112938134519936,55.08664807065734,-76.23196477630091,60.288541907870034,1.6540618640618638,0.07097273097273105,0.06512413512413529,-0.0065689865689867455,-0.0030036630036628376,0.003,0.013261253561253556,7920426.655003682,3955841.7211539387
R6:short,1.647985347985348,1.6487912087912089,371.0411399477697,39.53631250923584,52.040070155618764,480.6279219012808,4.493353246456536,52.93392919529698,481.818554622228,-4.642475971810427,53.493475687749324,475.08080429193694,-24.084717607218217,55.12165756302733,387.0043292196442,-76.05385928446441,60.046943704370264,1.6476109076109076,0.49612128612128625,0.45786731786731805,-0.037676027676027735,-0.020341880341880225,0.003,0.09312852665852667,60111769.769800305,27636363.031077415
R6:parametric:-0.5,1.6475824175824174,1.6455677655677656,267.11957547702605,39.232429503633696,52.581071969211976,344.6053830339501,4.442136647247266,53.36564867310672,345.53192438433507,-4.633061419465436,54.393647450698595,339.8309226271935,-24.061241577384678,56.5536288893011,277.6956594838101,-76.27667624341397,61.32638072507714,1.6473097273097272,0.35470492470492476,0.3290557590557591,-0.02717948717948704,-0.014497354497354342,0.003,0.06675407407407408,42395660.058406815,19820959.48569141
R6:parametric:-0.2,1.6495970695970696,1.652820512820513,231.11176330078095,39.34037785891583,54.01003697544426,298.06909734925557,4.467820280450171,54.42044073799118,299.02745253008095,-4.626436409261483,54.79960954341995,294.0487229942913,-24.040178540446675,58.34012420431673,239.63457006210868,-76.21481367475965,61.63724048486294,1.6495970695970699,0.30725274725274754,0.2842735042735043,-0.023369963369963553,-0.012576312576312754,0.003,0.057744468864468865,35358296.74536398,16259658.490709184
R6:parametric:-0.1,1.6532234432234434,1.6504029304029304,221.6818644891232,39.184615938568086,54.63866687453481,285.9649041793303,4.423622149595105,54.48144346658101,286.7602198547967,-4.657220345684034,55.41411121307958,282.26081935480124,-24.285436367452675,55.91501615109963,228.58919826777213,-76.5673344415818,60.16028976888508,1.6531420431420432,0.2949247049247048,0.27284086284086295,-0.022283272283272426,-0.011912901912902063,0.003,0.05540127798127795,33155308.210179776,17150834.468656886
R6:parametric:-0.05,1.6536263736263737,1.6495970695970696,217.4784980432501,39.17259993602249,52.990694051186466,280.5005276827326,4.4406680646894525,53.2411417864159,281.25352547362877,-4.6872465956233835,53.82046572713611,276.0947882984344,-24.30148955746809,55.07061759383775,224.3918387733366,-76.49044398916007,58.2186424967417,1.6534391534391535,0.2885551485551483,0.26727716727716744,-0.02123728123728119,-0.01177859177859153,0.003,0.05432728530728531,36439472.026927784,17009542.358705882
R6:parametric:+0.05,1.6463736263736264,1.6495970695970696,208.88552183467488,39.14733986739339,53.0813501525293,269.9106481995943,4.452421194908266,53.29688126426238,270.4802151137046,-4.603747954187942,53.57154504153605,266.6397539670265,-24.04019851263347,55.627781969179956,218.58918037142467,-76.24545364759783,60.02585434269684,1.646145706145706,0.27859177859177864,0.25743589743589723,-0.02139194139194145,-0.01133089133089138,0.003,0.05228321530321537,33476349.52270077,15178612.862985492
R6:parametric:+0.1,1.6524175824175824,1.65,206.0543880240622,39.46179742739468,53.5585084163488,265.71443373169177,4.477574979357268,54.66853142303596,266.3531323436407,-4.620181032551243,55.30146168157973,261.95880386591557,-24.016576357088596,57.398823073591245,214.17683126561826,-76.52579490442126,61.53074387908551,1.6524420024420023,0.27363044363044353,0.2533740333740333,-0.021078551078551166,-0.011290191290191154,0.003,0.05149880341880351,31680906.807092234,15218264.519266551
R6:parametric:+0.2,1.6536263736263737,1.6483882783882784,198.86685811023315,39.29656849563362,54.58113112170858,256.28862792276533,4.452443354332255,54.5721081471402,256.90506390695225,-4.5972365230056855,55.19681696942342,253.3944990190559,-24.016454417131143,55.91165077658111,207.03977047240176,-76.46675499839228,60.457073606823485,1.653329263329263,0.26471713471713476,0.24445258445258455,-0.02067969067969111,-0.01050468050468023,0.003,0.04965600325600327,31180572.703492437,14531561.91054314
R6:parametric:+0.5,1.652820512820513,1.6487912087912089,180.95864405330155,39.36685996766448,53.36301062506008,233.81650673601547,4.462867477732329,53.75712348431622,234.3084385911159,-4.632241438440266,53.797378950644834,230.73770152668763,-24.082989010903866,55.886235360130186,187.81062857811943,-76.12652479347032,59.973589001820955,1.652804232804233,0.24115181115181128,0.22300773300773302,-0.01864061864061861,-0.00979242979242978,0.003,0.04532048840048844,28853034.2421939,13374804.815734748
R7:open,1.6487912087912089,1.6495970695970696,212.99440059393476,39.15777918615463,54.145406282868194,274.6177923034282,4.422215748078933,54.30308847581269,275.1979271195906,-4.574250662520257,56.656650541312594,271.57435431612225,-24.042687754594226,57.90806308775594,221.66134034781564,-76.31439246228439,63.43491186038955,1.6491819291819292,0.28385022385022385,0.26183964183964226,-0.0219780219780219,-0.011526251526251308,0.003,0.05319601139601139,31939527.702915914,14035473.095859611
R7:short,1.6447619047619049,1.6512087912087912,213.41574416208442,39.31867943414593,54.0913240471895,275.49299052127407,4.439804437166932,54.082657762473964,276.15121052602353,-4.606055069625274,54.83313831931106,272.31532122353894,-24.177011000807937,56.81123407115075,221.1409770541068,-76.47754006957926,61.74028458781683,1.6450549450549452,0.28498168498168486,0.2627269027269028,-0.022873422873422866,-0.011908831908831852,0.003,0.05341167277167278,31774443.02164093,15768722.072194561
R7:parametric:-0.5,1.6504029304029304,1.647985347985348,212.82047262086868,39.32786137134624,52.56939283368435,275.22822622708395,4.456040633023324,53.40239100268286,275.98429032677836,-4.636393550752386,54.58796477161425,271.99639540337586,-24.1658013979074,56.27693354518552,220.7326181244196,-76.41586727575563,61.07853962236146,1.6505657305657306,0.283964183964184,0.2626048026048029,-0.021864061864061757,-0.011485551485551193,0.003,0.05336055352055351,34609343.12531352,15870586.172519064
R7:parametric:-0.2,1.6423443223443224,1.6495970695970696,212.90425068631717,39.314875212748156,51.55545716333069,274.6151301487918,4.443837140559209,52.12795954684505,275.3965661639635,-4.5978036946557195,53.712518490070956,271.60999540847587,-24.119829441493142,55.64117486662275,220.68511442442622,-76.39520225277069,60.405032230249844,1.6423361823361822,0.283247863247863,0.2619943019943023,-0.021953601953601964,-0.011583231583231157,0.003,0.05324787952787957,32975290.63497565,15254823.435875263
R7:parametric:-0.1,1.6504029304029304,1.6487912087912089,213.34196079583722,39.226702944422016,53.27379961685983,275.1390940863746,4.444188501290132,54.66053809167552,275.8515238148856,-4.581108505942187,55.159438955614604,271.8577091812227,-23.889184056157873,56.04327711967507,222.99704955901979,-75.8608829834079,61.472816334989155,1.6503174603174602,0.28389499389499384,0.2621937321937321,-0.022022792022791893,-0.01146113146113148,0.003,0.05329642653642652,32842738.33689609,15422013.910219904
R7:parametric:-0.05,1.6463736263736264,1.6467765567765569,213.4857751654394,39.13972609579345,53.890015853598,275.57701489431827,4.437844246421438,53.89325673931833,276.3151030642359,-4.634337681534085,54.87331373521217,271.7076679524077,-24.201351192191762,55.45784895490423,221.21578064153644,-76.44255098896973,59.03970934007451,1.6461701261701263,0.2838217338217336,0.26249491249491264,-0.02189255189255168,-0.011400081400081308,0.003,0.05340655677655677,33162511.69607414,15991945.0808876
R7:parametric:+0.05,1.6544322344322344,1.6512087912087912,213.89580451506842,39.10584866388284,55.11921959566069,275.3709538469049,4.413620960862259,55.3741890061509,276.0456717781592,-4.637919452343162,56.56017393793906,271.6846774191877,-24.070510992492594,56.73200761846015,222.26577789537447,-76.43330799899643,60.959172591613815,1.654220594220594,0.2842205942205943,0.2628693528693531,-0.021766381766381793,-0.011652421652421419,0.003,0.053385742775742796,34323282.294288784,15741258.536792632
R7:parametric:+0.1,1.6536263736263737,1.6512087912087912,214.35767775001045,39.198870721715046,54.10402588961378,275.4593252583168,4.437159251057742,54.36034735879741,276.118647804391,-4.623886091922603,54.34543488772756,271.81401833667456,-24.11855818417077,56.58990629324081,221.48432525203165,-76.40793533437767,60.74715870258082,1.6540822140822138,0.2843467643467641,0.26248270248270233,-0.022132682132682158,-0.011583231583231157,0.003,0.053412047212047176,33683007.05551718,15974976.123543285
R7:parametric:+0.2,1.6552380952380952,1.6491941391941394,213.86132113091983,39.31315965519695,52.509854097142835,275.5111539121309,4.447876972969162,53.47645966865263,276.34796926495915,-4.641270165191611,54.10520188201601,272.28995246767624,-24.199003654456753,55.58679389953759,221.22677929125408,-76.51781597462278,59.2911140198939,1.655095645095645,0.2843019943019943,0.26304436304436296,-0.02157916157916151,-0.011542531542531709,0.003,0.0534111721611721,33675401.83917688,15609607.319132585
R7:parametric:+0.5,1.6467765567765569,1.6491941391941394,214.11011034227732,39.10253940569708,54.538944040675034,275.6165064705992,4.431606974595603,56.15904661241139,276.27516994535074,-4.602428550159076,56.107471493571325,272.33595092528554,-24.008580769333967,57.51746581565587,222.33611768592678,-76.14011267824625,63.99716204613327,1.6467724867724867,0.28464387464387453,0.2625396825396825,-0.022153032153032215,-0.011554741554741454,0.003,0.053403487993487986,31615828.17354531,15070438.820784315
R8:open,1.6504029304029304,1.6532234432234434,213.69258641339394,39.2052072382089,52.408356880295244,274.9829476727499,4.434998277791973,52.71296102011734,275.68061109753523,-4.664068417146918,53.66896460119571,271.4257567335051,-24.41512702706146,56.5213053510959,219.13696512263277,-76.77237001436265,61.32885905918421,1.6504884004884004,0.2835693935693935,0.2624582824582826,-0.021200651200651066,-0.011697191697191744,0.003,0.053270565730565746,33969088.588129416,15792971.098373637
R8:short,1.6495970695970696,1.6512087912087912,213.26236415967026,39.245741159735374,52.46764579176251,274.8160496580245,4.434528815369318,53.18349641482686,275.41539235897324,-4.639993317462549,54.448536415700545,271.5059620752307,-24.11457560281829,56.06392821998308,220.94082075175442,-76.53388742702421,59.39445131193963,1.6496866096866096,0.28397232397232375,0.2620187220187222,-0.02177452177452155,-0.011534391534391508,0.003,0.05323071225071224,33680095.97973659,16059017.862726176
R8:parametric:-0.5,1.6512087912087912,1.6495970695970696,213.0319504953106,39.46652407028178,53.3419664782307,275.7603866203658,4.481848880444382,54.008794026615035,276.4059395651256,-4.579192667288413,55.232798697198895,272.2366177707515,-24.10081591249164,57.13670539002631,221.90896379389676,-76.63461445071641,60.75001307626199,1.6514367114367117,0.2842897842897838,0.2627187627187628,-0.0222466422466423,-0.011656491656491852,0.003,0.05341347171347175,32970836.832772832,16000349.545892434
R8:parametric:-0.2,1.647985347985348,1.652014652014652,212.9898223126106,39.29975503655727,50.17957237312886,275.1525936563917,4.4446986053516735,50.40959411545172,275.74692078578016,-4.642147959088083,52.22762570445725,271.7547685416198,-24.187781106805886,56.06871118822936,220.54807003475474,-76.43014560672947,59.88723458997843,1.6479202279202276,0.2835205535205534,0.26243793243793245,-0.021473341473341456,-0.011571021571021523,0.003,0.05330917378917369,34343329.820744455,15921261.703244764
R8:parametric:-0.1,1.6495970695970696,1.6504029304029304,214.11995949149681,39.207643558260976,55.63239791990946,275.6193329591265,4.441730516599439,55.518232834147184,276.32548052811825,-4.640284647323617,56.39909703623523,271.89283572485726,-24.278370062669623,57.650015344470674,220.75918654111985,-76.69091348446018,61.905419690153714,1.6495238095238094,0.28409442409442454,0.2625885225885227,-0.021823361823361864,-0.011526251526251752,0.003,0.053428294668294594,31426714.616864614,15874594.009859
R8:parametric:-0.05,1.6471794871794871,1.652820512820513,213.02122236590884,39.42113001341498,50.6709707946911,274.81147588830476,4.470254458668,51.36289622409072,275.4603627246639,-4.6224968448902555,52.072270309661604,270.924729472656,-24.076670040121602,55.08216635037723,221.89556989427393,-76.29540957360435,58.882525628842046,1.6473585673585673,0.282987382987383,0.261473341473341,-0.02219780219780243,-0.011591371591371136,0.003,0.053235392755392796,35186904.35909828,16123602.018272525
R8:parametric:+0.05,1.6455677655677656,1.6487912087912089,213.3997188091754,39.1935140173436,53.035234793827875,275.37046969146144,4.437517324089694,53.531233749266576,276.13250970438264,-4.628294382499334,54.19897682432264,271.81591442194605,-24.325269329702458,55.556041318455854,219.69845306131367,-76.55645876237087,58.93481208434679,1.6457468457468458,0.28385022385022396,0.2623361823361825,-0.021697191697191642,-0.01138380138380124,0.003,0.053362836792836876,32372757.014778674,15814871.8896402
R8:parametric:+0.1,1.6495970695970696,1.6487912087912089,213.17848286211995,39.35929443838535,53.35493991555653,275.41361836183756,4.461517330224056,53.38083805271579,276.03488054386105,-4.613682129412438,53.836169299472665,271.9926694620985,-24.03312552728222,56.917696765516865,221.25176462148647,-76.14462057098005,61.784234547020766,1.6496866096866096,0.28388278388278376,0.26288156288156284,-0.02157102157102142,-0.011542531542531709,0.003,0.05333951159951155,34320592.127015755,16052205.80760131
R8:parametric:+0.2,1.6451648351648354,1.647985347985348,213.09612617432754,39.25038050576477,54.12952511691224,274.9253326701106,4.429628342295453,54.542035183705366,275.54330974622684,-4.664102618981705,56.3191590543293,271.05812104546783,-24.146291166305893,56.13948632988557,221.29350872658486,-76.55157000397361,59.84953469774858,1.6451119251119253,0.28326414326414306,0.2621164021164024,-0.021343101343101356,-0.011530321530321519,0.003,0.05328571021571016,32802400.451358065,16482189.012280218
R8:parametric:+0.5,1.6504029304029304,1.6504029304029304,213.49066843422773,39.37367134017522,52.31656478269083,275.6357629223369,4.463923979463354,52.44821182861199,276.2076794156901,-4.594722314071299,54.04787702036724,272.41956615084723,-24.00778898624631,56.06982208486055,222.50115891386815,-76.06089955034821,60.557276031156064,1.65008547008547,0.28428978428978424,0.2625315425315422,-0.022132682132682158,-0.011672771672771809,0.003,0.053402189662189625,30947790.751026556,15225913.625225246
C4:open,1.6447619047619049,1.6512087912087912,213.44591388413227,39.5085478873554,52.91781389555912,275.59431984954114,4.4669945283419095,53.63453630061501,276.2425579620716,-4.594874167741864,55.30116540894292,272.2784543509565,-23.911247613135643,57.836159097498275,223.2460742744077,-75.81817376918146,63.41083921768391,1.644566544566545,0.2840537240537242,0.26341066341066344,-0.02245828245828263,-0.011973951973952124,0.003,0.05344083028083031,32349664.0673616,14979588.901864827
C4:short,1.6463736263736264,1.6504029304029304,213.5761738667461,39.186340545513616,52.893973827817234,276.10735063240395,4.443811610669028,53.3753063043423,276.78911571631903,-4.6496274286110975,54.353201819617084,272.6031779838988,-24.13778471854939,55.37472901419747,221.98909352370944,-76.16512254211587,58.55389994282521,1.6461212861212857,0.28462352462352447,0.26329670329670285,-0.021473341473342122,-0.011632071632071472,0.003,0.053511859991860006,32500976.780668933,16452395.86605715
C4:parametric:-0.5,1.6495970695970696,1.6495970695970696,213.23826432167243,39.198019432867675,52.4889288629673,275.54808547063976,4.45043524216373,53.06597666704354,276.11881998984313,-4.593331299706457,54.14172981153037,271.9066465175925,-24.024975611500285,56.40079507983336,222.47199733993276,-76.15636726755588,60.80655215916801,1.6497191697191693,0.284599104599105,0.26283272283272296,-0.022140822140822358,-0.011452991452991501,0.003,0.05339750101750101,34316280.10119876,15302400.897467786
C4:parametric:-0.2,1.6512087912087912,1.6487912087912089,214.06712119724418,39.24814062434406,52.79788364517074,275.3891436121491,4.4419958198492315,53.519079223125175,276.1216613194304,-4.6230830516571135,53.96055526012219,272.37340046103134,-24.116428805762347,55.90359426724007,221.4623891798853,-76.47523229850198,61.02792302011543,1.650972730972731,0.28422466422466397,0.26265364265364255,-0.02200244200244228,-0.01158323158323138,0.003,0.05338721204721212,33116161.919362374,15653448.324174728
C4:parametric:-0.1,1.6487912087912089,1.6504029304029304,213.73845479991488,39.22735731153727,52.795614884793586,275.3459860456409,4.432050038544854,53.18093365394526,275.9751272701675,-4.627979798201192,53.28805192818743,271.60295869314496,-24.188195719962252,55.94890346390223,221.18516167394787,-76.46394326268907,59.37466179955723,1.6486284086284086,0.2842816442816436,0.2624582824582826,-0.021261701261701127,-0.011632071632071472,0.003,0.05335575905575903,32751312.761641074,15409861.032953585
C4:parametric:-0.05,1.654029304029304,1.6504029304029304,213.86907300463056,39.24845550366315,52.070219280081936,275.0986017152927,4.438807056731214,52.711474259226215,275.7848154973826,-4.59654483891314,53.57240085097955,271.3115418225168,-24.036681416352742,55.3198042185176,221.992436737293,-75.99290575016963,60.6395060416241,1.6538746438746434,0.28358974358974365,0.26225071225071217,-0.021839641839642043,-0.011538461538461497,0.003,0.053293435083435044,34798333.83095932,15464646.54489913
C4:parametric:+0.05,1.6471794871794871,1.6495970695970696,213.8805362397588,39.22998151067236,55.15436581952791,275.48900552278354,4.431460111266876,55.76827164202121,276.127229133091,-4.64824159643438,56.46652649007532,272.30975512812324,-24.182751286251165,57.78415189389237,221.70629166254744,-76.37726174009885,59.6666669272002,1.6471876271876271,0.28456654456654484,0.2628978428978428,-0.021847781847782022,-0.011542531542531487,0.003,0.053401017501017486,32544904.763950568,16041883.981280038
C4:parametric:+0.1,1.6483882783882784,1.65,213.09245953635806,39.23451333874421,54.06091312278548,274.97639748657673,4.469262430896196,54.76086419277846,275.61095986431565,-4.599379500632857,55.54018261711653,271.9952192111654,-24.056169935032074,57.23558776031295,222.32920117746187,-75.9936788650522,61.908621325170074,1.6484167684167685,0.2840903540903542,0.2623239723239723,-0.021831501831501843,-0.011575091575091623,0.003,0.05330103378103381,33450104.910750803,15704827.128975447
C4:parametric:+0.2,1.6504029304029304,1.6495970695970696,213.1104911459407,39.29043520913847,52.083757744060684,274.78629828075583,4.442773747587575,52.915278352543574,275.697889140889,-4.608313027340975,54.90755268919958,271.44064555728596,-24.19264571581986,56.78397726056836,220.17288180350187,-76.40487644785144,60.61874027906142,1.65005291005291,0.28361416361416336,0.26191290191290206,-0.021717541717541478,-0.011509971509971573,0.003,0.053252478632478714,32226759.768664416,16105355.547254877
C4:parametric:+0.5,1.6516117216117214,1.6487912087912089,212.32728840455064,39.344592680989834,53.22925433712367,274.9445634669499,4.4655408476621155,53.58814312519079,275.71803541964994,-4.614084897079473,54.67131841178914,271.91849020188585,-24.07289648738176,56.6225489751361,222.3597291422269,-76.43756344151784,59.96626526094427,1.6515832315832317,0.28363451363451364,0.261900691900692,-0.021941391941391997,-0.011452991452991168,0.003,0.05325922262922262,33976609.926981546,15719864.784320954
C4:cap_degradation:+0.2,1.6495970695970696,1.6504029304029304,213.93365218730418,39.1046587106208,51.94582493780428,275.4545139873341,4.4100530988730995,51.936121658869354,276.1609694753083,-4.617592812139127,53.9781748365821,271.9516604489847,-24.13038877125126,56.17306288956571,221.5640364414724,-76.43200162345639,61.31819725357957,1.6499185999185997,0.28429385429385445,0.26240944240944264,-0.0217256817256819,-0.011575091575091512,0.003,0.053389837199837205,34003015.780783914,16313589.097193856
C4:cap_degradation:+0.5,1.6512087912087912,1.6495970695970696,213.67814999959154,39.121814407094895,51.82943438230386,275.6719063081334,4.431089641504721,52.389210291011906,276.29660789371263,-4.63440097955265,53.70958318362685,271.7397992032961,-24.14912694505568,55.89609073458778,221.5557537567827,-76.30135493536758,59.49079861977583,1.6509808709808707,0.2840048840048841,0.26271062271062284,-0.021432641432641786,-0.011396011396011652,0.003,0.053432421652421624,33380711.293362577,16174924.23934293
R9:open,1.652820512820513,1.6504029304029304,213.03493974189504,39.296772201168935,55.75388467588769,274.5805430021657,4.453188113400695,55.971992648171344,275.30369516041304,-4.637520334463644,59.44463425848289,271.43280774164316,-24.144552724393392,72.3990022529624,220.60648996437226,-76.53928204806442,89.89931081534098,1.6532763532763535,0.28367928367928386,0.2618803418803419,-0.021815221815221664,-0.011550671550671687,0.003,0.05323116809116817,31804363.948898576,15776256.285181994
R9:short,1.6471794871794871,1.6495970695970696,213.48391628983882,39.41694048927942,51.68670395688444,275.1853285316874,4.473043124133924,52.583851947004405,275.92188425589933,-4.595218168729286,53.827995843128534,271.7312950576471,-24.023985207975702,56.0314009447871,220.80765029851267,-76.54411722614246,60.35026962586096,1.646902726902727,0.2840293040293038,0.2622710622710622,-0.02153032153032175,-0.011623931623931716,0.003,0.05333814407814406,34893119.17525735,16692339.712212112
R9:parametric:-0.5,1.6455677655677656,1.6487912087912089,213.62069075821128,39.15540359676022,52.313552552944756,275.04207757388696,4.41954641247372,52.746969072462846,275.78847218921027,-4.618626642028215,53.71168325706991,271.7087175237654,-24.063295180981125,57.348068157658254,221.1270003560544,-76.56284913561687,62.79124655278978,1.645860805860806,0.2839234839234843,0.26223850223850254,-0.021880341880341936,-0.011371591371591272,0.003,0.05327068783068779,33416965.158348415,15105262.575447518
R9:parametric:-0.2,1.652820512820513,1.6512087912087912,213.61359680868563,39.10444539094318,54.95476800542569,275.2536529804772,4.415235974733243,55.526604722922556,275.89673847087107,-4.609523035235437,55.60709835028068,272.1507429125601,-24.147513171313484,56.43134528469929,222.07122258256604,-76.44384079752831,60.21696838178326,1.6527065527065528,0.28439153439153464,0.26282865282865286,-0.0217134717134716,-0.011636141636141684,0.003,0.05335003663003659,33834825.45056833,16024951.586873692
R9:parametric:-0.1,1.6475824175824174,1.6483882783882784,213.36501907118836,39.2798738833212,50.42081580071812,274.96415676459236,4.4515282931595355,51.00413390595833,275.63950858236,-4.584023892242774,53.41752135661572,271.6561766415878,-24.05663058027009,56.466753797730654,221.75355518131278,-76.14059273086642,61.74713274150234,1.6476312576312577,0.2837037037037037,0.26203907203907195,-0.02183964183964182,-0.011416361416361487,0.003,0.053315360195360206,34636919.59326594,15268250.951902421
R9:parametric:-0.05,1.6495970695970696,1.6471794871794871,213.70868808958042,39.21590263340822,54.54271750212315,275.1597617896094,4.443216358420143,53.77520752012839,275.68220402740894,-4.6173195109637515,55.4645904329251,271.8586746519229,-24.20356992017926,55.16249826805384,221.01476576640266,-76.59886869065622,60.22215884066876,1.64985754985755,0.2840537240537242,0.2624338624338626,-0.021762311762312025,-0.01165649165649163,0.003,0.053341111111111096,31417619.019847915,16131433.791330528
R9:parametric:+0.05,1.6487912087912089,1.6536263736263737,213.8559703723044,39.23795848790637,53.93594086308615,275.51798890837847,4.441896353376671,54.23066681381497,276.3245394576945,-4.626801798081807,55.637634284635716,271.6625117495431,-24.2104252686634,57.386161822619755,221.07424333872672,-76.53975128257039,61.47673911572183,1.648774928774929,0.283968253968254,0.2626373626373627,-0.021339031339031256,-0.011542531542531598,0.003,0.0534007081807082,32796330.62292579,15759419.261375863
R9:parametric:+0.1,1.6487912087912089,1.6512087912087912,212.83355836126853,39.47113005915942,52.454286154140355,275.20511574275906,4.474577503718266,53.91527256680067,275.89352987860195,-4.591585708361511,55.43336059617016,271.8469078526915,-24.011333181853978,58.18277934067019,221.98913391944382,-76.08890829546644,63.14794694827693,1.6491493691493695,0.2836385836385835,0.2619861619861621,-0.02190476190476187,-0.01159137159137158,0.003,0.05329838013838013,33391738.471000545,15035461.49759074
R9:parametric:+0.2,1.652014652014652,1.6471794871794871,213.30851714570673,39.23109672690647,53.12622828121873,275.1873241746764,4.4389694586947686,53.64174878703969,275.76470368719504,-4.633689070002483,54.41815462522052,271.118482961776,-24.076301372924405,55.59524295679074,221.80313797711997,-76.24728062366279,59.33487149661737,1.6521123321123323,0.2836711436711439,0.261937321937322,-0.021855921855922,-0.011501831501831816,0.003,0.05330879120879124,34041068.021905094,16014653.499660708
R9:parametric:+0.5,1.650805860805861,1.6504029304029304,213.2322448137244,39.27833038657069,52.715621801537225,274.87191979162196,4.447967430012071,52.70942271502658,275.41819844922156,-4.626441924814211,54.41520868445829,271.17518191016416,-24.005977341179758,55.66519187361648,221.44958416578953,-76.10990628977896,59.14542790171406,1.6507326007326006,0.2832153032153033,0.26195360195360207,-0.021603581603581667,-0.01157916157916139,0.003,0.05325453805453807,33630325.676615626,16454297.562294116
C5:open,1.6512087912087912,1.6463736263736264,1.0600301984741907,0.3734023077149897,53.135397028091134,1.0665163084708291,-0.4036961608782649,54.55599988143795,1.0643102986611608,-5.2230765128483325,53.83706773539699,1.0522187354899646,-24.34074634622788,55.726795315793524,0.8608332262810036,-76.35118812233472,60.74586650467179,1.651070411070411,0.0037851037851035496,0.0011803011803015462,-0.00306064306064302,0.00023606023606026483,0.048,0.00021596255596253666,126055.10519389831,59201.068296979705
C5:short,1.8123809523809524,1.6512087912087912,274.6140428747161,-0.02432430987475912,51.05800578354927,275.0743573836302,-0.24418632151403408,51.92066812120745,274.7201613042635,-4.8525565681002565,52.909595489590025,270.47209591717876,-24.25233172668751,55.22031731860668,218.87165813509526,-76.44413520101465,57.85799151352877,1.8125152625152623,0.2816564916564914,0.27405779405779407,-0.006581196581196269,-0.0001953601953598727,0.003,0.05435441188441194,30588579.23002754,14584190.102751032
C5:parametric:-0.5,1.6536263736263737,1.6512087912087912,143.17086202429869,58.76001003501108,53.58019047370352,272.7718946448024,9.117987380002088,53.56861267969407,276.1213522057808,-4.346992962949464,53.94252855439034,272.3606284094171,-23.931736082708994,56.00867219806139,222.8673908907725,-76.12783310186339,61.250918431540185,1.6536752136752133,0.28419210419210394,0.24927146927146915,-0.03528693528693527,-0.018823768823769016,0.003,0.0520506349206349,33661338.03268713,15305840.392217048
C5:parametric:-0.2,1.6463736263736264,1.6471794871794871,192.79136119020114,45.737169399535276,54.52217580120565,274.8185764638309,5.633214889449787,54.672101592055355,276.09846168237516,-4.5538676336484505,55.37637503889815,271.96254309367407,-24.105274507162324,56.62871974645715,221.66124276286752,-76.43795761507083,60.03524441264287,1.646316646316646,0.2839316239316241,0.25952787952787926,-0.02518518518518542,-0.013715913715913741,0.003,0.05302396418396421,31874568.945015043,16015619.654624438
C5:parametric:-0.1,1.647985347985348,1.652014652014652,204.08134611370062,42.31348697189635,54.85678394056968,274.9781696610421,4.987283450306046,54.82219445063812,275.8586951424876,-4.594250889771967,56.73156554821223,272.15816328764504,-23.9727733308733,56.86409684599762,222.87049233737582,-76.353215943753,60.62249461661977,1.6480179080179083,0.2845909645909648,0.260895400895401,-0.023247863247862988,-0.012560032560032797,0.003,0.05318772486772481,34489113.836490594,16395726.68655451
C5:parametric:-0.05,1.652014652014652,1.6504029304029304,209.5232584723892,40.630009989957145,52.2174506268843,275.29784277830544,4.670808082818115,52.568344113257204,276.21989209515726,-4.578589649589242,53.55452992199454,272.0688940304049,-23.97590195918659,56.24829868069681,222.1728206389538,-76.12785377770604,60.936892054978145,1.652030932030932,0.28443630443630474,0.26203500203500196,-0.022726902726902587,-0.012014652014652238,0.003,0.053337134717134714,32845885.55390106,16604533.28406626
C5:parametric:+0.05,1.6504029304029304,1.650805860805861,217.49360340919014,37.775675815614434,53.81657728425523,275.09429769028975,4.206107563290173,54.27572964791314,275.6705054845128,-4.642821224520956,54.653424789062356,271.37204080938966,-24.04596838879433,56.236582231207066,221.85820337267702,-76.51326117233367,62.03971171580322,1.6505331705331707,0.2836630036630037,0.26295075295075265,-0.021485551485551757,-0.011111111111111405,0.003,0.05335647537647539,33164836.6094977,15621774.503086694
C5:parametric:+0.1,1.652014652014652,1.647985347985348,221.49411530647748,36.40094374805756,54.746253496347485,275.1879079584655,3.9949519708035455,54.76192188489931,275.8815587598338,-4.622554256457549,55.06684265274473,271.5684096813113,-24.02161528528193,57.28199023887012,222.663357719988,-76.05914059914244,61.0543855949866,1.6516890516890521,0.283801383801384,0.2631257631257631,-0.020708180708180368,-0.010866910866910828,0.003,0.05345697191697195,31209205.07981206,15128447.45760461
C5:parametric:+0.2,1.6512087912087912,1.6512087912087912,227.8311614865148,34.30944189777889,51.728013444486905,276.02662382413297,3.677024950884594,54.75729814669549,276.3536680221933,-4.610313161257927,55.07774300674092,272.22582189849953,-23.92313328703962,56.448159570150565,222.58467375430513,-75.93341078091146,61.32921056812216,1.6510541310541307,0.28446886446886466,0.26498168498168484,-0.020146520146520075,-0.010207570207570571,0.003,0.053663614163614114,33441726.34713604,15754567.4348447
C5:parametric:+0.5,1.6487912087912089,1.6483882783882784,242.05969762708602,28.587881814924586,53.66595924740038,275.704775273364,2.8840502957318925,55.00235757310871,275.80364515844815,-4.715811581984745,55.29109512536522,271.6599112175075,-24.131536197292455,55.15968609189895,221.61358558434642,-76.27443326884661,60.556967181655935,1.6488115588115588,0.283886853886854,0.26703703703703696,-0.01704924704924704,-0.008245828245828202,0.003,0.05377341880341881,33989259.404952936,15898614.752001893
C5:cap_degradation:+0.2,1.652820512820513,1.65,192.06644979099252,45.84616434084525,52.24924034550658,274.4600685231564,5.63744673146544,52.4547683687654,275.65709812306034,-4.579608399186021,54.047479096694204,271.4755890278128,-24.089091871263467,55.96541618625784,221.44800889135593,-76.32591101238386,60.43835137372645,1.6528205128205127,0.28365486365486337,0.2588563288563289,-0.024745624745624584,-0.013622303622303655,0.003,0.05295664224664226,35282001.08273153,15793921.743045766
C5:cap_degradation:+0.5,1.6576556776556777,1.652820512820513,144.05402701590072,58.471704065155066,51.43261176417843,272.49480399146023,9.027137353550657,51.84602555704215,275.91169541229317,-4.382746827446242,52.30477870988504,271.87790428514967,-23.987332900435945,55.25093386976434,221.95998300198403,-76.14203157923208,59.96558588534593,1.6574440374440376,0.2843915343915344,0.249120879120879,-0.03516076516076505,-0.018612128612128687,0.003,0.05203005698005701,34896932.396145225,15441885.944300506
R10:open,1.6467765567765569,1.6495970695970696,276.4184360664633,0.15987806654006737,54.71069308115713,276.7869501234927,-0.22152216904054411,55.358677680876795,276.6227504423913,-4.860734596043839,56.74938464525901,272.7037802148985,-24.17233115818074,58.155961410067,221.60160219145914,-76.3094756728438,61.42921996206734,1.646687016687017,0.28511192511192507,0.2766788766788768,-0.007940577940578009,-3.256003256002504e-05,0.003,0.05480548636548635,32509372.44027306,15725660.632167064
R10:short,1.6487912087912089,1.6487912087912089,0.026766631100624598,90.93037038012939,38.9398342174301,0.029399621523874993,93.81882659950395,40.17854641847069,0.03154901985800147,85.58051693051398,39.6325710364504,0.08764501028168009,69.10516947482014,48.654191182283746,0.2215867141587719,13.209659078729182,56.53148845665541,1.6488563288563292,0.002718762718763257,0.00017908017908019325,-0.0031094831094835573,8.14000814000071e-05,0.056,-1.8152218151790135e-06,27524.53269734546,30170.64374557954
R10:parametric:-0.5,1.6471794871794871,1.6495970695970696,144.04364572548087,58.38504348722653,53.02420671456665,272.66958555812244,9.017596235743774,53.82769871677198,275.88204111208006,-4.421336802609948,53.487586154038084,271.67764077857976,-24.144703148102145,55.80794343205952,220.73589813876615,-76.14058220070177,60.04848817057665,1.647061457061457,0.2834554334554332,0.24977614977614981,-0.03458282458282458,-0.018831908831908772,0.003,0.05202794057794055,35351713.483611465,15847589.60986285
R10:parametric:-0.2,1.652014652014652,1.6516117216117214,192.62866457659203,45.582639417004046,52.69632061991375,274.7518718428885,5.600682491847713,53.14715018504468,276.0117276653724,-4.575274228432818,53.843604406501974,271.7125443573897,-24.042711345554494,55.339807614856014,221.74036379563512,-76.17940956237246,59.19660003036422,1.6524704924704925,0.28404558404558433,0.2588970288970286,-0.024924704924704888,-0.013614163614163677,0.003,0.05301588929588935,34607248.09227264,16019955.361941317
R10:parametric:-0.1,1.6495970695970696,1.647985347985348,204.17683021455255,42.22398950877127,53.20665892608733,274.8710087659854,4.95106094743183,53.23006539078392,275.7592589778277,-4.6030829129981985,54.191762329229185,271.4390938053037,-24.033433564018868,56.651699085322434,221.95680608817165,-76.27725939247652,60.76525153264653,1.6496947496947498,0.2833862433862435,0.2607163207163208,-0.023508343508343854,-0.012405372405372317,0.003,0.05313264143264154,35855916.53535619,15447956.005197704
R10:parametric:-0.05,1.647985347985348,1.652820512820513,208.72003805073516,40.894073727547564,54.27710291374956,275.5730196879534,4.7132535659176575,55.16504303680344,276.37857077585744,-4.592107280730546,55.56816023319108,271.9072060823821,-24.069728806381285,56.55612741416058,221.76007287668236,-75.96803350027494,59.48085286449889,1.6484004884004888,0.2841921041921043,0.26196988196988213,-0.02257224257224255,-0.012006512006511816,0.003,0.05333628815628812,32789251.217888404,17044842.119421158
R10:parametric:+0.05,1.6463736263736264,1.6495970695970696,217.5704728770907,37.82025048190776,53.536547463851306,275.2803121478239,4.202113318050045,53.53943726055612,275.92806054143375,-4.663235233434478,53.819718484578146,271.2214699136897,-24.234907658707904,55.44782908129213,220.4548578346624,-76.66644661609553,59.507502936288226,1.6461050061050062,0.2833455433455434,0.2633374033374032,-0.020960520960520812,-0.010989010989010728,0.003,0.05337224257224255,34467577.242986456,16181174.759016505
R10:parametric:+0.1,1.6439560439560439,1.6471794871794871,221.40756511431343,36.55110212178123,53.31405847825489,275.839170924797,4.015974783722866,53.88843880561129,276.44720058693747,-4.636959851650879,55.392537522708835,272.3941917413435,-24.121048658721747,56.5891846092383,220.9637012303589,-76.21465285944706,59.90911486294828,1.6440293040293041,0.2848270248270247,0.26385429385429393,-0.020687830687830422,-0.010691900691900957,0.003,0.05354211640211634,31659381.781134464,15270352.28987747
R10:parametric:+0.2,1.65,1.647985347985348,227.86960961245364,34.211874153865445,51.67632938637631,275.7676066868496,3.656617226044723,53.03480807519969,276.158908046852,-4.600105380859883,53.70351509691726,272.2570718832496,-23.913718971018696,56.35231545852707,222.5606783376453,-75.88705191618622,60.19347650186706,1.64992673992674,0.2844932844932846,0.2645258445258444,-0.01972730972730974,-0.010162800162799912,0.003,0.05360051689051687,33016750.83500167,15302712.114827197
R10:parametric:+0.5,1.647985347985348,1.6524175824175824,241.7503124588721,28.643322059384342,54.781059020039976,275.84540957303443,2.9014605292254547,54.80097371123096,275.96960567278654,-4.647742652904567,55.626776200231234,271.7355181916241,-24.01883680564955,58.86613725362498,222.2079900378439,-76.12584429454797,62.20382435078285,1.647912087912088,0.28391534391534345,0.2668986568986569,-0.017895807895808025,-0.008319088319088008,0.003,0.053816768416768496,32278944.97024516,15219519.0253292
R11:open,1.6495970695970696,1.647985347985348,3.0974511377512313,39.20267476313187,54.82185238395475,3.999839546830409,4.316421614598167,55.268595421168996,4.000229687164903,-4.460607815897867,55.45163255602837,3.9447487770335705,-23.86722206205517,57.350277506639856,3.213325397170507,-75.90039807826987,62.52422905032665,1.6493284493284497,0.006682946682946556,0.00387057387057399,-0.0033211233211233315,-0.00014652014652027923,0.044,0.0007731339031339053,472152.226453951,237474.28962446554
R11:short,0.9682417582417583,1.6463736263736264,0.03148852051827171,39.208874079794015,40.86567052802611,0.03222873679780952,2.7580546183081975,40.422707890386576,0.031552279136458986,-18.015153099502598,39.656186940911596,0.028591234396323467,-10.459099743273208,38.09924985120426,0.03613949925001936,-78.7267542321328,41.51991531759993,0.9681277981277984,2.283520553520553,2.279491249491249,-0.003361823361823356,-0.00034188034188034275,0.003,0.4518060887260887,36718.04446396486,35886.04236383232
R11:parametric:-0.5,1.656849816849817,1.6483882783882784,423.7355597266496,39.274265270607934,52.320960159695844,545.7651173252822,4.449036029222899,52.681927441977635,547.4840375396267,-4.683741674885871,53.31887274728873,538.8030263390638,-24.338082334272954,54.88136602669572,438.8847687224489,-76.84253027639548,59.771872875354504,1.656890516890517,0.5623199023199021,0.5205860805860808,-0.04292226292226309,-0.02270655270655253,0.003,0.1057818640618641,68936913.41549459,32338309.552193858
R11:parametric:-0.2,1.652014652014652,1.6512087912087912,266.88438273657636,39.18044560931396,54.44419109063674,343.4680237376051,4.422008679953429,55.13850072880035,344.20072572363216,-4.641179083891402,56.09364689956831,338.83044554668356,-24.118543994872823,57.03905646514767,278.15243127117475,-76.24188200579694,61.80369276941781,1.6516890516890517,0.3543915343915347,0.32736670736670703,-0.026691086691086996,-0.0145136345136343,0.003,0.06652471306471304,40271854.517443486,19201399.878762577
R11:parametric:-0.1,1.645970695970696,1.6463736263736264,237.11421636263645,39.12199287242339,55.021447340489985,305.50473888373864,4.428931735361594,55.53984192842745,306.3172008085048,-4.641206181494402,56.00809382479592,301.39576910087715,-24.09646506486979,56.900649994579545,246.80250022765523,-76.18755719574945,60.888619550164805,1.6461823361823362,0.3148555148555149,0.2911477411477412,-0.02387057387057412,-0.01279609279609295,0.003,0.05922237281237276,36934127.748062,18281625.005137138
R11:parametric:-0.05,1.6504029304029304,1.6491941391941394,225.16744052479027,39.16378022221586,55.70136305745359,289.67015681420946,4.420478583374477,56.01873691890705,290.33662280843305,-4.653607582847873,56.854194489650524,286.29851742771655,-24.23123206422492,57.301535837681186,232.70027999470938,-76.66584674848131,59.41355623102422,1.6503296703296702,0.29875050875050857,0.2760195360195363,-0.023019943019943034,-0.012091982091982145,0.003,0.05611558811558806,33287426.58136687,16909173.037252426
R11:parametric:+0.05,1.647985347985348,1.6495970695970696,203.40824418989735,39.292952855195466,55.02576071902723,262.34493367681125,4.455908783856245,54.551977851659856,262.9481439744706,-4.580049736315675,55.83693946254401,258.9355028643647,-23.876090611795227,57.01044500801831,212.99287823611388,-75.94723803014142,60.920547469951856,1.6482539682539685,0.27116809116809115,0.24982498982499002,-0.021058201058200998,-0.011078551078550936,0.003,0.05083864875864882,31669078.329033248,15025996.43069171
R11:parametric:+0.1,1.647985347985348,1.6504029304029304,193.31410727892705,39.41732453155129,54.42638173581962,250.22135909080635,4.487412799018787,55.41553619519057,250.88637154849317,-4.629823823403167,55.34730011563398,247.22102787863838,-24.086018255111064,57.01149497283009,200.78283948983847,-76.19198854762405,62.162875614022454,1.647863247863248,0.25836385836385833,0.23832315832315798,-0.02021164021164057,-0.010508750508750442,0.003,0.04849420431420431,32301093.76051271,13901254.937484406
R11:parametric:+0.2,1.6512087912087912,1.6471794871794871,177.73250079473604,39.29461992255729,52.63660805522167,229.90858762232446,4.4403712813287495,53.1054166213223,230.35494814133392,-4.6208192064655105,54.150533175284146,226.8781740879389,-24.034190388268385,54.939852457867715,185.2669353714213,-75.9813502223745,59.45478537404314,1.6511558811558813,0.2371143671143674,0.21899063899063897,-0.018119658119657878,-0.009637769637769744,0.003,0.04454263736263735,29162954.34303234,13559938.983640555
R11:parametric:+0.5,1.6495970695970696,1.6487912087912089,143.91217542041187,39.137985165246974,51.81962948593328,185.27773173738902,4.431752754203035,51.899393139691924,185.62840714728048,-4.573451520706139,53.16068124044023,182.86736359112695,-23.810392238883335,56.054873233550346,149.791683745675,-75.58481105037848,61.321919829088046,1.6498738298738298,0.19141229141229132,0.1764753764753766,-0.014822954822954593,-0.00782254782254821,0.003,0.03591693935693937,21714928.46860769,10345432.444046644
R12:open,3.249230769230769,1.65,0.028216099898881616,37.95805628418041,38.79012200197403,0.03703810714794943,-0.5322956495338902,41.18422468326609,0.03136350481035326,-6.407589619659003,37.963162725385615,0.03586860807425242,-1.0680264598465765,42.20876599152067,0.029183230249826487,-24.959808761409132,40.000212882286434,3.2495645095645096,0.003569393569393231,0.0014611314611312487,-0.0033211233211234946,-0.0004639804639805234,0.004,3.533984533985168e-05,27621.467223095256,29229.41541522716
R12:short,1.6504029304029304,1.6512087912087912,3.093520359205031,39.28675492850969,52.8486386439924,3.995975413873087,4.41015486442409,53.629987066730315,4.010162997354822,-4.498043280982181,54.139858200029906,3.9368781677086213,-23.99818939191683,55.82209465464702,3.224160162018051,-76.29706791857362,60.11797858041486,1.6502564102564103,0.0066341066341065735,0.0037973137973138504,-0.0032763532763533387,-0.0001343101343099784,0.044,0.0007707855107855085,489758.84197624674,221588.6148049029
R12:parametric:-0.5,1.652014652014652,1.647985347985348,108.14128128233185,39.055579041438435,54.225004549224856,139.55463164214538,4.4391409153450505,54.95195596985747,139.91867416297464,-4.534003602155851,56.59279093803165,137.94349557443041,-23.86735708408112,57.36721318306124,112.39698769150279,-75.83875269452258,60.270404538322026,1.6518274318274317,0.14423687423687426,0.13308506308506318,-0.011469271469271458,-0.005848595848595872,0.003,0.0270403459503459,15910916.239025563,7737778.751899509
R12:parametric:-0.2,1.6487912087912089,1.6504029304029304,170.9456450583317,39.352205745567844,52.54002793164812,220.76060768559353,4.457314221419444,53.104856149681694,221.28597218382188,-4.652411999631815,53.38832742301698,217.5052404085003,-24.27020895020441,55.904472075073095,176.48281157068203,-76.45002308628484,60.71946160852632,1.649141229141229,0.22717134717134724,0.21045991045991075,-0.01717541717541704,-0.009336589336589318,0.003,0.04276888888888884,27679898.975099497,12899260.658551177
R12:parametric:-0.1,1.652014652014652,1.647985347985348,192.6878815180793,39.39191939118513,54.07928419797081,248.4971213352105,4.461222131999916,54.53419220838445,249.10521222541163,-4.5920160198487965,57.66493159463632,245.63118339251847,-24.039168302094904,57.43440502022608,199.75669381528033,-76.28211563498772,61.43580053429754,1.6520634920634922,0.25615791615791594,0.2368986568986562,-0.020089540089540003,-0.010435490435490413,0.003,0.048161416361416215,28187434.561295755,14528890.331174036
R12:parametric:-0.05,1.6487912087912089,1.6483882783882784,202.4704752281677,39.46841758094491,54.338412283018954,261.4634627569483,4.464597983868947,54.335285520549164,262.017303952314,-4.628740822504156,54.47319035511073,258.24378193611847,-24.120620930142692,55.61893420279242,210.85098364470667,-76.49315597832458,59.21607346494966,1.648929588929589,0.26986161986161983,0.2493935693935695,-0.020830280830280712,-0.010858770858771294,0.003,0.05067180301180296,31665915.001786716,15038787.776374374
R12:parametric:+0.05,1.6487912087912089,1.6487912087912089,224.17458043962446,39.212719167661774,53.39575736296483,288.99328812168574,4.43463538380488,54.417318143503415,289.67860143053105,-4.650041938714208,54.79529537284736,284.9892260647495,-24.12547323311163,55.80825728624952,232.36304048665951,-76.28275283238551,59.47096342761651,1.6488644688644691,0.29765567765567735,0.27515669515669483,-0.022344322344322043,-0.012087912087912711,0.003,0.0560156939356939,36784664.555364914,16768035.420727042
R12:parametric:+0.1,1.6471794871794871,1.6463736263736264,234.608734273491,39.203302635397726,53.18503224164709,302.2188149611697,4.430944777451925,53.18080759979672,302.8604566966756,-4.622849853274636,55.07134492463267,298.2533797350468,-24.16479287107697,55.63844100432128,243.0664552984124,-76.63554094969649,58.99047784050178,1.6473422873422872,0.31181929181929147,0.28783068783068777,-0.024037444037443567,-0.01273097273097279,0.003,0.05854681318681318,35941599.57631214,17027421.024424385
R12:parametric:+0.2,1.6495970695970696,1.647985347985348,255.29454351749146,39.60770263172484,51.760984419841556,329.58227113394275,4.481212533076172,52.96513537225178,330.59282632539623,-4.598997620921086,53.74186983310654,325.6033950452335,-24.010790597633843,55.34930874457,266.8953952678918,-76.14908253884563,59.446863354174376,1.6494505494505496,0.3401709401709403,0.3142450142450135,-0.025575905575905278,-0.013919413919413648,0.003,0.06387433455433457,40240179.86880918,18893223.00036842
R12:parametric:+0.5,1.650805860805861,1.650805860805861,318.5098344986561,39.24386113747076,54.07739229344207,411.38399861885694,4.457166353917286,54.34617308107409,412.3753790622645,-4.617476911075773,55.14850406571259,405.4666618602871,-24.138465566028188,55.72316034193391,331.2557499022934,-76.4667070561169,60.546899412170966,1.650805860805861,0.4233496133496135,0.3919047619047621,-0.03224664224664231,-0.01737077737077719,0.003,0.07969651200651198,51828778.25720686,23934464.94710159
R13:open,1.6463736263736264,1.6491941391941394,10.885562418263063,-47.73748594902261,52.157333630213486,1.4056739576474369,-85.47221692712708,52.86086540075375,0.0641119214195772,-87.70250674575047,44.210489977039394,0.030535045676669002,-103.46043693543437,40.0201812769495,0.028412466709701954,-136.53783344866923,40.02966500682552,1.646361416361416,0.0032437932437932027,0.0009605209605210163,-0.002295482295482376,0.000781440781440712,0.102,8.277981277978063e-05,29689.506489908206,32661.071722050117
R13:short,1.6544322344322344,1.6483882783882784,213.9849774841652,39.19640023841602,55.252523307936244,275.1839209150602,4.53845040363079,55.45581274303538,275.6614577477152,-2.412345952149235,57.62901903739359,268.25379187177,-12.277033129507132,57.73361025326615,232.7931728211222,-32.674949140771204,61.10086388150364,1.6545136345136342,0.27705738705738714,0.2623646723646724,-0.016300366300366353,-0.011770451770451884,0.002,0.05348889702889699,33255573.748579845,15121477.172536563
R13:parametric:-0.5,1.6524175824175824,1.6536263736263737,213.40970388709758,39.27465376934621,53.258612488279226,275.1342920545893,4.507499716451525,53.82888532786593,275.7594269509391,-3.4897604467822534,54.4912377888336,271.3169038274985,-18.088227660360033,55.79487869917015,244.92266773230216,-55.002158415064784,59.961038106811,1.6524949124949124,0.2794098494098495,0.2623972323972322,-0.017277167277167216,-0.011701261701262178,0.002,0.0534253846153846,32649348.351113815,16230279.835545793
R13:parametric:-0.2,1.6504029304029304,1.6512087912087912,213.37584605911326,39.158797481022454,53.44464225362272,275.18301528540616,4.452424452972101,53.96974419646767,275.7711652379371,-4.150540555014034,54.92576912236697,272.0021842150517,-21.554920409755542,57.56778670481225,233.6255710272865,-67.9962654179762,61.642999885569274,1.65032153032153,0.2824501424501429,0.2624908424908421,-0.020993080993080726,-0.011680911680911565,0.003,0.05334708994709004,33179003.90557011,16152480.687208349
R13:parametric:-0.1,1.6504029304029304,1.6487912087912089,213.74770530620108,39.20020614580435,51.53016672596286,275.7241774614954,4.450336891764208,52.16423358484437,276.4498881265668,-4.40718951730757,53.587250444644695,272.6209302852624,-23.004430720640304,56.05546481032049,227.60150966908265,-72.7189293527586,60.77320779734098,1.6508587708587708,0.2840944240944243,0.2626048026048029,-0.021815221815221886,-0.01161579161579196,0.003,0.05345839641839641,31913607.278437696,15877131.236757528
R13:parametric:-0.05,1.6447619047619049,1.6495970695970696,213.23295003911056,39.32764120452846,51.99010200475459,275.449656398666,4.473159032244838,53.565477394100746,276.2119905319588,-4.489752745548799,55.123135231136956,271.9830541888862,-23.466285979550698,57.65260070254534,224.76649328402902,-74.34686522931067,61.56274213823767,1.6450590150590152,0.28440374440374405,0.26256410256410245,-0.02171754171754159,-0.01146520146520158,0.003,0.053382617012616984,33756369.3626845,15836022.734192278
R13:parametric:+0.05,1.6455677655677656,1.6487912087912089,213.19023074657562,39.4201402174893,52.9679066861216,275.2442702167027,4.460842743947739,53.099858484867,275.8764511031767,-4.733712398691056,54.5292327895097,271.7341300906029,-24.66493448523471,56.49913427080003,218.2772826519045,-78.18774813598257,60.317610403692505,1.6453154253154254,0.2839234839234841,0.2623280423280423,-0.021375661375661492,-0.011656491656491408,0.003,0.05335027269027276,33681500.2449855,15663960.253117902
R13:parametric:+0.1,1.6487912087912089,1.6475824175824174,213.20432467447915,39.30466571469974,51.72166951511885,275.1114655134578,4.4686624073583,52.30251585267568,275.97376967097034,-4.798673548565975,53.434051703132724,271.66588026062993,-25.085957069496704,56.276440403618054,215.14311987474017,-79.71441913569404,60.79110081708126,1.6486813186813187,0.2839356939356942,0.26225478225478205,-0.021949531949531975,-0.011481481481481648,0.003,0.05331048840048842,35549395.35513091,15742543.021201707
R13:parametric:+0.2,1.6439560439560439,1.6491941391941394,212.9511819286878,39.49315838912513,53.30081729878695,275.9053238792528,4.459566932587631,54.47620461776802,276.54973386381243,-5.026772586256994,57.54151902566112,271.664605800932,-26.413499982478914,57.509360520983016,207.64621579409237,-83.12029684994764,60.763411356114496,1.6438787138787139,0.2839194139194141,0.26282865282865286,-0.02170533170533162,-0.011676841676841465,0.003,0.053426853886853864,32005001.30131098,15191353.518950831
R13:parametric:+0.5,1.6455677655677656,1.6487912087912089,213.7734070627173,39.16666227391349,52.793685701034775,275.6312515460876,4.383241487278154,53.00548633596222,276.2312723895242,-5.749707145933708,54.47456860630862,269.50836904621497,-29.989309930024557,56.071902435885065,184.71816274005602,-92.16284820200265,60.026146254186685,1.6454619454619455,0.28333740333740276,0.26265364265364277,-0.02091982091982114,-0.011591371591372024,0.004,0.053341294261294275,33181659.89989604,15066364.707544362
R14:open,1.6487912087912089,1.6495970695970696,10.902323284195933,-47.74432475808828,52.265781254058616,1.4124331972692734,-85.36398404383353,52.0208444004367,0.07168176924844238,-92.88016956329594,47.52334951918109,0.03353330409945939,-118.23127116911854,41.776227272882565,0.028443309736143525,-140.99903686515853,39.85607312567964,1.648791208791209,0.003231583231583457,0.001082621082621138,-0.002246642246642061,0.0007814407814408231,0.095,8.522588522582763e-05,31895.283989798045,28178.379807203022
R14:short,1.6504029304029304,1.6512087912087912,213.69760536017407,39.3093159884473,55.890187922928845,275.1242607674412,4.556313211593637,55.90342024462338,275.6173615639037,-2.4094966718341198,55.98450101933376,268.44829902959407,-12.411621292832939,57.37305408433093,232.95144139722674,-32.75598932759498,62.296165068726324,1.6505982905982908,0.2767195767195769,0.26243386243386246,-0.016345136345136346,-0.01164021164021145,0.002,0.0534477248677249,32696224.177278783,14998094.281608943
R14:parametric:-0.5,1.6475824175824174,1.6504029304029304,212.60671611554406,39.401264951271486,52.76527143146771,274.9269122781718,4.507378043941621,52.99763861139098,275.50412499675537,-3.527481278754448,53.78846286311612,270.8451528937035,-18.11144254311713,55.527526955350666,243.02806331094592,-55.14102093528972,59.32872885766231,1.6475091575091576,0.2789214489214491,0.26172161172161146,-0.017150997150996994,-0.011628001628001705,0.002,0.05332724053724053,35510044.24145052,15996090.453029245
R14:parametric:-0.2,1.6487912087912089,1.652014652014652,213.20315713499488,39.27385535658583,52.45206104954185,274.96683518079436,4.464945336201341,52.422468010427366,275.58723654851616,-4.191905453820453,53.37931128743084,271.5310338308256,-21.816961824054477,56.05199551430622,232.54059522898285,-68.56328015725668,59.342187591165406,1.6484818884818888,0.2824013024013019,0.2621978021978022,-0.02059422059422067,-0.011672771672771809,0.003,0.053295335775335795,33840460.79399976,16346354.345518593
R14:parametric:-0.1,1.6495970695970696,1.6512087912087912,212.97921562079435,39.30544115498884,53.96851175517379,275.37920643050535,4.460173306369743,54.78553500523966,276.1946064743932,-4.363222026087035,55.90533030459735,272.24622355268565,-22.750215667154336,58.027559527778266,229.19195965859782,-72.49751574609962,63.636910139070324,1.64954008954009,0.2842246642246644,0.2624908424908423,-0.022100122100122244,-0.011591371591372024,0.003,0.05336992266992268,30443643.948236607,15352509.784235902
R14:parametric:-0.05,1.6495970695970696,1.6487912087912089,213.77649371485796,39.10189928777653,55.53325857199753,275.2067028371058,4.410597380468581,55.721219277233345,275.8938893416463,-4.470138062218057,58.062399360479404,272.10450821670634,-23.461198299521186,58.34567277685841,225.87046821008101,-74.09451660068959,63.496841962856436,1.6497395197395197,0.28403337403337414,0.26231990231990254,-0.021790801790801728,-0.011566951566951755,0.003,0.053363475783475764,32542255.68681465,15601377.5722707
R14:parametric:+0.05,1.6536263736263737,1.652014652014652,214.22572451559077,39.25178300784144,55.18446367755078,275.7360336476323,4.4310022845612815,55.30325252765624,276.3994896749639,-4.740038769107467,55.157043449155594,271.882701621641,-24.737020165057576,56.239309443025334,218.11751753032667,-78.37208893350754,60.09246227870338,1.6537077737077737,0.2844037444037444,0.262893772893773,-0.02206756206756222,-0.011623931623931494,0.003,0.05344522588522587,33205782.606883638,16391089.526504304
R14:parametric:+0.1,1.6471794871794871,1.6471794871794871,213.2773937962246,39.287617391834246,54.268212333136304,274.5844229218179,4.437640525836054,55.01191750527332,275.3479598368476,-4.850148938375903,55.31276026981806,270.99365452236964,-25.38762234130006,55.654709441105396,214.61186260874885,-80.1093295214028,58.466246438678475,1.6470533170533173,0.2838380138380142,0.2620187220187219,-0.021131461131461138,-0.011277981277981297,0.003,0.05322932030932029,33270810.247140132,16511897.530787665
R14:parametric:+0.2,1.6491941391941394,1.6512087912087912,213.0667077429759,39.31610266302838,52.26105884038516,274.9258187517262,4.438964621174168,52.636119380528136,275.63677511528584,-5.079994892957039,53.2247123993635,270.76445250354504,-26.47466611825883,55.22590171257727,206.8863233010949,-83.24003818901505,59.73375074447813,1.6492470492470495,0.2828978428978429,0.26212861212861205,-0.02117623117623113,-0.011554741554741566,0.003,0.05326094424094423,34657424.72578522,15960101.829886764
R14:parametric:+0.5,1.6487912087912089,1.6471794871794871,213.22299654072629,39.30872557999801,51.23463323488281,274.90413697506364,4.398105395414831,51.82361231238609,275.51370655604876,-5.701407701438401,54.94710294488418,268.68180459181895,-30.03020377620465,56.416770817325705,184.16834013468596,-92.06711958362277,61.94976115669065,1.648929588929589,0.2827431827431828,0.26212454212454195,-0.021497761497761614,-0.011575091575091623,0.004,0.05315409849409851,33385347.318547357,14915113.536888724
C6:open,1.6512087912087912,1.6463736263736264,212.6105790038653,39.2263655910847,52.931542533571616,274.68076197734547,4.427871586121296,53.25421907260679,274.73200865238334,-4.634711058868168,53.81615740502446,254.5160550126339,-22.617820601327328,57.16365616036998,174.736064161973,-52.0803684233817,60.724574527328166,1.6512901912901912,0.27642653642653636,0.262100122100122,-0.016483516483516647,-0.01150997150997135,0.004,0.05323919413919411,35413690.536652416,12693085.90651931
C6:short,1.3832600732600733,1.65,1.0965398425504307,37.18068705157452,54.42935466080483,1.4010926770432004,3.6240100229535424,54.72785107487246,1.3400084835299135,-1.5341043659688327,54.57641237220277,1.3287791515149419,-2.42138619399444,55.40535465114458,1.3041249677789462,-3.3090541306502885,56.45782669819828,1.3828856328856332,0.004212454212454326,0.002242572242572738,-0.0030850630850630285,0.0007285307285307407,0.0945,0.00028218152218154383,128436.6176927218,58835.254762261466
C6:parametric:-0.5,1.6544322344322344,1.6487912087912089,213.57691626057047,39.186913413473015,51.67423423980374,275.2571376902307,4.435120949417968,53.119985352379224,275.5604140153511,-4.615988918449771,54.233453493357054,262.9389188127142,-23.303105458130858,56.50163211456946,199.84371787470124,-62.80804587953674,59.503426687878076,1.6545706145706145,0.27673585673585666,0.2624338624338627,-0.01627187627187654,-0.011363451363451738,0.003,0.0533238583638583,34784464.16734746,14346184.253628865
C6:parametric:-0.2,1.6447619047619049,1.6504029304029304,212.92004433522152,39.41805454806293,54.03607920860151,274.7357618653246,4.469269143250208,54.029475084731786,275.29523841186676,-4.605931651133536,55.34917894865818,267.50256007396166,-23.68755784441846,57.28904545681257,214.6202954660254,-70.28081533516625,61.77589441106201,1.6447212047212048,0.27753357753357744,0.2617501017501016,-0.016654456654456862,-0.011493691493691394,0.003,0.05322138380138381,31643269.806004714,14782857.682946224
C6:parametric:-0.1,1.652820512820513,1.6495970695970696,213.12777222974125,39.34847560455266,52.32312480745914,275.156564244328,4.445787420782175,52.70275905422982,275.7307905429233,-4.639577735803672,54.82450295408635,269.624711913384,-23.97409569461129,56.043685945615664,217.41055251455361,-73.4538154898089,60.75072532895437,1.6526414326414325,0.2805209605209604,0.2624216524216524,-0.018140008140007935,-0.01151404151404134,0.003,0.0533369719169719,34164732.78944066,15594419.788610172
C6:parametric:-0.05,1.6495970695970696,1.652014652014652,213.86547717910491,39.168071378446484,56.36098722712029,275.1683789636041,4.418140639020716,56.5445273395289,275.8965445432618,-4.636939023867942,56.80582485535149,271.42452501428085,-23.967785633069994,57.1671078362602,219.84001869902164,-74.68164896824963,59.938116717929795,1.6494546194546196,0.2826088726088726,0.26257224257224265,-0.020211640211640458,-0.011501831501831372,0.003,0.053328852258852255,31266835.211814795,16257606.081188222
C6:parametric:+0.05,1.6512087912087912,1.647985347985348,213.40093726689224,39.32642732339487,53.13934091814403,275.49314221500714,4.460396475757488,53.20088647711371,276.09602584980985,-4.632967328487453,53.617069799768274,272.8241593374371,-24.15065181845079,55.563999153106835,223.50062222637524,-77.99098571712526,60.548751696847646,1.6513227513227515,0.2856532356532355,0.2627269027269028,-0.023353683353683152,-0.011546601546601365,0.003,0.05337279609279601,34670465.208249405,16362545.6444269
C6:parametric:+0.1,1.65,1.6524175824175824,213.99739008825367,39.12696588613956,52.46355311391245,275.2282560632676,4.437625659441876,52.84899450558453,276.06934348492575,-4.598645515570589,53.52719855079063,273.610460129063,-24.191188603595332,55.31602578340039,225.76765486235925,-79.14563405487036,58.84512237493635,1.6496866096866096,0.2873748473748473,0.2621774521774525,-0.02563695563695545,-0.011550671550671576,0.003,0.05334410663410665,34470319.52401203,15895313.8374025
C6:parametric:+0.2,1.645970695970696,1.6487912087912089,213.52829106861935,39.24529894370254,54.384854593533234,275.48783202177447,4.4406473838603056,54.538510562476375,276.4164412046145,-4.582051541162155,55.16468172987062,275.87548467085446,-24.214798920870823,57.048127868472434,228.92138742584848,-82.21829931283486,60.92835285389474,1.6456613756613756,0.2916198616198614,0.2627676027676029,-0.028937728937728835,-0.011583231583231601,0.003,0.05340315832315827,32332616.26734002,16388833.222927418
C6:parametric:+0.5,1.6491941391941394,1.6512087912087912,213.136858387358,39.45639337345198,53.90709625523624,275.4589081357801,4.482485127939286,54.823832967668906,276.50031176411653,-4.620395241529753,56.62756806098557,281.18365325720913,-24.923527951265346,58.19516413434705,230.50673855190837,-91.90178951738484,60.859244623310786,1.649222629222629,0.30012210012209994,0.2624582824582825,-0.03789173789173783,-0.011473341473341336,0.003,0.05335991452991454,33057963.78677463,17671197.835131615
C6:cap_degradation:+0.2,1.6487912087912089,1.6495970695970696,213.4396687782313,38.99244275171919,52.4634401364531,275.07666853103217,4.395232631253389,52.639484954359176,275.6531354758183,-4.606740864435638,53.187143503696376,268.3385652163532,-23.81017333529494,57.696717116252756,213.80794487585712,-70.83202719442232,61.75931533025566,1.6488563288563287,0.2779405779405778,0.26212454212454217,-0.016516076516076228,-0.011493691493691394,0.003,0.05333183150183146,33164229.21727468,14571726.283784598
C6:cap_degradation:+0.5,1.647985347985348,1.6504029304029304,213.0335319407897,39.513864552958495,52.25045538087599,275.3730508486977,4.494230157734412,53.22508571240557,275.66910475255776,-4.606959943491472,54.66418018026893,262.8821654295506,-23.318436143625878,56.403433453573754,199.7315437430652,-62.83326494410782,60.018474418967344,1.6476760276760276,0.27706145706145735,0.26251526251526247,-0.016467236467236468,-0.011583231583231601,0.003,0.053386357346357396,34201704.91519034,13692833.46927958
C7:open,1.647985347985348,1.6471794871794871,212.78321687169415,39.610782583087484,53.51954653265308,275.3795328993152,4.711440939745639,53.80077910075363,276.1506879784544,-0.16736475566478543,54.62461733670949,273.34708865177174,-1.4075902665592541,57.20012401340231,269.88361387759414,-2.467704219895256,61.3242036658224,1.647810337810338,0.27854700854700865,0.26234432234432226,-0.01691900691900683,-0.011562881562881322,0.001,0.05357788766788764,34301977.42496979,16374758.435200963
C7:short,0.04996336996336996,1.6463736263736264,0.02768180277410319,134.2775851005132,40.543986701812,0.027207475494024025,96.04219146987433,39.035372336829006,0.05370071681647083,92.51782296393324,44.20949309983114,0.258416408741318,77.12841082746476,54.333335473011765,0.658484224372916,58.277088874515485,59.72757620254615,0.04995522995522996,0.002486772486772485,-8.140008140020139e-06,-0.0032234432234432217,5.6980056980050764e-05,0.043,1.1355311355312065e-06,29846.006814006912,37864.41535412376
C7:parametric:-0.5,1.6471794871794871,1.6495970695970696,213.00026123671148,39.377621371366814,54.57169916478115,275.2740778857273,4.565344081519418,56.56552246380207,276.24937320826047,-2.3965371566516134,57.11923380323875,278.546793874022,-12.784667283684396,58.78399583108906,303.62440508098257,-43.74877415272875,61.962700911194204,1.647106227106227,0.3064509564509561,0.26254375254375273,-0.0416687016687014,-0.01139601139601154,0.002,0.053484371184371125,31273273.640792727,17118093.824051097
C7:parametric:-0.2,1.6495970695970696,1.6512087912087912,213.83046235924684,39.23077446870771,55.35207799297239,274.9733018095868,4.480464635396438,55.54515766682528,275.79750836020605,-3.751384520871602,56.64052196377131,275.4912961492381,-19.598803067414504,56.48406714413191,257.01639319914915,-66.05568643284184,60.610556447965116,1.64988196988197,0.2911925111925111,0.26229548229548305,-0.027969067969068062,-0.01153439153439173,0.003,0.05335593813593811,33805707.67250414,16795651.56039904
C7:parametric:-0.1,1.6504029304029304,1.6471794871794871,213.49029527415996,39.12987384422375,53.07491587528679,275.0895840872274,4.43676910948251,53.599624198825666,275.7714568259934,-4.195060549512538,53.967248338855114,273.7092684851294,-21.83924418201734,55.564296725632076,239.92695806886027,-71.32070677228998,59.61678793059406,1.6504884004884004,0.28710622710622713,0.2627676027676026,-0.02484330484330488,-0.01152625152625153,0.003,0.053375539275539265,34846874.73993851,17243611.90239951
C7:parametric:-0.05,1.6471794871794871,1.6471794871794871,213.0183027394258,39.353200216361984,53.08734659316224,275.6637967645216,4.481390531991842,53.19501509217084,276.31332464035813,-4.408854987164275,53.37110223387788,272.6991699558719,-23.053718465788954,56.027043437455234,229.45665402754136,-73.82902986500149,59.48278201144081,1.6470085470085472,0.28521774521774534,0.2627594627594627,-0.02336182336182313,-0.011257631257631129,0.003,0.05342668294668299,35130411.302765705,16925814.59877945
C7:parametric:+0.05,1.647985347985348,1.6487912087912089,212.9641226103468,39.5657846240036,53.24830986156368,275.4424380936508,4.493366935875465,53.65525109078747,276.18533428454083,-4.844745311694208,53.986590480982485,270.48209061284155,-25.27395877820206,55.87547885478137,212.51828761015386,-78.68512836160214,60.52340194761644,1.648107448107448,0.28196174196174195,0.26258038258038274,-0.019462759462759438,-0.011754171754171816,0.003,0.053355286935286995,33065211.691437542,16495038.070657989
C7:parametric:+0.1,1.650805860805861,1.6495970695970696,213.495189020687,39.217301439031274,53.76086431408554,274.99539386957804,4.414526965698191,54.059592925188866,275.4409408972341,-5.081623540318708,54.06983550110206,268.9717871718541,-26.310345971407255,55.07631457286111,205.0800247811594,-80.49779130940736,58.97724457554935,1.650883190883191,0.2803744403744405,0.26244200244200244,-0.018587708587708307,-0.011684981684981888,0.003,0.05322830280830276,34205607.9296564,15237602.71884812
C7:parametric:+0.2,1.6455677655677656,1.6504029304029304,212.74461159866772,39.51247362111905,53.48921475813061,275.2035444638211,4.43886046108103,53.33181279120032,275.62536626835623,-5.493069706941193,53.50540606828638,265.9899980856687,-28.337478291296062,54.43516904175389,190.36790978778555,-83.91812094451132,58.33841578230985,1.6458445258445256,0.2781847781847784,0.2622547822547825,-0.01731379731379712,-0.011615791615791515,0.004,0.05327943019943017,34978644.08022002,14782550.896692157
C7:parametric:+0.5,1.6487912087912089,1.6504029304029304,213.45083491712677,39.30456220155819,52.31550150239631,275.3818744471925,4.347659599164975,53.0364691028707,275.3012827780196,-6.806858682684055,54.80377192858739,256.7909425766088,-34.5350147788283,55.751256781988324,153.853508113943,-92.25547433713879,60.30228133454063,1.6490109890109892,0.27713064713064717,0.2626251526251525,-0.01644281644281642,-0.011379731379731473,0.004,0.0531831094831095,32159177.66356012,12524008.937776376
C7:cap_degradation:+0.2,1.650805860805861,1.6471794871794871,212.830821080301,39.34426536504594,54.78103080746267,274.4903787913056,4.517011413327225,55.02404519487627,275.58598978963187,-3.723328826965,55.41830916923817,275.0386040528816,-19.533245677323613,57.336895799819885,257.34928749188106,-65.40268414000951,61.068447867161055,1.6510500610500611,0.2900325600325597,0.2620146520146521,-0.02784289784289773,-0.011542531542531376,0.003,0.05327839234839234,34812380.87127334,16444103.38415946
C7:cap_degradation:+0.5,1.6512087912087912,1.6504029304029304,213.4626371014341,38.97621190120358,53.58791623332948,274.5137543802398,4.514346922227389,53.688403115155886,275.53735585818026,-2.410090008898602,54.55375726829246,278.0027032744805,-12.585525373850476,56.9196881780876,303.8345184895493,-43.31100351235178,62.30132886032994,1.6513675213675216,0.3070818070818071,0.2618762718762718,-0.0421408221408226,-0.011412291412291276,0.002,0.05338273504273505,35422223.344945714,16905426.822440907
R15:open,0.05238095238095238,0.04996336996336996,0.043327421504699294,9.007224418036223,41.955612600609044,0.04092025152972948,0.9062785725556499,42.22355917521683,0.048040136349222516,0.38380969456918024,43.306047078431845,0.04455175166908698,-23.146755185632234,42.19405012144067,0.042833388586593586,-0.9774571521006266,41.75054239950942,0.0521041921041921,0.0031827431827431904,0.0007733007733007752,-0.0033129833129833045,-0.00027676027676028225,0.007,2.825396825396758e-05,40649.268698453845,43022.430722785924
R15:short,3.2484249084249086,3.25003663003663,0.038788439077774926,17.876211534200117,43.28110167545866,0.03512098540475152,-23.712933023819538,42.16776465413253,0.039835683207065764,-3.973816613683654,42.03704757418219,0.03810515504015063,-22.525873377504926,43.474617689461724,0.041087654704947164,-23.16542405518203,41.49671416141395,3.2484249084249086,0.002767602767602906,0.00020350020349946263,-0.003199023199023543,-0.0003337403337400069,0.032,1.2250712250632123e-05,36065.60357755139,41755.98048541968
R15:parametric:-0.5,2.2004029304029302,2.1975824175824177,213.46146216256562,39.38485314673804,53.4664690009821,275.91026524877594,4.466800291749648,54.29160107217211,276.50915380148336,-4.601413450184072,56.43455758312581,272.530406913979,-23.985694367547264,57.10630318532458,223.10359077663307,-76.15487522785646,60.78977986636269,2.2005291005291,0.2844729344729344,0.2629426129426129,-0.02191697191697206,-0.011676841676841576,0.003,0.05345529914529912,33440313.019203827,15196450.86298446
R15:parametric:-0.2,1.8341391941391942,1.830915750915751,212.52471473472193,39.370003310370414,52.840720205353186,274.9819778108231,4.455113924287033,53.52924594478676,275.60036966116394,-4.594532630017765,54.51490922296716,271.7393819650944,-24.034263933500743,56.12249590817936,222.23824203827107,-76.46744821437645,61.67659126392784,1.834082214082214,0.2843956043956044,0.2623199023199021,-0.022002442002442058,-0.011387871387871673,0.003,0.053309165649165595,34715055.326848514,15546871.308731927
R15:parametric:-0.1,1.7342124542124542,1.7382417582417582,213.25058425418968,39.1446574125341,54.702881281754934,275.0133672939935,4.418531842782288,54.83658644462597,275.7806597580841,-4.6810644805051815,55.76212072172818,271.14462383364526,-24.428582210765633,54.901787490309545,220.15020964822673,-76.46935975067848,59.326935334894685,1.7343386243386245,0.282987382987383,0.26227106227106234,-0.021168091168091152,-0.01157916157916139,0.003,0.05329566137566137,33449011.418789685,16870512.194264356
R15:parametric:-0.05,1.6943223443223443,1.693919413919414,213.2398638893018,39.38885581452073,52.614069115400866,274.91390212938666,4.4514084030822225,53.24508664574181,275.6205602876315,-4.627137225909283,54.18946804395584,271.2147396127851,-24.286225603116982,55.94584132474546,220.45865208002965,-76.64907858236481,60.80514266284425,1.6942287342287343,0.28359788359788374,0.26209198209198203,-0.021542531542531496,-0.01151811151811144,0.003,0.05327849002849005,33664922.38595467,15944888.06490705
R15:parametric:+0.05,1.606886446886447,1.6105128205128205,213.11818935226023,39.51461428978765,54.11397032048505,275.09407499613314,4.48206140664757,54.6612877640725,275.80231435895814,-4.632646989868476,55.654278288801095,271.8332224344168,-24.067386655915783,55.753887725091616,221.04756591016553,-76.03982642330473,60.16473449956183,1.6068416768416767,0.2833781033781032,0.262112332112332,-0.021664631664631395,-0.01153846153846183,0.003,0.053307081807081866,33014038.920524605,16998405.99649886
R15:parametric:+0.1,1.5714285714285714,1.569010989010989,213.54570765626957,39.132847898179776,54.27368087951285,275.47542811973017,4.422515295748207,54.4650812975963,276.22299839539204,-4.6246301712674684,54.835375988250775,271.79107747826356,-24.021261689150926,57.590279051124924,222.07705237805106,-76.19699381494098,64.2067899150179,1.5715588115588115,0.28393162393162386,0.26264550264550257,-0.0221164021164022,-0.011387871387871451,0.003,0.05338528286528283,35143360.4241077,15274337.039779758
R15:parametric:+0.2,1.4980952380952381,1.498901098901099,212.92732897049112,39.47788905317023,52.125029909068566,275.27342736811323,4.481374318705698,52.86981708466965,276.03855274486904,-4.634371216281849,53.43538087096693,271.638770652829,-24.10933517017821,55.46151794176648,221.31146312095075,-76.53567341830069,59.21701765782611,1.4979894179894182,0.28389092389092396,0.2624175824175823,-0.021489621489621635,-0.011534391534391508,0.003,0.05334940170940174,34063760.64076114,16272473.861487415
R15:parametric:+0.5,1.32,1.3232234432234433,213.16759289492836,39.35894623261175,52.11821214940641,275.4183033774821,4.456432495457862,52.2964468153248,275.9922537961133,-4.617365990625371,53.029001312406166,271.9379112880454,-24.094239069265132,55.512508913937296,221.64728668110652,-76.33559418492862,59.42244815345279,1.3201383801383804,0.28424908424908435,0.2622222222222217,-0.021400081400081872,-0.011477411477411659,0.003,0.053327545787545755,34993607.71326429,16432882.839097137
R16:open,3.2447985347985346,3.25003663003663,0.03737744305835753,25.965828774433323,44.070060354509636,0.04711665923699351,-1.2649981333924885,46.12145751176108,0.0334255548236346,-4.334787095713595,43.01407636501001,0.044549249760292745,-22.92651314814868,42.496769565927536,0.049277333300886295,23.284397888947034,44.44502042686761,3.244696784696785,0.0028083028083032424,0.0003418803418799854,-0.0032519332519336253,-0.0006919006919008375,0.031,7.985347985179469e-06,41272.56790024898,42534.169442986095
R16:short,0.05076923076923077,0.04996336996336996,0.04205056888054268,32.06663101358427,44.04886039716891,0.0462073655076481,-12.035047832791792,43.18097761811542,0.04708523685673744,-4.5427754170595716,42.76427521545736,0.03863747343789335,-23.007602677838086,42.12621585200018,0.04322580358393748,-45.13621768036984,44.855733612093076,0.0503947903947904,0.0037525437525437466,0.0014489214489214544,-0.0033129833129833253,-0.0006593406593406528,0.003,3.9739519739519075e-05,39821.84578688407,34668.61418982613
R16:parametric:-0.5,1.0963736263736266,1.0975824175824176,213.89871599143453,39.1244332906564,53.9194138226202,274.8244214655492,4.427714619399889,54.251341481760115,275.80071801440596,-4.650065169532401,55.727055965807786,271.7612827007551,-24.104410438856817,56.74775824973224,220.40979752898673,-76.3526523544855,60.64410760031006,1.096267806267806,0.2836060236060235,0.26265771265771287,-0.021530321530321306,-0.01145706145706149,0.003,0.05329319902319903,34719014.76312016,15946808.949320544
R16:parametric:-0.2,1.4674725274725275,1.4666666666666666,212.8502898750898,39.42888397130352,55.17673538187409,275.4930637552203,4.479709085120668,55.17864575324211,276.2069586364859,-4.6241842538690765,56.17482931060003,271.9590069588383,-24.09521951453767,57.3928575630587,221.47031191916597,-76.25427982508083,60.37913138670545,1.4675661375661377,0.28375254375254366,0.26240944240944253,-0.021982091982092,-0.011636141636141684,0.003,0.053378160358160356,32813595.618122723,15951225.092959536
R16:parametric:-0.1,1.5609523809523809,1.5649816849816849,213.94725673274584,39.17723391989065,53.360684494228,275.21466004868904,4.420743667743169,53.91069904285424,275.9404320947285,-4.632326384937326,53.92508441571372,271.52971284942214,-24.140512419811273,55.095738667542086,221.55500335947588,-76.0946626044889,59.43602080267809,1.561074481074481,0.2839479039479038,0.2624908424908423,-0.021400081400081428,-0.011599511599511558,0.003,0.05334299552299545,34342967.215483785,16900226.529705707
R16:parametric:-0.05,1.6097069597069598,1.6097069597069598,213.25926214814484,39.2340886066998,52.23888535535038,274.7385537043208,4.44350625083271,53.21393001012858,275.55176601081246,-4.647029563820608,54.733894484537956,271.57707698398406,-24.041678486004926,56.312941321325496,221.05317712808528,-76.13819872523938,60.79776812787823,1.6095929995929998,0.28354497354497354,0.26190883190883185,-0.02199023199023209,-0.011554741554741677,0.003,0.05324857956857954,35395222.30280726,16328775.858399939
R16:parametric:+0.05,1.689084249084249,1.689084249084249,213.03786087638105,39.2772636191652,52.82997081778959,275.3065970928716,4.457879000402619,52.83565831487827,275.89994690193976,-4.667250987351608,53.632061690668195,271.4482176785475,-24.271113778367464,56.13805070126958,220.82684515788986,-76.51959752997351,59.85977808598474,1.6892511192511193,0.28358974358974354,0.26259666259666237,-0.021225071225071224,-0.011554741554741232,0.003,0.05335110704110706,34739095.736083865,15903790.572335742
R16:parametric:+0.1,1.7285714285714286,1.7261538461538461,213.83180827901242,39.104216315087314,51.164391921763254,275.38790016719514,4.422670735849837,51.92029777847664,276.1283072174252,-4.585143706262488,54.44097595222558,272.25900619596865,-24.014537496669725,57.19836433800653,221.87380854107187,-76.11013203135934,61.17569793259658,1.7284493284493283,0.28426536426536453,0.26260480260480246,-0.022319902319901885,-0.011640211640211673,0.003,0.05335467643467645,32124233.07832318,15712859.047728466
R16:parametric:+0.2,1.799084249084249,1.8015018315018314,214.1125201983852,39.10540147962284,53.83624362875444,275.34677828308793,4.4170079244295035,54.32999625196189,275.9960532598708,-4.6160084692729395,54.40959645334189,271.7722200545719,-24.055007083373635,55.86934987218054,222.52408285990157,-76.14967886217474,61.11803181371481,1.798949938949939,0.284013024013024,0.26299959299959275,-0.021957671957672176,-0.011408221408221508,0.003,0.053374460724460684,33107744.9489723,15987290.21517366
R16:parametric:+0.5,1.981208791208791,1.9824175824175825,213.49503529069128,39.27863481874677,53.187070201128236,275.0863227486804,4.452190899309071,53.40358007373848,275.701396732877,-4.611965632965236,54.12391605370573,271.6180676291565,-24.057278978333898,57.43297904140588,221.15814291055278,-76.28041991004798,61.636987564017744,1.9811925111925115,0.28410663410663384,0.2624013024013023,-0.021794871794871717,-0.011562881562881544,0.003,0.053318892958892986,33524802.608160906,15061583.432115966
C8:open,1.6491941391941394,1.6504029304029304,213.26749199748085,39.32376584693224,53.01471390353649,275.42441175636895,4.452112388572469,53.235466445932936,275.92027678903855,-4.660798140318908,53.21908114365466,271.4751426034866,-24.166929132603485,55.39905456598311,221.26361960194714,-76.26243510086763,59.78662079930807,1.6492266992266993,0.2835327635327636,0.26253968253968274,-0.021298331298331363,-0.011387871387871673,0.003,0.05338893772893773,34506651.277295545,16586562.060967734
C8:short,0.05076923076923077,0.04996336996336996,0.04049660882049272,36.98498467670041,41.920204861558815,0.041576570359625205,-13.020439256933784,41.484268296179074,0.039099144379507705,-3.66747700769049,40.59015438363712,0.04537260190999459,-19.96958525821679,41.84153920511668,0.04710632672017044,-30.15098443216624,43.93430615260832,0.05040293040293041,0.0038176638176638175,0.001367521367521371,-0.0033129833129833253,-0.0005779405779405833,0.003,6.686202686202733e-05,33705.98314678026,40265.68773769395
C8:parametric:-0.5,1.652014652014652,1.652820512820513,213.06502503362003,39.42676169318962,57.31576326164428,275.2007996995599,4.47084388185199,57.76044970636032,276.014399849739,-4.537429288314135,58.098039470385125,272.6771301966017,-23.834311064061396,58.84705111418276,222.76608501341417,-75.82313181043435,63.40241995640679,1.6521530321530324,0.28471713471713456,0.2621571021571024,-0.022816442816442684,-0.01172568172568167,0.003,0.05333599918599918,28665452.887518674,14561035.232149988
C8:parametric:-0.2,1.6471794871794871,1.647985347985348,213.5382158862718,39.15269501334256,53.48492209311977,274.9411821778446,4.42216870373054,53.808636779745626,275.63770110928454,-4.611243504209488,54.64784741154734,271.73291321993867,-24.149915871898543,56.31657858600893,221.01031802274548,-76.18171367679469,60.480379769662534,1.6468783068783066,0.28354090354090355,0.26222222222222236,-0.021758241758241814,-0.011404151404151186,0.003,0.05328646316646318,32802707.71686053,16129100.270027045
C8:parametric:-0.1,1.652014652014652,1.647985347985348,213.54759038680123,39.18026876883931,54.0601514971967,275.22405373224495,4.429948817410311,54.050275547634705,275.8701259668544,-4.638399693671735,55.00194239060651,271.53025082969754,-24.188568204890995,56.79789609103018,221.1273095575181,-76.26201060372593,61.447365688951756,1.652128612128612,0.2838095238095235,0.2623361823361823,-0.02153032153032175,-0.01137973137973125,0.003,0.053320480260480196,34840520.86144643,15014226.638422728
C8:parametric:-0.05,1.6512087912087912,1.6512087912087912,213.31256388855738,39.38853370209889,53.14151438773052,275.54659961522844,4.450641451531307,53.7393500691463,276.338829009237,-4.584578493641652,54.75957449835609,272.14354361624476,-24.134607187565436,56.78523619643915,221.82051742149295,-76.43749158414944,60.92548063647601,1.6510297110297112,0.2840862840862841,0.26275132275132296,-0.02213268213268238,-0.011632071632071472,0.003,0.053395449735449685,32403252.27930026,15570346.39045587
C8:parametric:+0.05,1.6451648351648354,1.6475824175824174,212.90230401398597,39.313305962485316,52.1814367209122,275.0137022053601,4.458839200786094,52.78732034248995,275.6675042517446,-4.61450948478642,54.262885152753256,271.7941838158517,-24.059975495310596,55.644406991790845,221.12010454993103,-76.45741030847141,60.392878269305484,1.6453886853886854,0.28381359381359383,0.26204721204721193,-0.021754171754171936,-0.011676841676842242,0.003,0.05329433048433042,32506542.98244616,16094308.676379576
C8:parametric:+0.1,1.6491941391941394,1.6491941391941394,213.85708348898402,39.04907077023781,53.68425526413779,275.05552512871645,4.412749292481923,54.40708104580888,276.0067929927154,-4.567079843752716,55.939446297411195,272.2164263027936,-24.011560087108766,56.82133070977858,222.48528035575575,-75.97910302515453,60.60309036781284,1.6494464794464796,0.28423687423687416,0.26240130240130244,-0.021880341880341714,-0.011632071632071472,0.003,0.05333558811558811,30604825.102812476,15576708.150055915
C8:parametric:+0.2,1.6495970695970696,1.652014652014652,213.845854954942,39.095869528280296,53.481309765127484,275.3373408711712,4.39769591434802,54.311540578411474,276.17033301998856,-4.6216874977763025,53.861461081753134,271.77315202201095,-24.116216558188253,55.77957163794114,221.12678652644055,-76.16104533731396,59.05168729862133,1.6496052096052098,0.2836141636141638,0.2624094424094421,-0.021440781440781542,-0.011452991452991279,0.003,0.053349133089133034,32987107.12836282,16712349.898547258
C8:parametric:+0.5,1.6447619047619049,1.6483882783882784,213.3185889677766,39.14463879313346,53.72852356739227,275.43291198495155,4.4310381204012295,53.7348119810827,276.0188618151389,-4.631739914630628,54.85287949967544,271.45924259703065,-24.21370720696244,55.79692302879278,220.5154759988597,-76.33569991471873,60.40288012830869,1.645136345136345,0.28397232397232397,0.26225885225885215,-0.021204721204721166,-0.011534391534391841,0.003,0.0533748310948311,35045334.82937434,15839457.046288405
C8:cap_degradation:+0.2,1.6495970695970696,1.6487912087912089,212.68405296891063,39.36001127990488,50.9056619966755,274.97000300553094,4.4748940527247285,51.99392709186129,275.7552087778838,-4.616650602986061,54.16509361642709,272.0777335226951,-24.069190321311833,57.0134812435548,220.707996512548,-76.20384535501938,61.66376564467687,1.6492389092389095,0.28411884411884425,0.26217338217338226,-0.02179894179894215,-0.011632071632071916,0.003,0.05331061457061456,31863366.497500278,15398354.977194399
C8:cap_degradation:+0.5,1.6504029304029304,1.6512087912087912,213.22390206668788,39.316609784809,53.19386300220749,275.7084082754916,4.464006840517072,53.201127435751175,276.40596160117815,-4.604844028671225,53.775579292536236,271.7873880683208,-24.05375859385438,55.4461655831064,221.8841700650206,-76.01762502466767,61.455743035519845,1.6501750101750101,0.28401302401302386,0.2625803825803825,-0.02171754171754192,-0.011558811558811666,0.003,0.053444802604802645,33791893.09204065,15536932.046412636
U2:opamp_vos:+0.02,1.6471794871794871,1.6495970695970696,213.84556973955327,39.0416675199297,53.37027999697519,274.9536518067688,4.405369436094121,53.4212720039705,275.50084013811426,-4.673756689605697,53.45925043361187,271.0734297106625,-24.26279735320209,54.81688487081016,219.79270405086245,-76.51766804349204,58.4463344128583,1.6473829873829875,0.282914122914123,0.26247456247456213,-0.020895400895400984,-0.011290191290191265,0.003,0.053270231990232085,35019486.81467089,16462457.72768385
U2:opamp_vos:+0.05,1.6487912087912089,1.652014652014652,213.3469571760734,39.31106961045972,54.23999349313921,275.45426569462177,4.451075520747832,55.12609226039583,276.2715590720864,-4.608326533827686,55.002757541780916,272.2285264959869,-24.061968705447786,56.2164006148887,221.6101712069192,-75.99636057201023,60.596578607487494,1.648888888888889,0.2840700040700044,0.26253154253154265,-0.022148962148962337,-0.011509971509971573,0.003,0.05338782254782255,32255293.333662573,15696200.17809214
U2:opamp_aol:+0.01,1.6471794871794871,1.6495970695970696,213.26221593445888,39.27067294094221,53.52440650415811,275.1706888861037,4.44723843188103,54.52382535668104,275.9705374369542,-4.603134989885842,55.3491367706453,271.8729047817541,-24.011799775068358,56.96700475152884,220.75989843077198,-76.14454056752095,61.458917647953434,1.6473748473748473,0.28402930402930426,0.2622059422059422,-0.02158730158730182,-0.01150183150183115,0.003,0.05334800162800164,34295221.889907464,16223145.622980414
U2:opamp_aol:+0.001,1.6495970695970696,1.647985347985348,214.10250905834405,39.039266736165686,54.54531685089944,275.2951872445501,4.404080643357849,55.81519135432529,275.98115609282297,-4.654197297640878,55.89423398263523,271.908256236221,-24.157845740154883,56.180822115841835,221.16770656111433,-76.50975089514442,58.34863969462644,1.6494261294261292,0.2838339438339441,0.2626943426943431,-0.021489621489621413,-0.011721611721611458,0.003,0.05338443630443628,32774473.036586855,16224867.209400777
U3:opamp_vos:+0.02,1.6512087912087912,1.6504029304029304,213.2165055746171,39.23453001771,52.133860270475935,275.0988173503322,4.454926680336946,52.50109444754054,275.8209787468061,-4.604807571429996,53.28390072425607,271.96480289199735,-24.000707183859184,54.945467883062165,222.49928898254888,-76.03286759681279,59.23488776698082,1.6512210012210016,0.2840455840455839,0.2623606023606022,-0.021798941798941818,-0.011566951566951422,0.003,0.053297326007325965,33812691.83143653,16068654.456115043
U3:opamp_vos:+0.05,1.647985347985348,1.6504029304029304,213.71973640337416,39.22620513918207,55.75009195677339,275.3698360760578,4.438946726866877,57.10399975153079,276.0618327919789,-4.603187619658064,57.22273996935948,271.91936398062006,-24.067227767195575,57.805815102852776,222.49447959774045,-76.1940037467796,60.86309355717158,1.6479649979649982,0.2841391941391941,0.26264550264550257,-0.02205942205942235,-0.011448921448921512,0.003,0.05335127391127392,32608878.098706733,15738613.266124377
U3:opamp_aol:+0.01,1.6467765567765569,1.65,213.02563839716265,39.23149064608789,52.21696445830104,274.73000830666194,4.444777335083556,52.281843711673275,275.4627457349659,-4.638642684496217,53.301061793968515,271.3756054908878,-24.04342286792761,55.13430031503438,221.32060856572292,-75.92024902460207,59.93439044803352,1.6468172568172568,0.28345950345950355,0.26226699226699224,-0.021558811558811564,-0.011509971509971795,0.003,0.05321272283272288,34818301.52294937,15831454.287797105
U3:opamp_aol:+0.001,1.652820512820513,1.6491941391941394,213.62588309917209,39.26348060624602,53.6871775796122,275.3952545975478,4.454193590024396,53.993968473387596,276.1047309806023,-4.642014922114399,55.58360383343713,271.79171965567093,-24.27950714630495,56.399513774569115,220.95041791107025,-76.52244045150567,59.92682789688013,1.6526902726902728,0.283915343915344,0.26275132275132285,-0.021741961741961524,-0.01159137159137169,0.003,0.053370154660154656,33181211.754326336,15324454.637700722
U4:opamp_vos:+0.02,3.0284249084249084,1.6512087912087912,213.009272992146,39.40319426696291,53.003626214658524,275.4445182599793,4.46944168317032,53.50174033568635,276.2402939672426,-4.640977378522994,55.045768510606194,271.92075330230705,-24.01060975630113,56.95366198430928,222.0999837165612,-76.15806943792289,61.76298085785143,3.028783068783069,0.2228937728937732,0.22024013024013067,-0.01974358974358914,-0.011628001628001483,0.003,0.04356871794871804,33763772.815681666,16067204.082244301
U4:opamp_vos:+0.05,3.249230769230769,1.65,0.027860602800481533,39.167263082458504,37.95618749537414,0.033505427271776404,1.2152037438943384,40.48928397442865,0.0280307742226159,-12.494716473599212,38.112260617232224,0.029688072495843723,-29.542875434503163,39.5327855070187,0.02931329451807889,-79.53935123485806,37.720905099570956,3.248815628815629,0.0027838827838821967,-6.512006512049417e-05,-0.0031786731786729305,5.698005697940545e-05,0.061,8.262108261862799e-07,29054.59461816241,30008.127174323592
U4:opamp_aol:+0.01,1.6342857142857143,1.6512087912087912,211.85729929159004,39.19385150927129,52.67026955043542,273.1684142164124,4.427984131577262,53.72870664134183,273.7890066809658,-4.656671385501136,54.15869281252731,269.2325009042351,-24.221109557825297,56.651360055568524,218.93251461171917,-76.53945525855593,61.063478778217316,1.634090354090354,0.28103378103378085,0.26052096052096063,-0.021131461131461027,-0.011583231583231601,0.003,0.05291216931216919,35760613.74015516,16365597.197772102
U4:opamp_aol:+0.001,1.5456410256410256,1.6455677655677656,198.91318803916624,39.15323831654318,51.46796347973375,257.4342584760641,4.435120095648049,51.89402842943588,258.066902952167,-4.598898903960325,53.13397700344601,253.55633225822888,-24.137952876634653,56.76119372499278,206.40675243036245,-76.42387817101412,61.710339791733794,1.5460398860398863,0.2648677248677247,0.24542938542938542,-0.02052910052910062,-0.0107936507936508,0.003,0.04988548636548635,33903946.23157088,14922628.430133695
U5:opamp_vos:+0.02,1.6721611721611722,1.6495970695970696,213.10141943241328,39.21738940803279,52.37016950020721,275.2215031544143,4.4223522986180095,53.46511859105909,275.90768422948463,-4.634759172094328,54.41958088096467,271.8213442767307,-24.153825262550892,55.76747255912334,221.68157563221848,-76.39305897785593,60.22975877345288,1.6724216524216526,0.2842165242165242,0.2621408221408221,-0.021831501831501843,-0.011713471713471701,0.003,0.05336005698005698,32470831.903737705,15783632.132916575
U5:opamp_vos:+0.05,1.6995604395604396,1.6463736263736264,213.01204526188923,39.282784912172225,53.77834593832109,275.2992426473809,4.439724031583473,55.006480498617485,276.00580400939236,-4.62941876577214,54.928385891252425,271.833418693464,-24.096665119561514,57.34219377498337,222.36683342503017,-76.25192069896865,61.660975826460444,1.699234839234839,0.28376068376068386,0.26244200244200244,-0.021465201465201256,-0.011371591371591716,0.003,0.053344810744810844,32719488.24514827,15837049.369082967
U5:opamp_aol:+0.01,1.6455677655677656,1.6463736263736264,213.76958976790073,39.12341226995762,53.907653063821726,275.1801574531047,4.416744701573723,54.667669394574794,276.20491629143993,-4.593514674151583,56.48144493834898,272.50843064832236,-24.016638262446065,57.05695515457582,221.842437010897,-76.6296716416864,60.818277560244226,1.6460968660968658,0.28446886446886466,0.26247456247456236,-0.021953601953602186,-0.011615791615791515,0.003,0.05335423687423692,31523338.171022076,16013339.218153141
U5:opamp_aol:+0.001,1.6504029304029304,1.6487912087912089,213.3130750431746,39.11734839918706,54.32208282878402,274.80609826311,4.432887184263824,54.32348766636239,275.3854670688562,-4.63912296131046,54.68760759820603,271.31746282594094,-24.029310160994346,56.46581395635205,221.68422365097177,-75.81388770694902,60.71677753531762,1.6505331705331707,0.28337810337810354,0.2620350020350015,-0.021359381359381313,-0.01150183150183115,0.003,0.053241896621896594,33203572.33194202,15448471.253093949
U6:opamp_vos:+0.02,1.671758241758242,1.6713553113553115,213.51948245657013,39.19215622719044,54.32418246284612,275.18782300635655,4.429660263947876,55.65121976412236,275.79136161449935,-4.669988351440223,55.58242718610819,271.3064091893021,-24.307426370628065,56.81354051994688,219.51373488011558,-76.80155084384762,60.73248490085042,1.6720879120879124,0.2835205535205534,0.2624094424094424,-0.021294261294261152,-0.011436711436711433,0.003,0.05333448107448103,32670050.405187353,15992703.304445412
U6:opamp_vos:+0.05,1.6995604395604396,1.697948717948718,212.55500960652066,39.29783312221385,51.59397773818028,275.1373836755201,4.461626360914933,53.129476666095016,275.853504437469,-4.621370978038165,54.075690599742465,271.61514329501415,-24.20674566321644,57.190771399825366,221.6907348957143,-76.2960646177048,61.00555052414042,1.6993976393976393,0.2836385836385835,0.2623361823361825,-0.021465201465201256,-0.011640211640211673,0.003,0.053270565730565836,33389536.654968735,15937062.68533979
U6:opamp_aol:+0.01,1.6544322344322344,1.6504029304029304,214.16892443911448,39.035363882166024,53.625618738080675,275.65741885158286,4.401143563978824,55.217710440749656,276.2243766265972,-4.665506936254941,54.394569303060756,271.4799240098695,-24.194674271454026,56.21662050297882,220.82478000690068,-76.47846379825516,60.784157296373344,1.6546031746031746,0.2838176638176635,0.2631664631664634,-0.02152218152218177,-0.011542531542531487,0.003,0.05340696784696784,34573716.44823365,15957052.850826945
U6:opamp_aol:+0.001,1.6471794871794871,1.6471794871794871,213.20209350109485,39.25511191294994,51.34958366013098,275.35798722357737,4.455686470169496,51.60947806387664,276.0881938428381,-4.6490756167176714,52.30061182514896,271.59556073668796,-24.16301709346842,54.70618534716794,221.57753724864565,-76.47528794067287,58.50995811677505,1.6471916971916971,0.2836182336182336,0.26252747252747244,-0.021473341473341456,-0.011546601546601698,0.003,0.053349780219780214,34412794.86301452,15875777.355177872
U1:ina_vos:+0.005,1.652014652014652,1.6697435897435897,214.17214592787963,39.155070775463436,55.153506415583074,275.7984690030897,4.453077047378827,55.15459004973452,276.294074194427,-4.554332267237719,56.6131886382505,272.8180475132088,-23.923744565088178,57.003115133475845,223.04819254092124,-75.8568341471036,59.81173942532844,1.6517541717541717,0.28445665445665436,0.2633374033374032,-0.02179080179080184,-0.011444851444851523,0.003,0.05342734228734229,32375641.183836766,15758084.83813052
U1:ina_vos:+0.02,1.6504029304029304,1.730989010989011,213.9536868377781,39.29216204805497,54.569828624208625,275.6174965205909,4.434017077400126,55.93192434722479,276.15077054316026,-4.611193426342273,56.82511672799181,272.24870332182667,-24.032781761524614,58.028631495173535,221.66808254504647,-75.84647802361134,60.99974685337251,1.6499959299959304,0.2843956043956042,0.26254782254782216,-0.0218640618640622,-0.01168091168091201,0.003,0.05340989010989008,34017046.374826476,15484846.371153958
U1:ina_cmrr:+70,1.6504029304029304,1.6487912087912089,213.3803772370309,39.32756849624155,52.48049057618295,275.43059035332794,4.449653882501479,53.10430769151466,276.17582400950477,-4.648069494978466,53.22353628002246,271.8001046917986,-24.225948984383248,55.16840388771401,220.01295059323587,-76.4496738177136,58.77916419707874,1.6501098901098903,0.2839804639804637,0.2630280830280829,-0.021237281237280747,-0.011550671550671687,0.003,0.05337245421245417,33386734.620193064,16481150.408772117
U1:ina_cmrr:+50,1.6524175824175824,1.6495970695970696,213.4866452212582,39.24675347768202,49.27245028559271,275.7647430184171,4.427760896031481,49.731836842517524,276.4209513372564,-4.599032515371717,49.906606439924346,272.2267614890072,-24.237326118002432,49.95840139566923,221.25938199102586,-76.3881275696511,49.959505927669305,1.6522832722832723,0.28441188441188436,0.263080993080993,-0.022079772079772297,-0.011485551485551304,0.003,0.05342595441595434,30616569.02046521,15241138.457854763
U1:ina_gain:-0.05,1.6504029304029304,1.647985347985348,205.67168214543207,39.16594594824131,54.02696653209186,264.86382887026144,4.423750458315882,54.91520010750775,265.6572176465653,-4.644179164138177,55.9294591511922,261.80051999520794,-24.187985879480113,56.814342920174255,212.70078305920882,-76.60525254159619,60.161246871245524,1.6502808302808303,0.2736182336182338,0.25287749287749306,-0.0210663410663412,-0.011070411070411179,0.003,0.05134992266992269,30392543.79845464,15814388.76901629
U1:ina_gain:-0.2,1.6495970695970696,1.6495970695970696,181.42236652428775,39.23575023641286,55.30346728860167,233.72372701039225,4.43297866181711,55.67444544532215,234.35027419454988,-4.5649387671829835,56.74187991246323,231.1461570348902,-23.885755112742814,57.99437309003571,189.75160188540644,-76.29808515655381,62.31072802859582,1.6498738298738298,0.24144892144892194,0.2231908831908831,-0.018567358567358472,-0.009776149776149934,0.003,0.045301676841676825,26510185.313045617,13320466.90596972
la:electrode_off,1.6487912087912089,1.6487912087912089,4.215025264452852,38.940706309546485,-11.853692984750552,5.431423432491268,0.7283878400808503,-9.651241057235408,3.3284343349407615,-56.54261334256002,-13.904821298014,0.83398255647823,-104.59544620797507,-25.92649791970863,0.22642742294475474,-161.35803938441688,-37.251037467820524,1.6487952787952787,0.007879527879527948,0.005266585266585411,-0.00324786324786297,5.2910052909860283e-05,0.079,0.0009523076923076764,1649995220.179973,399172821.24972576
ra:electrode_off,1.650805860805861,1.6504029304029304,4.636478682434318,39.03393327596252,-11.0260527273388,5.953070582664919,2.3455960484584306,-8.854762740769946,4.130907022648808,-25.827996757183588,-12.028767736157278,2.6608428909954203,-18.047093003569877,-15.84942755164431,2.8358269148366544,-37.761584594326635,-15.29594257183039,1.6505860805860801,0.008327228327228098,0.005877085877086019,-0.003378103378102959,-7.733007733023989e-05,0.0535,0.0010897639397639126,1650001458.7814527,398505551.78219247
rl:electrode_off,1.65,1.6532234432234434,213.2442530366343,39.22908778050129,53.5096251225683,275.2147194919159,4.444226935003738,54.631435522588625,275.8574121851825,-4.629984514718352,58.23050057685424,271.6454677294998,-24.11510220794539,71.27595348068905,221.97087966347596,-76.26890062818896,89.53087001531095,1.6499226699226701,0.2837321937321937,0.2623768823768824,-0.021729751729751556,-0.011550671550671687,0.003,0.05333660968660974,33601698.83105013,15061234.890212692
la:electrode_high_z:+5,1.652820512820513,1.6487912087912089,211.2716745286846,39.34066711813548,33.027856801008504,272.41498860114905,4.409565585795725,33.78531705136827,272.4461073028269,-5.181609732180223,34.22028315596257,262.2322727664638,-25.64764253264778,37.40375087692406,207.88675546907857,-77.22693563465661,41.08249984306173,1.653072853072853,0.2752136752136751,0.2597069597069599,-0.016711436711436933,-0.01137973137973125,0.003,0.052681986161986154,88894675.57956204,36868083.10009596
la:electrode_high_z:+20,1.6495970695970696,1.6536263736263737,202.55238145538254,39.43152984227466,21.78931130078915,263.06052898442783,4.319574466694785,24.051496847827053,261.82876525142456,-7.096994121516239,24.01384570120633,234.87745423064507,-30.116334725119977,23.291638063498773,168.84384166221727,-79.28228889151723,26.624985775972718,1.6494586894586893,0.26472934472934495,0.25037851037851044,-0.015885225885225562,-0.011037851037851154,0.004,0.0507743304843305,260134794.5028903,106507579.53502811
ra:electrode_high_z:+5,1.6512087912087912,1.6495970695970696,211.00296912605998,39.3600799027446,33.580212621007085,272.5160364766228,4.423257714543319,33.60173218250985,272.82758083524624,-5.151101287659447,34.894194886024856,262.76862762028765,-25.467006214239664,36.66167518762532,209.364223464061,-76.9380152797169,39.919967114349525,1.651029711029711,0.2759788359788362,0.2596336996336994,-0.016939356939356776,-0.01161579161579196,0.003,0.05278197802197796,83980804.15873316,37967342.286818855
ra:electrode_high_z:+20,1.647985347985348,1.647985347985348,204.01394416505383,39.341316568794745,21.899703417982774,262.9376270215023,4.314634767186983,24.05166746961601,261.67645364068153,-7.187710522181372,24.0057785759873,232.32293270982584,-30.849330883458748,23.188600298312117,169.02461017283917,-80.38751004237226,26.32118659871098,1.648017908017908,0.2644037444037446,0.2509971509971507,-0.01574277574277594,-0.011054131054130778,0.004,0.05075820919820913,286828290.29003066,106135189.07473142
rl:electrode_high_z:+5,1.65,1.6487912087912089,212.59650790906358,39.446432856301996,52.228843683696766,275.5624095766963,4.469004897054648,53.68485913182452,276.17223049768495,-4.585512807886458,55.502195320792474,271.9124594215863,-23.952910950418033,56.8856705121996,221.97890235981612,-76.23511149012386,61.01274663085705,1.6498697598697598,0.2837810337810339,0.2621652421652422,-0.022218152218152487,-0.011693121693121866,0.003,0.05336442816442814,33302342.249583147,15241264.63816328
rl:electrode_high_z:+20,1.6495970695970696,1.6487912087912089,213.4888989506926,39.28110377083769,52.51855315002472,274.8904535908803,4.443380776674755,52.757428537735024,275.7704346555716,-4.613893685698738,53.42849726218205,271.9110526927648,-24.14064031085034,55.8402136402881,220.90490210247793,-76.5914490519266,59.63328445071074,1.6494912494912497,0.2842246642246644,0.26243386243386246,-0.021343101343101578,-0.011485551485551193,0.003,0.053271746031746045,34303350.62346866,16226073.174417937
la+ra:electrode_high_z:+5,1.652820512820513,1.6512087912087912,208.79163380353305,39.362028478704865,38.95226643075301,270.0383545886091,4.403185669646184,39.42989545105939,269.90414211755996,-5.7957974120256335,39.98320676030755,253.34606801150093,-26.96590610589888,42.24862260759612,195.77192807839242,-77.6840025478757,45.50937939687374,1.6532356532356531,0.2718518518518518,0.2573626373626374,-0.016157916157916175,-0.011159951159951387,0.003,0.052206259666259726,141905707.55702412,57586827.09736393
la+ra:electrode_high_z:+20,1.6512087912087912,1.6463736263736264,194.01092861903052,39.29083511441026,29.215559368462706,250.5108522638562,4.177335764109649,29.857273114459417,245.32144547480885,-9.840450658645779,27.822352971207188,196.87483234343455,-36.664922568057676,27.92342542061723,132.19820361951906,-83.65936659880579,31.881728218949515,1.6515669515669518,0.25148555148555163,0.23922669922669937,-0.01520553520553558,-0.010468050468050327,0.007,0.048155229955229896,511730791.01809204,170641399.93914604
